0 verbose cli C:\Program Files\nodejs\node.exe C:\Program Files\nodejs\node_modules\npm\bin\npm-cli.js
1 info using npm@11.6.2
2 info using node@v24.12.0
3 silly config load:file:C:\Program Files\nodejs\node_modules\npm\npmrc
4 silly config load:file:C:\Users\FRAN\MAINTELLIGENCE\Mainteligence\functions\.npmrc
5 silly config load:file:C:\Users\FRAN\.npmrc
6 silly config load:file:C:\Users\FRAN\MAINTELLIGENCE\Mainteligence\functions\etc\npmrc
7 verbose title npm install
8 verbose argv "--prefix" "functions" "install"
9 verbose logfile logs-max:10 dir:C:\Users\FRAN\MAINTELLIGENCE\Mainteligence\.npm-cache\_logs\2026-03-25T02_06_03_881Z-
10 verbose logfile C:\Users\FRAN\MAINTELLIGENCE\Mainteligence\.npm-cache\_logs\2026-03-25T02_06_03_881Z-debug-0.log
11 silly logfile done cleaning log files
12 silly packumentCache heap:4496293888 maxSize:1124073472 maxEntrySize:562036736
13 silly idealTree buildDeps
14 warn EBADENGINE Unsupported engine {
14 warn EBADENGINE   package: undefined,
14 warn EBADENGINE   required: { node: '20' },
14 warn EBADENGINE   current: { node: 'v24.12.0', npm: '11.6.2' }
14 warn EBADENGINE }
15 silly reify moves {}
16 silly audit bulk request {
16 silly audit   '@babel/code-frame': [ '7.27.1' ],
16 silly audit   '@babel/compat-data': [ '7.28.5' ],
16 silly audit   '@babel/core': [ '7.28.5' ],
16 silly audit   debug: [ '4.4.3', '2.6.9' ],
16 silly audit   ms: [ '2.1.3', '2.0.0' ],
16 silly audit   '@babel/generator': [ '7.28.5' ],
16 silly audit   '@babel/helper-compilation-targets': [ '7.27.2' ],
16 silly audit   '@babel/helper-globals': [ '7.28.0' ],
16 silly audit   '@babel/helper-module-imports': [ '7.27.1' ],
16 silly audit   '@babel/helper-module-transforms': [ '7.28.3' ],
16 silly audit   '@babel/helper-plugin-utils': [ '7.27.1' ],
16 silly audit   '@babel/helper-string-parser': [ '7.27.1' ],
16 silly audit   '@babel/helper-validator-identifier': [ '7.28.5' ],
16 silly audit   '@babel/helper-validator-option': [ '7.27.1' ],
16 silly audit   '@babel/helpers': [ '7.28.4' ],
16 silly audit   '@babel/parser': [ '7.28.5' ],
16 silly audit   '@babel/plugin-syntax-async-generators': [ '7.8.4' ],
16 silly audit   '@babel/plugin-syntax-bigint': [ '7.8.3' ],
16 silly audit   '@babel/plugin-syntax-class-properties': [ '7.12.13' ],
16 silly audit   '@babel/plugin-syntax-class-static-block': [ '7.14.5' ],
16 silly audit   '@babel/plugin-syntax-import-attributes': [ '7.27.1' ],
16 silly audit   '@babel/plugin-syntax-import-meta': [ '7.10.4' ],
16 silly audit   '@babel/plugin-syntax-json-strings': [ '7.8.3' ],
16 silly audit   '@babel/plugin-syntax-jsx': [ '7.27.1' ],
16 silly audit   '@babel/plugin-syntax-logical-assignment-operators': [ '7.10.4' ],
16 silly audit   '@babel/plugin-syntax-nullish-coalescing-operator': [ '7.8.3' ],
16 silly audit   '@babel/plugin-syntax-numeric-separator': [ '7.10.4' ],
16 silly audit   '@babel/plugin-syntax-object-rest-spread': [ '7.8.3' ],
16 silly audit   '@babel/plugin-syntax-optional-catch-binding': [ '7.8.3' ],
16 silly audit   '@babel/plugin-syntax-optional-chaining': [ '7.8.3' ],
16 silly audit   '@babel/plugin-syntax-private-property-in-object': [ '7.14.5' ],
16 silly audit   '@babel/plugin-syntax-top-level-await': [ '7.14.5' ],
16 silly audit   '@babel/plugin-syntax-typescript': [ '7.27.1' ],
16 silly audit   '@babel/template': [ '7.27.2' ],
16 silly audit   '@babel/traverse': [ '7.28.5' ],
16 silly audit   '@babel/types': [ '7.28.5' ],
16 silly audit   '@bcoe/v8-coverage': [ '0.2.3' ],
16 silly audit   '@emnapi/core': [ '1.7.1' ],
16 silly audit   '@emnapi/runtime': [ '1.7.1' ],
16 silly audit   '@emnapi/wasi-threads': [ '1.1.0' ],
16 silly audit   '@fastify/busboy': [ '3.2.0' ],
16 silly audit   '@firebase/app-check-interop-types': [ '0.3.3' ],
16 silly audit   '@firebase/app-types': [ '0.9.3' ],
16 silly audit   '@firebase/auth-interop-types': [ '0.2.4' ],
16 silly audit   '@firebase/component': [ '0.7.0' ],
16 silly audit   '@firebase/database': [ '1.1.0' ],
16 silly audit   '@firebase/database-compat': [ '2.1.0' ],
16 silly audit   '@firebase/database-types': [ '1.0.16' ],
16 silly audit   '@firebase/logger': [ '0.5.0' ],
16 silly audit   '@firebase/util': [ '1.13.0' ],
16 silly audit   '@google-cloud/firestore': [ '7.11.6' ],
16 silly audit   '@google-cloud/paginator': [ '5.0.2' ],
16 silly audit   '@google-cloud/projectify': [ '4.0.0' ],
16 silly audit   '@google-cloud/promisify': [ '4.0.0' ],
16 silly audit   '@google-cloud/storage': [ '7.18.0' ],
16 silly audit   uuid: [ '8.3.2', '9.0.1', '11.1.0' ],
16 silly audit   '@grpc/grpc-js': [ '1.14.3' ],
16 silly audit   '@grpc/proto-loader': [ '0.8.0', '0.7.15' ],
16 silly audit   '@isaacs/cliui': [ '8.0.2' ],
16 silly audit   '@istanbuljs/load-nyc-config': [ '1.1.0' ],
16 silly audit   '@istanbuljs/schema': [ '0.1.3' ],
16 silly audit   '@jest/console': [ '30.2.0' ],
16 silly audit   '@jest/core': [ '30.2.0' ],
16 silly audit   '@jest/diff-sequences': [ '30.0.1' ],
16 silly audit   '@jest/environment': [ '30.2.0' ],
16 silly audit   '@jest/expect': [ '30.2.0' ],
16 silly audit   '@jest/expect-utils': [ '30.2.0' ],
16 silly audit   '@jest/fake-timers': [ '30.2.0' ],
16 silly audit   '@jest/get-type': [ '30.1.0' ],
16 silly audit   '@jest/globals': [ '30.2.0' ],
16 silly audit   '@jest/pattern': [ '30.0.1' ],
16 silly audit   '@jest/reporters': [ '30.2.0' ],
16 silly audit   '@jest/schemas': [ '30.0.5' ],
16 silly audit   '@jest/snapshot-utils': [ '30.2.0' ],
16 silly audit   '@jest/source-map': [ '30.0.1' ],
16 silly audit   '@jest/test-result': [ '30.2.0' ],
16 silly audit   '@jest/test-sequencer': [ '30.2.0' ],
16 silly audit   '@jest/transform': [ '30.2.0' ],
16 silly audit   '@jest/types': [ '30.2.0' ],
16 silly audit   '@jridgewell/gen-mapping': [ '0.3.13' ],
16 silly audit   '@jridgewell/remapping': [ '2.3.5' ],
16 silly audit   '@jridgewell/resolve-uri': [ '3.1.2' ],
16 silly audit   '@jridgewell/sourcemap-codec': [ '1.5.5' ],
16 silly audit   '@jridgewell/trace-mapping': [ '0.3.31' ],
16 silly audit   '@js-sdsl/ordered-map': [ '4.4.2' ],
16 silly audit   '@napi-rs/wasm-runtime': [ '0.2.12' ],
16 silly audit   '@opentelemetry/api': [ '1.9.0' ],
16 silly audit   '@pkgjs/parseargs': [ '0.11.0' ],
16 silly audit   '@pkgr/core': [ '0.2.9' ],
16 silly audit   '@protobufjs/aspromise': [ '1.1.2' ],
16 silly audit   '@protobufjs/base64': [ '1.1.2' ],
16 silly audit   '@protobufjs/codegen': [ '2.0.4' ],
16 silly audit   '@protobufjs/eventemitter': [ '1.1.0' ],
16 silly audit   '@protobufjs/fetch': [ '1.1.0' ],
16 silly audit   '@protobufjs/float': [ '1.0.2' ],
16 silly audit   '@protobufjs/inquire': [ '1.1.0' ],
16 silly audit   '@protobufjs/path': [ '1.1.2' ],
16 silly audit   '@protobufjs/pool': [ '1.1.0' ],
16 silly audit   '@protobufjs/utf8': [ '1.1.0' ],
16 silly audit   '@react-email/render': [ '1.1.2' ],
16 silly audit   '@selderee/plugin-htmlparser2': [ '0.11.0' ],
16 silly audit   '@sinclair/typebox': [ '0.34.46' ],
16 silly audit   '@sinonjs/commons': [ '3.0.1' ],
16 silly audit   '@sinonjs/fake-timers': [ '13.0.5' ],
16 silly audit   '@swc/helpers': [ '0.3.17' ],
16 silly audit   '@tootallnate/once': [ '2.0.0' ],
16 silly audit   '@tybys/wasm-util': [ '0.10.1' ],
16 silly audit   '@types/babel__core': [ '7.20.5' ],
16 silly audit   '@types/babel__generator': [ '7.27.0' ],
16 silly audit   '@types/babel__template': [ '7.4.4' ],
16 silly audit   '@types/babel__traverse': [ '7.28.0' ],
16 silly audit   '@types/body-parser': [ '1.19.6' ],
16 silly audit   '@types/caseless': [ '0.12.5' ],
16 silly audit   '@types/connect': [ '3.4.38' ],
16 silly audit   '@types/cors': [ '2.8.19' ],
16 silly audit   '@types/express': [ '4.17.25' ],
16 silly audit   '@types/express-serve-static-core': [ '4.19.7' ],
16 silly audit   '@types/http-errors': [ '2.0.5' ],
16 silly audit   '@types/istanbul-lib-coverage': [ '2.0.6' ],
16 silly audit   '@types/istanbul-lib-report': [ '3.0.3' ],
16 silly audit   '@types/istanbul-reports': [ '3.0.4' ],
16 silly audit   '@types/jsonwebtoken': [ '9.0.10' ],
16 silly audit   '@types/lodash': [ '4.17.21' ],
16 silly audit   '@types/long': [ '4.0.2' ],
16 silly audit   '@types/mime': [ '1.3.5' ],
16 silly audit   '@types/ms': [ '2.1.0' ],
16 silly audit   '@types/node': [ '22.19.3' ],
16 silly audit   '@types/qs': [ '6.14.0' ],
16 silly audit   '@types/range-parser': [ '1.2.7' ],
16 silly audit   '@types/request': [ '2.48.13' ],
16 silly audit   '@types/send': [ '1.2.1', '0.17.6' ],
16 silly audit   '@types/serve-static': [ '1.15.10' ],
16 silly audit   '@types/stack-utils': [ '2.0.3' ],
16 silly audit   '@types/tough-cookie': [ '4.0.5' ],
16 silly audit   '@types/yargs': [ '17.0.35' ],
16 silly audit   '@types/yargs-parser': [ '21.0.3' ],
16 silly audit   '@ungap/structured-clone': [ '1.3.0' ],
16 silly audit   '@unrs/resolver-binding-android-arm-eabi': [ '1.11.1' ],
16 silly audit   '@unrs/resolver-binding-android-arm64': [ '1.11.1' ],
16 silly audit   '@unrs/resolver-binding-darwin-arm64': [ '1.11.1' ],
16 silly audit   '@unrs/resolver-binding-darwin-x64': [ '1.11.1' ],
16 silly audit   '@unrs/resolver-binding-freebsd-x64': [ '1.11.1' ],
16 silly audit   '@unrs/resolver-binding-linux-arm-gnueabihf': [ '1.11.1' ],
16 silly audit   '@unrs/resolver-binding-linux-arm-musleabihf': [ '1.11.1' ],
16 silly audit   '@unrs/resolver-binding-linux-arm64-gnu': [ '1.11.1' ],
16 silly audit   '@unrs/resolver-binding-linux-arm64-musl': [ '1.11.1' ],
16 silly audit   '@unrs/resolver-binding-linux-ppc64-gnu': [ '1.11.1' ],
16 silly audit   '@unrs/resolver-binding-linux-riscv64-gnu': [ '1.11.1' ],
16 silly audit   '@unrs/resolver-binding-linux-riscv64-musl': [ '1.11.1' ],
16 silly audit   '@unrs/resolver-binding-linux-s390x-gnu': [ '1.11.1' ],
16 silly audit   '@unrs/resolver-binding-linux-x64-gnu': [ '1.11.1' ],
16 silly audit   '@unrs/resolver-binding-linux-x64-musl': [ '1.11.1' ],
16 silly audit   '@unrs/resolver-binding-wasm32-wasi': [ '1.11.1' ],
16 silly audit   '@unrs/resolver-binding-win32-arm64-msvc': [ '1.11.1' ],
16 silly audit   '@unrs/resolver-binding-win32-ia32-msvc': [ '1.11.1' ],
16 silly audit   '@unrs/resolver-binding-win32-x64-msvc': [ '1.11.1' ],
16 silly audit   'abort-controller': [ '3.0.0' ],
16 silly audit   accepts: [ '1.3.8' ],
16 silly audit   'agent-base': [ '7.1.4', '6.0.2' ],
16 silly audit   'ansi-escapes': [ '4.3.2' ],
16 silly audit   'ansi-regex': [ '6.2.2', '5.0.1' ],
16 silly audit   'ansi-styles': [ '4.3.0', '5.2.0', '6.2.3' ],
16 silly audit   anymatch: [ '3.1.3' ],
16 silly audit   argparse: [ '1.0.10' ],
16 silly audit   'array-buffer-byte-length': [ '1.0.2' ],
16 silly audit   'array-flatten': [ '1.1.1' ],
16 silly audit   arrify: [ '2.0.1' ],
16 silly audit   'async-retry': [ '1.3.3' ],
16 silly audit   asynckit: [ '0.4.0' ],
16 silly audit   'available-typed-arrays': [ '1.0.7' ],
16 silly audit   'babel-jest': [ '30.2.0' ],
16 silly audit   'babel-plugin-istanbul': [ '7.0.1' ],
16 silly audit   'babel-plugin-jest-hoist': [ '30.2.0' ],
16 silly audit   'babel-preset-current-node-syntax': [ '1.2.0' ],
16 silly audit   'babel-preset-jest': [ '30.2.0' ],
16 silly audit   'balanced-match': [ '1.0.2' ],
16 silly audit   'base64-js': [ '1.5.1', '0.0.8' ],
16 silly audit   'baseline-browser-mapping': [ '2.9.11' ],
16 silly audit   'bignumber.js': [ '9.3.1' ],
16 silly audit   'body-parser': [ '1.20.4' ],
16 silly audit   'brace-expansion': [ '2.0.2', '1.1.12' ],
16 silly audit   braces: [ '3.0.3' ],
16 silly audit   brotli: [ '1.3.3' ],
16 silly audit   browserslist: [ '4.28.1' ],
16 silly audit   bser: [ '2.1.1' ],
16 silly audit   'buffer-equal-constant-time': [ '1.0.1' ],
16 silly audit   'buffer-from': [ '1.1.2' ],
16 silly audit   bytes: [ '3.1.2' ],
16 silly audit   'call-bind': [ '1.0.8' ],
16 silly audit   'call-bind-apply-helpers': [ '1.0.2' ],
16 silly audit   'call-bound': [ '1.0.4' ],
16 silly audit   callsites: [ '3.1.0' ],
16 silly audit   camelcase: [ '5.3.1', '6.3.0' ],
16 silly audit   'caniuse-lite': [ '1.0.30001762' ],
16 silly audit   chalk: [ '4.1.2' ],
16 silly audit   'char-regex': [ '1.0.2' ],
16 silly audit   'ci-info': [ '4.3.1' ],
16 silly audit   'cjs-module-lexer': [ '2.1.1' ],
16 silly audit   cliui: [ '8.0.1' ],
16 silly audit   'emoji-regex': [ '8.0.0', '9.2.2' ],
16 silly audit   'string-width': [ '4.2.3', '5.1.2' ],
16 silly audit   'strip-ansi': [ '6.0.1', '7.1.2' ],
16 silly audit   'wrap-ansi': [ '7.0.0', '8.1.0' ],
16 silly audit   clone: [ '2.1.2' ],
16 silly audit   co: [ '4.6.0' ],
16 silly audit   'collect-v8-coverage': [ '1.0.3' ],
16 silly audit   'color-convert': [ '2.0.1' ],
16 silly audit   'color-name': [ '1.1.4' ],
16 silly audit   'combined-stream': [ '1.0.8' ],
16 silly audit   'concat-map': [ '0.0.1' ],
16 silly audit   'content-disposition': [ '0.5.4' ],
16 silly audit   'content-type': [ '1.0.5' ],
16 silly audit   'convert-source-map': [ '2.0.0' ],
16 silly audit   cookie: [ '0.7.2' ],
16 silly audit   'cookie-signature': [ '1.0.7' ],
16 silly audit   cors: [ '2.8.5' ],
16 silly audit   'cross-spawn': [ '7.0.6' ],
16 silly audit   'crypto-js': [ '4.2.0' ],
16 silly audit   dedent: [ '1.7.1' ],
16 silly audit   'deep-equal': [ '2.2.3' ],
16 silly audit   deepmerge: [ '4.3.1' ],
16 silly audit   'define-data-property': [ '1.1.4' ],
16 silly audit   'define-properties': [ '1.2.1' ],
16 silly audit   'delayed-stream': [ '1.0.0' ],
16 silly audit   depd: [ '2.0.0' ],
16 silly audit   destroy: [ '1.2.0' ],
16 silly audit   'detect-newline': [ '3.1.0' ],
16 silly audit   dfa: [ '1.2.0' ],
16 silly audit   'dom-serializer': [ '2.0.0' ],
16 silly audit   domelementtype: [ '2.3.0' ],
16 silly audit   domhandler: [ '5.0.3' ],
16 silly audit   domutils: [ '3.2.2' ],
16 silly audit   'dunder-proto': [ '1.0.1' ],
16 silly audit   duplexify: [ '4.1.3' ],
16 silly audit   eastasianwidth: [ '0.2.0' ],
16 silly audit   'ecdsa-sig-formatter': [ '1.0.11' ],
16 silly audit   'ee-first': [ '1.1.1' ],
16 silly audit   'electron-to-chromium': [ '1.5.267' ],
16 silly audit   emittery: [ '0.13.1' ],
16 silly audit   encodeurl: [ '2.0.0' ],
16 silly audit   'end-of-stream': [ '1.4.5' ],
16 silly audit   entities: [ '4.5.0' ],
16 silly audit   'error-ex': [ '1.3.4' ],
16 silly audit   'es-define-property': [ '1.0.1' ],
16 silly audit   'es-errors': [ '1.3.0' ],
16 silly audit   'es-get-iterator': [ '1.1.3' ],
16 silly audit   'es-object-atoms': [ '1.1.1' ],
16 silly audit   'es-set-tostringtag': [ '2.1.0' ],
16 silly audit   escalade: [ '3.2.0' ],
16 silly audit   'escape-html': [ '1.0.3' ],
16 silly audit   'escape-string-regexp': [ '2.0.0' ],
16 silly audit   esprima: [ '4.0.1' ],
16 silly audit   etag: [ '1.8.1' ],
16 silly audit   'event-target-shim': [ '5.0.1' ],
16 silly audit   execa: [ '5.1.1' ],
16 silly audit   'signal-exit': [ '3.0.7', '4.1.0' ],
16 silly audit   'exit-x': [ '0.2.2' ],
16 silly audit   expect: [ '30.2.0' ],
16 silly audit   express: [ '4.22.1' ],
16 silly audit   extend: [ '3.0.2' ],
16 silly audit   'farmhash-modern': [ '1.1.0' ],
16 silly audit   'fast-deep-equal': [ '3.1.3', '2.0.1' ],
16 silly audit   'fast-json-stable-stringify': [ '2.1.0' ],
16 silly audit   'fast-xml-parser': [ '4.5.3' ],
16 silly audit   'faye-websocket': [ '0.11.4' ],
16 silly audit   'fb-watchman': [ '2.0.2' ],
16 silly audit   'fill-range': [ '7.1.1' ],
16 silly audit   finalhandler: [ '1.3.2' ],
16 silly audit   'find-up': [ '4.1.0' ],
16 silly audit   'firebase-admin': [ '13.6.0' ],
16 silly audit   'firebase-functions': [ '7.0.2' ],
16 silly audit   'firebase-functions-test': [ '3.4.1' ],
16 silly audit   fontkit: [ '1.9.0' ],
16 silly audit   'for-each': [ '0.3.5' ],
16 silly audit   'foreground-child': [ '3.3.1' ],
16 silly audit   'form-data': [ '2.5.5' ],
16 silly audit   forwarded: [ '0.2.0' ],
16 silly audit   fresh: [ '0.5.2' ],
16 silly audit   'fs.realpath': [ '1.0.0' ],
16 silly audit   fsevents: [ '2.3.3' ],
16 silly audit   'function-bind': [ '1.1.2' ],
16 silly audit   'functional-red-black-tree': [ '1.0.1' ],
16 silly audit   'functions-have-names': [ '1.2.3' ],
16 silly audit   gaxios: [ '6.7.1' ],
16 silly audit   'gcp-metadata': [ '6.1.1' ],
16 silly audit   gensync: [ '1.0.0-beta.2' ],
16 silly audit   'get-caller-file': [ '2.0.5' ],
16 silly audit   'get-intrinsic': [ '1.3.0' ],
16 silly audit   'get-package-type': [ '0.1.0' ],
16 silly audit   'get-proto': [ '1.0.1' ],
16 silly audit   'get-stream': [ '6.0.1' ],
16 silly audit   glob: [ '10.5.0', '7.2.3' ],
16 silly audit   'google-auth-library': [ '9.15.1' ],
16 silly audit   'google-gax': [ '4.6.1' ],
16 silly audit   'google-logging-utils': [ '0.0.2' ],
16 silly audit   gopd: [ '1.2.0' ],
16 silly audit   'graceful-fs': [ '4.2.11' ],
16 silly audit   gtoken: [ '7.1.0' ],
16 silly audit   'has-bigints': [ '1.1.0' ],
16 silly audit   'has-flag': [ '4.0.0' ],
16 silly audit   'has-property-descriptors': [ '1.0.2' ],
16 silly audit   'has-symbols': [ '1.1.0' ],
16 silly audit   'has-tostringtag': [ '1.0.2' ],
16 silly audit   hasown: [ '2.0.2' ],
16 silly audit   'html-entities': [ '2.6.0' ],
16 silly audit   'html-escaper': [ '2.0.2' ],
16 silly audit   'html-to-text': [ '9.0.5' ],
16 silly audit   htmlparser2: [ '8.0.2' ],
16 silly audit   'http-errors': [ '2.0.1' ],
16 silly audit   'http-parser-js': [ '0.5.10' ],
16 silly audit   'http-proxy-agent': [ '5.0.0' ],
16 silly audit   'https-proxy-agent': [ '7.0.6', '5.0.1' ],
16 silly audit   'human-signals': [ '2.1.0' ],
16 silly audit   'iconv-lite': [ '0.4.24' ],
16 silly audit   'import-local': [ '3.2.0' ],
16 silly audit   imurmurhash: [ '0.1.4' ],
16 silly audit   inflight: [ '1.0.6' ],
16 silly audit   inherits: [ '2.0.4' ],
16 silly audit   'internal-slot': [ '1.1.0' ],
16 silly audit   'ipaddr.js': [ '1.9.1' ],
16 silly audit   'is-arguments': [ '1.2.0' ],
16 silly audit   'is-array-buffer': [ '3.0.5' ],
16 silly audit   'is-arrayish': [ '0.2.1' ],
16 silly audit   'is-bigint': [ '1.1.0' ],
16 silly audit   'is-boolean-object': [ '1.2.2' ],
16 silly audit   'is-callable': [ '1.2.7' ],
16 silly audit   'is-date-object': [ '1.1.0' ],
16 silly audit   'is-fullwidth-code-point': [ '3.0.0' ],
16 silly audit   'is-generator-fn': [ '2.1.0' ],
16 silly audit   'is-map': [ '2.0.3' ],
16 silly audit   'is-number': [ '7.0.0' ],
16 silly audit   'is-number-object': [ '1.1.1' ],
16 silly audit   'is-regex': [ '1.2.1' ],
16 silly audit   'is-set': [ '2.0.3' ],
16 silly audit   'is-shared-array-buffer': [ '1.0.4' ],
16 silly audit   'is-stream': [ '2.0.1' ],
16 silly audit   'is-string': [ '1.1.1' ],
16 silly audit   'is-symbol': [ '1.1.1' ],
16 silly audit   'is-weakmap': [ '2.0.2' ],
16 silly audit   'is-weakset': [ '2.0.4' ],
16 silly audit   isarray: [ '2.0.5' ],
16 silly audit   isexe: [ '2.0.0' ],
16 silly audit   'istanbul-lib-coverage': [ '3.2.2' ],
16 silly audit   'istanbul-lib-instrument': [ '6.0.3' ],
16 silly audit   semver: [ '7.7.3', '6.3.1' ],
16 silly audit   'istanbul-lib-report': [ '3.0.1' ],
16 silly audit   'istanbul-lib-source-maps': [ '5.0.6' ],
16 silly audit   'istanbul-reports': [ '3.2.0' ],
16 silly audit   jackspeak: [ '3.4.3' ],
16 silly audit   jest: [ '30.2.0' ],
16 silly audit   'jest-changed-files': [ '30.2.0' ],
16 silly audit   'jest-circus': [ '30.2.0' ],
16 silly audit   'jest-cli': [ '30.2.0' ],
16 silly audit   'jest-config': [ '30.2.0' ],
16 silly audit   'jest-diff': [ '30.2.0' ],
16 silly audit   'jest-docblock': [ '30.2.0' ],
16 silly audit   'jest-each': [ '30.2.0' ],
16 silly audit   'jest-environment-node': [ '30.2.0' ],
16 silly audit   'jest-haste-map': [ '30.2.0' ],
16 silly audit   'jest-leak-detector': [ '30.2.0' ],
16 silly audit   'jest-matcher-utils': [ '30.2.0' ],
16 silly audit   'jest-message-util': [ '30.2.0' ],
16 silly audit   'jest-mock': [ '30.2.0' ],
16 silly audit   'jest-pnp-resolver': [ '1.2.3' ],
16 silly audit   'jest-regex-util': [ '30.0.1' ],
16 silly audit   'jest-resolve': [ '30.2.0' ],
16 silly audit   'jest-resolve-dependencies': [ '30.2.0' ],
16 silly audit   'jest-runner': [ '30.2.0' ],
16 silly audit   'jest-runtime': [ '30.2.0' ],
16 silly audit   'jest-snapshot': [ '30.2.0' ],
16 silly audit   'jest-util': [ '30.2.0' ],
16 silly audit   picomatch: [ '4.0.3', '2.3.1' ],
16 silly audit   'jest-validate': [ '30.2.0' ],
16 silly audit   'jest-watcher': [ '30.2.0' ],
16 silly audit   'jest-worker': [ '30.2.0' ],
16 silly audit   'supports-color': [ '8.1.1', '7.2.0' ],
16 silly audit   jose: [ '4.15.9' ],
16 silly audit   'jpeg-exif': [ '1.1.4' ],
16 silly audit   'js-tokens': [ '4.0.0' ],
16 silly audit   'js-yaml': [ '3.14.2' ],
16 silly audit   jsesc: [ '3.1.0' ],
16 silly audit   'json-bigint': [ '1.0.0' ],
16 silly audit   'json-parse-even-better-errors': [ '2.3.1' ],
16 silly audit   json5: [ '2.2.3' ],
16 silly audit   jsonwebtoken: [ '9.0.3' ],
16 silly audit   jwa: [ '2.0.1' ],
16 silly audit   'jwks-rsa': [ '3.2.0' ],
16 silly audit   jws: [ '4.0.1' ],
16 silly audit   leac: [ '0.6.0' ],
16 silly audit   leven: [ '3.1.0' ],
16 silly audit   limiter: [ '1.1.5' ],
16 silly audit   linebreak: [ '1.1.0' ],
16 silly audit   'lines-and-columns': [ '1.2.4' ],
16 silly audit   'locate-path': [ '5.0.0' ],
16 silly audit   lodash: [ '4.17.21' ],
16 silly audit   'lodash.camelcase': [ '4.3.0' ],
16 silly audit   'lodash.clonedeep': [ '4.5.0' ],
16 silly audit   'lodash.includes': [ '4.3.0' ],
16 silly audit   'lodash.isboolean': [ '3.0.3' ],
16 silly audit   'lodash.isinteger': [ '4.0.4' ],
16 silly audit   'lodash.isnumber': [ '3.0.3' ],
16 silly audit   'lodash.isplainobject': [ '4.0.6' ],
16 silly audit   'lodash.isstring': [ '4.0.1' ],
16 silly audit   'lodash.once': [ '4.1.1' ],
16 silly audit   long: [ '5.3.2' ],
16 silly audit   'lru-cache': [ '5.1.1', '6.0.0', '10.4.3' ],
16 silly audit   'lru-memoizer': [ '2.3.0' ],
16 silly audit   yallist: [ '4.0.0', '3.1.1' ],
16 silly audit   'make-dir': [ '4.0.0' ],
16 silly audit   makeerror: [ '1.0.12' ],
16 silly audit   'math-intrinsics': [ '1.1.0' ],
16 silly audit   'media-typer': [ '0.3.0' ],
16 silly audit   'merge-descriptors': [ '1.0.3' ],
16 silly audit   'merge-stream': [ '2.0.0' ],
16 silly audit   methods: [ '1.1.2' ],
16 silly audit   micromatch: [ '4.0.8' ],
16 silly audit   mime: [ '3.0.0', '1.6.0' ],
16 silly audit   'mime-db': [ '1.52.0' ],
16 silly audit   'mime-types': [ '2.1.35' ],
16 silly audit   'mimic-fn': [ '2.1.0' ],
16 silly audit   minimatch: [ '9.0.5', '3.1.2' ],
16 silly audit   minipass: [ '7.1.2' ],
16 silly audit   'napi-postinstall': [ '0.3.4' ],
16 silly audit   'natural-compare': [ '1.4.0' ],
16 silly audit   negotiator: [ '0.6.3' ],
16 silly audit   'node-fetch': [ '2.7.0' ],
16 silly audit   'node-forge': [ '1.3.3' ],
16 silly audit   'node-int64': [ '0.4.0' ],
16 silly audit   'node-releases': [ '2.0.27' ],
16 silly audit   'normalize-path': [ '3.0.0' ],
16 silly audit   'npm-run-path': [ '4.0.1' ],
16 silly audit   'object-assign': [ '4.1.1' ],
16 silly audit   'object-hash': [ '3.0.0' ],
16 silly audit   'object-inspect': [ '1.13.4' ],
16 silly audit   'object-is': [ '1.1.6' ],
16 silly audit   'object-keys': [ '1.1.1' ],
16 silly audit   'object.assign': [ '4.1.7' ],
16 silly audit   'on-finished': [ '2.4.1' ],
16 silly audit   once: [ '1.4.0' ],
16 silly audit   onetime: [ '5.1.2' ],
16 silly audit   'p-limit': [ '3.1.0', '2.3.0' ],
16 silly audit   'p-locate': [ '4.1.0' ],
16 silly audit   'p-try': [ '2.2.0' ],
16 silly audit   'package-json-from-dist': [ '1.0.1' ],
16 silly audit   pako: [ '0.2.9' ],
16 silly audit   'parse-json': [ '5.2.0' ],
16 silly audit   parseley: [ '0.12.1' ],
16 silly audit   parseurl: [ '1.3.3' ],
16 silly audit   'path-exists': [ '4.0.0' ],
16 silly audit   'path-is-absolute': [ '1.0.1' ],
16 silly audit   'path-key': [ '3.1.1' ],
16 silly audit   'path-scurry': [ '1.11.1' ],
16 silly audit   'path-to-regexp': [ '0.1.12' ],
16 silly audit   pdfkit: [ '0.15.2' ],
16 silly audit   peberminta: [ '0.9.0' ],
16 silly audit   picocolors: [ '1.1.1' ],
16 silly audit   pirates: [ '4.0.7' ],
16 silly audit   'pkg-dir': [ '4.2.0' ],
16 silly audit   'png-js': [ '1.0.0' ],
16 silly audit   'possible-typed-array-names': [ '1.1.0' ],
16 silly audit   prettier: [ '3.7.4' ],
16 silly audit   'pretty-format': [ '30.2.0' ],
16 silly audit   'proto3-json-serializer': [ '2.0.2' ],
16 silly audit   protobufjs: [ '7.5.4' ],
16 silly audit   'proxy-addr': [ '2.0.7' ],
16 silly audit   'pure-rand': [ '7.0.1' ],
16 silly audit   qs: [ '6.14.1' ],
16 silly audit   'range-parser': [ '1.2.1' ],
16 silly audit   'raw-body': [ '2.5.3' ],
16 silly audit   react: [ '19.2.3' ],
16 silly audit   'react-dom': [ '19.2.3' ],
16 silly audit   'react-is': [ '18.3.1' ],
16 silly audit   'react-promise-suspense': [ '0.3.4' ],
16 silly audit   'readable-stream': [ '3.6.2' ],
16 silly audit   'regexp.prototype.flags': [ '1.5.4' ],
16 silly audit   'require-directory': [ '2.1.1' ],
16 silly audit   resend: [ '4.8.0' ],
16 silly audit   'resolve-cwd': [ '3.0.0' ],
16 silly audit   'resolve-from': [ '5.0.0' ],
16 silly audit   restructure: [ '2.0.1' ],
16 silly audit   retry: [ '0.13.1' ],
16 silly audit   'retry-request': [ '7.0.2' ],
16 silly audit   'safe-buffer': [ '5.2.1' ],
16 silly audit   'safe-regex-test': [ '1.1.0' ],
16 silly audit   'safer-buffer': [ '2.1.2' ],
16 silly audit   scheduler: [ '0.27.0' ],
16 silly audit   selderee: [ '0.11.0' ],
16 silly audit   send: [ '0.19.2' ],
16 silly audit   'serve-static': [ '1.16.3' ],
16 silly audit   'set-function-length': [ '1.2.2' ],
16 silly audit   'set-function-name': [ '2.0.2' ],
16 silly audit   setprototypeof: [ '1.2.0' ],
16 silly audit   'shebang-command': [ '2.0.0' ],
16 silly audit   'shebang-regex': [ '3.0.0' ],
16 silly audit   'side-channel': [ '1.1.0' ],
16 silly audit   'side-channel-list': [ '1.0.0' ],
16 silly audit   'side-channel-map': [ '1.0.1' ],
16 silly audit   'side-channel-weakmap': [ '1.0.2' ],
16 silly audit   slash: [ '3.0.0' ],
16 silly audit   'source-map': [ '0.6.1' ],
16 silly audit   'source-map-support': [ '0.5.13' ],
16 silly audit   'sprintf-js': [ '1.0.3' ],
16 silly audit   'stack-utils': [ '2.0.6' ],
16 silly audit   statuses: [ '2.0.2' ],
16 silly audit   'stop-iteration-iterator': [ '1.1.0' ],
16 silly audit   'stream-events': [ '1.0.5' ],
16 silly audit   'stream-shift': [ '1.0.3' ],
16 silly audit   string_decoder: [ '1.3.0' ],
16 silly audit   'string-length': [ '4.0.2' ],
16 silly audit   'strip-bom': [ '4.0.0' ],
16 silly audit   'strip-final-newline': [ '2.0.0' ],
16 silly audit   'strip-json-comments': [ '3.1.1' ],
16 silly audit   strnum: [ '1.1.2' ],
16 silly audit   stubs: [ '3.0.0' ],
16 silly audit   synckit: [ '0.11.11' ],
16 silly audit   'teeny-request': [ '9.0.0' ],
16 silly audit   'test-exclude': [ '6.0.0' ],
16 silly audit   'tiny-inflate': [ '1.0.3' ],
16 silly audit   tmpl: [ '1.0.5' ],
16 silly audit   'to-regex-range': [ '5.0.1' ],
16 silly audit   toidentifier: [ '1.0.1' ],
16 silly audit   tr46: [ '0.0.3' ],
16 silly audit   'ts-deepmerge': [ '2.0.7' ],
16 silly audit   tslib: [ '2.8.1' ],
16 silly audit   'type-detect': [ '4.0.8' ],
16 silly audit   'type-fest': [ '0.21.3' ],
16 silly audit   'type-is': [ '1.6.18' ],
16 silly audit   typescript: [ '4.9.5' ],
16 silly audit   'undici-types': [ '6.21.0' ],
16 silly audit   'unicode-properties': [ '1.4.1' ],
16 silly audit   'unicode-trie': [ '2.0.0' ],
16 silly audit   unpipe: [ '1.0.0' ],
16 silly audit   'unrs-resolver': [ '1.11.1' ],
16 silly audit   'update-browserslist-db': [ '1.2.3' ],
16 silly audit   'util-deprecate': [ '1.0.2' ],
16 silly audit   'utils-merge': [ '1.0.1' ],
16 silly audit   'v8-to-istanbul': [ '9.3.0' ],
16 silly audit   vary: [ '1.1.2' ],
16 silly audit   walker: [ '1.0.8' ],
16 silly audit   'webidl-conversions': [ '3.0.1' ],
16 silly audit   'websocket-driver': [ '0.7.4' ],
16 silly audit   'websocket-extensions': [ '0.1.4' ],
16 silly audit   'whatwg-url': [ '5.0.0' ],
16 silly audit   which: [ '2.0.2' ],
16 silly audit   'which-boxed-primitive': [ '1.1.1' ],
16 silly audit   'which-collection': [ '1.0.2' ],
16 silly audit   'which-typed-array': [ '1.1.19' ],
16 silly audit   wrappy: [ '1.0.2' ],
16 silly audit   'write-file-atomic': [ '5.0.1' ],
16 silly audit   y18n: [ '5.0.8' ],
16 silly audit   yargs: [ '17.7.2' ],
16 silly audit   'yargs-parser': [ '21.1.1' ],
16 silly audit   'yocto-queue': [ '0.1.0' ]
16 silly audit }
17 http fetch GET 200 https://registry.npmjs.org/npm 688ms
18 http cache yocto-queue@https://registry.npmjs.org/yocto-queue/-/yocto-queue-0.1.0.tgz 4ms (cache hit)
19 http cache yargs-parser@https://registry.npmjs.org/yargs-parser/-/yargs-parser-21.1.1.tgz 0ms (cache hit)
20 http cache yargs@https://registry.npmjs.org/yargs/-/yargs-17.7.2.tgz 0ms (cache hit)
21 http cache yallist@https://registry.npmjs.org/yallist/-/yallist-3.1.1.tgz 0ms (cache hit)
22 http cache y18n@https://registry.npmjs.org/y18n/-/y18n-5.0.8.tgz 0ms (cache hit)
23 http cache wrappy@https://registry.npmjs.org/wrappy/-/wrappy-1.0.2.tgz 0ms (cache hit)
24 http cache write-file-atomic@https://registry.npmjs.org/write-file-atomic/-/write-file-atomic-5.0.1.tgz 0ms (cache hit)
25 http cache wrap-ansi-cjs@https://registry.npmjs.org/wrap-ansi/-/wrap-ansi-7.0.0.tgz 0ms (cache hit)
26 http cache wrap-ansi@https://registry.npmjs.org/wrap-ansi/-/wrap-ansi-8.1.0.tgz 0ms (cache hit)
27 http cache which-typed-array@https://registry.npmjs.org/which-typed-array/-/which-typed-array-1.1.19.tgz 0ms (cache hit)
28 http cache which-collection@https://registry.npmjs.org/which-collection/-/which-collection-1.0.2.tgz 0ms (cache hit)
29 http cache which-boxed-primitive@https://registry.npmjs.org/which-boxed-primitive/-/which-boxed-primitive-1.1.1.tgz 0ms (cache hit)
30 http cache which@https://registry.npmjs.org/which/-/which-2.0.2.tgz 0ms (cache hit)
31 http cache whatwg-url@https://registry.npmjs.org/whatwg-url/-/whatwg-url-5.0.0.tgz 0ms (cache hit)
32 http cache websocket-extensions@https://registry.npmjs.org/websocket-extensions/-/websocket-extensions-0.1.4.tgz 0ms (cache hit)
33 http cache websocket-driver@https://registry.npmjs.org/websocket-driver/-/websocket-driver-0.7.4.tgz 0ms (cache hit)
34 http cache walker@https://registry.npmjs.org/walker/-/walker-1.0.8.tgz 0ms (cache hit)
35 http cache vary@https://registry.npmjs.org/vary/-/vary-1.1.2.tgz 0ms (cache hit)
36 http cache v8-to-istanbul@https://registry.npmjs.org/v8-to-istanbul/-/v8-to-istanbul-9.3.0.tgz 0ms (cache hit)
37 http cache webidl-conversions@https://registry.npmjs.org/webidl-conversions/-/webidl-conversions-3.0.1.tgz 0ms (cache hit)
38 http cache uuid@https://registry.npmjs.org/uuid/-/uuid-11.1.0.tgz 0ms (cache hit)
39 http cache utils-merge@https://registry.npmjs.org/utils-merge/-/utils-merge-1.0.1.tgz 0ms (cache hit)
40 http cache util-deprecate@https://registry.npmjs.org/util-deprecate/-/util-deprecate-1.0.2.tgz 0ms (cache hit)
41 http cache update-browserslist-db@https://registry.npmjs.org/update-browserslist-db/-/update-browserslist-db-1.2.3.tgz 0ms (cache hit)
42 http cache unrs-resolver@https://registry.npmjs.org/unrs-resolver/-/unrs-resolver-1.11.1.tgz 0ms (cache hit)
43 http cache unpipe@https://registry.npmjs.org/unpipe/-/unpipe-1.0.0.tgz 0ms (cache hit)
44 http cache unicode-trie@https://registry.npmjs.org/unicode-trie/-/unicode-trie-2.0.0.tgz 0ms (cache hit)
45 http cache unicode-properties@https://registry.npmjs.org/unicode-properties/-/unicode-properties-1.4.1.tgz 0ms (cache hit)
46 http cache typescript@https://registry.npmjs.org/typescript/-/typescript-4.9.5.tgz 0ms (cache hit)
47 http cache undici-types@https://registry.npmjs.org/undici-types/-/undici-types-6.21.0.tgz 0ms (cache hit)
48 http cache type-is@https://registry.npmjs.org/type-is/-/type-is-1.6.18.tgz 0ms (cache hit)
49 http cache type-fest@https://registry.npmjs.org/type-fest/-/type-fest-0.21.3.tgz 0ms (cache hit)
50 http cache tslib@https://registry.npmjs.org/tslib/-/tslib-2.8.1.tgz 0ms (cache hit)
51 http cache type-detect@https://registry.npmjs.org/type-detect/-/type-detect-4.0.8.tgz 0ms (cache hit)
52 http cache ts-deepmerge@https://registry.npmjs.org/ts-deepmerge/-/ts-deepmerge-2.0.7.tgz 0ms (cache hit)
53 http cache tr46@https://registry.npmjs.org/tr46/-/tr46-0.0.3.tgz 0ms (cache hit)
54 http cache toidentifier@https://registry.npmjs.org/toidentifier/-/toidentifier-1.0.1.tgz 0ms (cache hit)
55 http cache to-regex-range@https://registry.npmjs.org/to-regex-range/-/to-regex-range-5.0.1.tgz 0ms (cache hit)
56 http cache tmpl@https://registry.npmjs.org/tmpl/-/tmpl-1.0.5.tgz 0ms (cache hit)
57 http cache tiny-inflate@https://registry.npmjs.org/tiny-inflate/-/tiny-inflate-1.0.3.tgz 0ms (cache hit)
58 http cache test-exclude@https://registry.npmjs.org/test-exclude/-/test-exclude-6.0.0.tgz 0ms (cache hit)
59 http cache teeny-request@https://registry.npmjs.org/teeny-request/-/teeny-request-9.0.0.tgz 0ms (cache hit)
60 http cache synckit@https://registry.npmjs.org/synckit/-/synckit-0.11.11.tgz 0ms (cache hit)
61 http cache supports-color@https://registry.npmjs.org/supports-color/-/supports-color-7.2.0.tgz 0ms (cache hit)
62 http cache stubs@https://registry.npmjs.org/stubs/-/stubs-3.0.0.tgz 0ms (cache hit)
63 http cache strnum@https://registry.npmjs.org/strnum/-/strnum-1.1.2.tgz 0ms (cache hit)
64 http cache strip-json-comments@https://registry.npmjs.org/strip-json-comments/-/strip-json-comments-3.1.1.tgz 0ms (cache hit)
65 http cache strip-final-newline@https://registry.npmjs.org/strip-final-newline/-/strip-final-newline-2.0.0.tgz 0ms (cache hit)
66 http cache strip-bom@https://registry.npmjs.org/strip-bom/-/strip-bom-4.0.0.tgz 0ms (cache hit)
67 http cache strip-ansi-cjs@https://registry.npmjs.org/strip-ansi/-/strip-ansi-6.0.1.tgz 0ms (cache hit)
68 http cache strip-ansi@https://registry.npmjs.org/strip-ansi/-/strip-ansi-7.1.2.tgz 0ms (cache hit)
69 http cache string-width-cjs@https://registry.npmjs.org/string-width/-/string-width-4.2.3.tgz 0ms (cache hit)
70 http cache string-width@https://registry.npmjs.org/string-width/-/string-width-5.1.2.tgz 0ms (cache hit)
71 http cache string-length@https://registry.npmjs.org/string-length/-/string-length-4.0.2.tgz 0ms (cache hit)
72 http cache string_decoder@https://registry.npmjs.org/string_decoder/-/string_decoder-1.3.0.tgz 0ms (cache hit)
73 http cache stream-shift@https://registry.npmjs.org/stream-shift/-/stream-shift-1.0.3.tgz 0ms (cache hit)
74 http cache stream-events@https://registry.npmjs.org/stream-events/-/stream-events-1.0.5.tgz 0ms (cache hit)
75 http cache stop-iteration-iterator@https://registry.npmjs.org/stop-iteration-iterator/-/stop-iteration-iterator-1.1.0.tgz 0ms (cache hit)
76 http cache statuses@https://registry.npmjs.org/statuses/-/statuses-2.0.2.tgz 0ms (cache hit)
77 http cache stack-utils@https://registry.npmjs.org/stack-utils/-/stack-utils-2.0.6.tgz 0ms (cache hit)
78 http cache sprintf-js@https://registry.npmjs.org/sprintf-js/-/sprintf-js-1.0.3.tgz 0ms (cache hit)
79 http cache source-map-support@https://registry.npmjs.org/source-map-support/-/source-map-support-0.5.13.tgz 0ms (cache hit)
80 http cache source-map@https://registry.npmjs.org/source-map/-/source-map-0.6.1.tgz 0ms (cache hit)
81 http cache slash@https://registry.npmjs.org/slash/-/slash-3.0.0.tgz 0ms (cache hit)
82 http cache signal-exit@https://registry.npmjs.org/signal-exit/-/signal-exit-4.1.0.tgz 0ms (cache hit)
83 http cache side-channel-weakmap@https://registry.npmjs.org/side-channel-weakmap/-/side-channel-weakmap-1.0.2.tgz 0ms (cache hit)
84 http cache side-channel-map@https://registry.npmjs.org/side-channel-map/-/side-channel-map-1.0.1.tgz 0ms (cache hit)
85 http cache side-channel-list@https://registry.npmjs.org/side-channel-list/-/side-channel-list-1.0.0.tgz 0ms (cache hit)
86 http cache side-channel@https://registry.npmjs.org/side-channel/-/side-channel-1.1.0.tgz 0ms (cache hit)
87 http cache shebang-regex@https://registry.npmjs.org/shebang-regex/-/shebang-regex-3.0.0.tgz 0ms (cache hit)
88 http cache shebang-command@https://registry.npmjs.org/shebang-command/-/shebang-command-2.0.0.tgz 1ms (cache hit)
89 http cache setprototypeof@https://registry.npmjs.org/setprototypeof/-/setprototypeof-1.2.0.tgz 0ms (cache hit)
90 http cache set-function-name@https://registry.npmjs.org/set-function-name/-/set-function-name-2.0.2.tgz 0ms (cache hit)
91 http cache serve-static@https://registry.npmjs.org/serve-static/-/serve-static-1.16.3.tgz 0ms (cache hit)
92 http cache set-function-length@https://registry.npmjs.org/set-function-length/-/set-function-length-1.2.2.tgz 0ms (cache hit)
93 http cache send@https://registry.npmjs.org/send/-/send-0.19.2.tgz 0ms (cache hit)
94 http cache semver@https://registry.npmjs.org/semver/-/semver-6.3.1.tgz 0ms (cache hit)
95 http cache selderee@https://registry.npmjs.org/selderee/-/selderee-0.11.0.tgz 0ms (cache hit)
96 http cache scheduler@https://registry.npmjs.org/scheduler/-/scheduler-0.27.0.tgz 0ms (cache hit)
97 http cache safer-buffer@https://registry.npmjs.org/safer-buffer/-/safer-buffer-2.1.2.tgz 0ms (cache hit)
98 http cache safe-regex-test@https://registry.npmjs.org/safe-regex-test/-/safe-regex-test-1.1.0.tgz 0ms (cache hit)
99 http cache safe-buffer@https://registry.npmjs.org/safe-buffer/-/safe-buffer-5.2.1.tgz 0ms (cache hit)
100 http cache retry-request@https://registry.npmjs.org/retry-request/-/retry-request-7.0.2.tgz 0ms (cache hit)
101 http cache retry@https://registry.npmjs.org/retry/-/retry-0.13.1.tgz 0ms (cache hit)
102 http cache restructure@https://registry.npmjs.org/restructure/-/restructure-2.0.1.tgz 0ms (cache hit)
103 http cache resolve-from@https://registry.npmjs.org/resolve-from/-/resolve-from-5.0.0.tgz 0ms (cache hit)
104 http cache resolve-cwd@https://registry.npmjs.org/resolve-cwd/-/resolve-cwd-3.0.0.tgz 0ms (cache hit)
105 http cache resend@https://registry.npmjs.org/resend/-/resend-4.8.0.tgz 0ms (cache hit)
106 http cache require-directory@https://registry.npmjs.org/require-directory/-/require-directory-2.1.1.tgz 0ms (cache hit)
107 http cache regexp.prototype.flags@https://registry.npmjs.org/regexp.prototype.flags/-/regexp.prototype.flags-1.5.4.tgz 0ms (cache hit)
108 http cache readable-stream@https://registry.npmjs.org/readable-stream/-/readable-stream-3.6.2.tgz 0ms (cache hit)
109 http cache react-promise-suspense@https://registry.npmjs.org/react-promise-suspense/-/react-promise-suspense-0.3.4.tgz 0ms (cache hit)
110 http cache react-is@https://registry.npmjs.org/react-is/-/react-is-18.3.1.tgz 0ms (cache hit)
111 http cache react-dom@https://registry.npmjs.org/react-dom/-/react-dom-19.2.3.tgz 0ms (cache hit)
112 http cache react@https://registry.npmjs.org/react/-/react-19.2.3.tgz 0ms (cache hit)
113 http cache range-parser@https://registry.npmjs.org/range-parser/-/range-parser-1.2.1.tgz 0ms (cache hit)
114 http cache raw-body@https://registry.npmjs.org/raw-body/-/raw-body-2.5.3.tgz 0ms (cache hit)
115 http cache qs@https://registry.npmjs.org/qs/-/qs-6.14.1.tgz 0ms (cache hit)
116 http cache pure-rand@https://registry.npmjs.org/pure-rand/-/pure-rand-7.0.1.tgz 0ms (cache hit)
117 http cache proxy-addr@https://registry.npmjs.org/proxy-addr/-/proxy-addr-2.0.7.tgz 0ms (cache hit)
118 http cache protobufjs@https://registry.npmjs.org/protobufjs/-/protobufjs-7.5.4.tgz 0ms (cache hit)
119 http cache proto3-json-serializer@https://registry.npmjs.org/proto3-json-serializer/-/proto3-json-serializer-2.0.2.tgz 0ms (cache hit)
120 http cache pretty-format@https://registry.npmjs.org/pretty-format/-/pretty-format-30.2.0.tgz 0ms (cache hit)
121 http cache prettier@https://registry.npmjs.org/prettier/-/prettier-3.7.4.tgz 0ms (cache hit)
122 http cache possible-typed-array-names@https://registry.npmjs.org/possible-typed-array-names/-/possible-typed-array-names-1.1.0.tgz 0ms (cache hit)
123 http cache png-js@https://registry.npmjs.org/png-js/-/png-js-1.0.0.tgz 0ms (cache hit)
124 http cache pkg-dir@https://registry.npmjs.org/pkg-dir/-/pkg-dir-4.2.0.tgz 0ms (cache hit)
125 http cache pirates@https://registry.npmjs.org/pirates/-/pirates-4.0.7.tgz 0ms (cache hit)
126 http cache picomatch@https://registry.npmjs.org/picomatch/-/picomatch-2.3.1.tgz 0ms (cache hit)
127 http cache picocolors@https://registry.npmjs.org/picocolors/-/picocolors-1.1.1.tgz 0ms (cache hit)
128 http cache peberminta@https://registry.npmjs.org/peberminta/-/peberminta-0.9.0.tgz 0ms (cache hit)
129 http cache pdfkit@https://registry.npmjs.org/pdfkit/-/pdfkit-0.15.2.tgz 0ms (cache hit)
130 http cache path-to-regexp@https://registry.npmjs.org/path-to-regexp/-/path-to-regexp-0.1.12.tgz 0ms (cache hit)
131 http cache path-scurry@https://registry.npmjs.org/path-scurry/-/path-scurry-1.11.1.tgz 0ms (cache hit)
132 http cache path-key@https://registry.npmjs.org/path-key/-/path-key-3.1.1.tgz 0ms (cache hit)
133 http cache parseurl@https://registry.npmjs.org/parseurl/-/parseurl-1.3.3.tgz 0ms (cache hit)
134 http cache parseley@https://registry.npmjs.org/parseley/-/parseley-0.12.1.tgz 0ms (cache hit)
135 http cache path-exists@https://registry.npmjs.org/path-exists/-/path-exists-4.0.0.tgz 0ms (cache hit)
136 http cache path-is-absolute@https://registry.npmjs.org/path-is-absolute/-/path-is-absolute-1.0.1.tgz 0ms (cache hit)
137 http cache parse-json@https://registry.npmjs.org/parse-json/-/parse-json-5.2.0.tgz 0ms (cache hit)
138 http cache package-json-from-dist@https://registry.npmjs.org/package-json-from-dist/-/package-json-from-dist-1.0.1.tgz 0ms (cache hit)
139 http cache pako@https://registry.npmjs.org/pako/-/pako-0.2.9.tgz 0ms (cache hit)
140 http cache p-try@https://registry.npmjs.org/p-try/-/p-try-2.2.0.tgz 0ms (cache hit)
141 http cache p-limit@https://registry.npmjs.org/p-limit/-/p-limit-3.1.0.tgz 0ms (cache hit)
142 http cache p-locate@https://registry.npmjs.org/p-locate/-/p-locate-4.1.0.tgz 0ms (cache hit)
143 http cache onetime@https://registry.npmjs.org/onetime/-/onetime-5.1.2.tgz 0ms (cache hit)
144 http cache once@https://registry.npmjs.org/once/-/once-1.4.0.tgz 0ms (cache hit)
145 http cache on-finished@https://registry.npmjs.org/on-finished/-/on-finished-2.4.1.tgz 0ms (cache hit)
146 http cache object.assign@https://registry.npmjs.org/object.assign/-/object.assign-4.1.7.tgz 0ms (cache hit)
147 http cache object-keys@https://registry.npmjs.org/object-keys/-/object-keys-1.1.1.tgz 0ms (cache hit)
148 http cache object-is@https://registry.npmjs.org/object-is/-/object-is-1.1.6.tgz 0ms (cache hit)
149 http cache object-inspect@https://registry.npmjs.org/object-inspect/-/object-inspect-1.13.4.tgz 0ms (cache hit)
150 http cache object-hash@https://registry.npmjs.org/object-hash/-/object-hash-3.0.0.tgz 0ms (cache hit)
151 http cache object-assign@https://registry.npmjs.org/object-assign/-/object-assign-4.1.1.tgz 0ms (cache hit)
152 http cache npm-run-path@https://registry.npmjs.org/npm-run-path/-/npm-run-path-4.0.1.tgz 0ms (cache hit)
153 http cache normalize-path@https://registry.npmjs.org/normalize-path/-/normalize-path-3.0.0.tgz 0ms (cache hit)
154 http cache node-releases@https://registry.npmjs.org/node-releases/-/node-releases-2.0.27.tgz 0ms (cache hit)
155 http cache node-int64@https://registry.npmjs.org/node-int64/-/node-int64-0.4.0.tgz 0ms (cache hit)
156 http cache node-forge@https://registry.npmjs.org/node-forge/-/node-forge-1.3.3.tgz 0ms (cache hit)
157 http cache node-fetch@https://registry.npmjs.org/node-fetch/-/node-fetch-2.7.0.tgz 0ms (cache hit)
158 http cache negotiator@https://registry.npmjs.org/negotiator/-/negotiator-0.6.3.tgz 0ms (cache hit)
159 http cache natural-compare@https://registry.npmjs.org/natural-compare/-/natural-compare-1.4.0.tgz 0ms (cache hit)
160 http cache napi-postinstall@https://registry.npmjs.org/napi-postinstall/-/napi-postinstall-0.3.4.tgz 0ms (cache hit)
161 http cache ms@https://registry.npmjs.org/ms/-/ms-2.0.0.tgz 0ms (cache hit)
162 http cache minipass@https://registry.npmjs.org/minipass/-/minipass-7.1.2.tgz 0ms (cache hit)
163 http cache minimatch@https://registry.npmjs.org/minimatch/-/minimatch-9.0.5.tgz 0ms (cache hit)
164 http cache mimic-fn@https://registry.npmjs.org/mimic-fn/-/mimic-fn-2.1.0.tgz 0ms (cache hit)
165 http cache mime-types@https://registry.npmjs.org/mime-types/-/mime-types-2.1.35.tgz 0ms (cache hit)
166 http cache mime-db@https://registry.npmjs.org/mime-db/-/mime-db-1.52.0.tgz 0ms (cache hit)
167 http cache mime@https://registry.npmjs.org/mime/-/mime-3.0.0.tgz 0ms (cache hit)
168 http cache micromatch@https://registry.npmjs.org/micromatch/-/micromatch-4.0.8.tgz 0ms (cache hit)
169 http cache methods@https://registry.npmjs.org/methods/-/methods-1.1.2.tgz 0ms (cache hit)
170 http cache merge-stream@https://registry.npmjs.org/merge-stream/-/merge-stream-2.0.0.tgz 0ms (cache hit)
171 http cache merge-descriptors@https://registry.npmjs.org/merge-descriptors/-/merge-descriptors-1.0.3.tgz 0ms (cache hit)
172 http cache media-typer@https://registry.npmjs.org/media-typer/-/media-typer-0.3.0.tgz 0ms (cache hit)
173 http cache math-intrinsics@https://registry.npmjs.org/math-intrinsics/-/math-intrinsics-1.1.0.tgz 0ms (cache hit)
174 http cache makeerror@https://registry.npmjs.org/makeerror/-/makeerror-1.0.12.tgz 0ms (cache hit)
175 http cache make-dir@https://registry.npmjs.org/make-dir/-/make-dir-4.0.0.tgz 0ms (cache hit)
176 http cache lru-memoizer@https://registry.npmjs.org/lru-memoizer/-/lru-memoizer-2.3.0.tgz 0ms (cache hit)
177 http cache lru-cache@https://registry.npmjs.org/lru-cache/-/lru-cache-5.1.1.tgz 0ms (cache hit)
178 http cache long@https://registry.npmjs.org/long/-/long-5.3.2.tgz 0ms (cache hit)
179 http cache lodash.once@https://registry.npmjs.org/lodash.once/-/lodash.once-4.1.1.tgz 0ms (cache hit)
180 http cache lodash.isstring@https://registry.npmjs.org/lodash.isstring/-/lodash.isstring-4.0.1.tgz 0ms (cache hit)
181 http cache lodash.isplainobject@https://registry.npmjs.org/lodash.isplainobject/-/lodash.isplainobject-4.0.6.tgz 0ms (cache hit)
182 http cache lodash.isnumber@https://registry.npmjs.org/lodash.isnumber/-/lodash.isnumber-3.0.3.tgz 0ms (cache hit)
183 http cache lodash.isinteger@https://registry.npmjs.org/lodash.isinteger/-/lodash.isinteger-4.0.4.tgz 0ms (cache hit)
184 http cache lodash.isboolean@https://registry.npmjs.org/lodash.isboolean/-/lodash.isboolean-3.0.3.tgz 1ms (cache hit)
185 http cache lodash.includes@https://registry.npmjs.org/lodash.includes/-/lodash.includes-4.3.0.tgz 0ms (cache hit)
186 http cache lodash.clonedeep@https://registry.npmjs.org/lodash.clonedeep/-/lodash.clonedeep-4.5.0.tgz 0ms (cache hit)
187 http cache lodash.camelcase@https://registry.npmjs.org/lodash.camelcase/-/lodash.camelcase-4.3.0.tgz 0ms (cache hit)
188 http cache lodash@https://registry.npmjs.org/lodash/-/lodash-4.17.21.tgz 0ms (cache hit)
189 http cache locate-path@https://registry.npmjs.org/locate-path/-/locate-path-5.0.0.tgz 0ms (cache hit)
190 http cache lines-and-columns@https://registry.npmjs.org/lines-and-columns/-/lines-and-columns-1.2.4.tgz 0ms (cache hit)
191 http cache limiter@https://registry.npmjs.org/limiter/-/limiter-1.1.5.tgz 0ms (cache hit)
192 http cache linebreak@https://registry.npmjs.org/linebreak/-/linebreak-1.1.0.tgz 0ms (cache hit)
193 http cache leven@https://registry.npmjs.org/leven/-/leven-3.1.0.tgz 0ms (cache hit)
194 http cache leac@https://registry.npmjs.org/leac/-/leac-0.6.0.tgz 0ms (cache hit)
195 http cache jws@https://registry.npmjs.org/jws/-/jws-4.0.1.tgz 0ms (cache hit)
196 http cache jwks-rsa@https://registry.npmjs.org/jwks-rsa/-/jwks-rsa-3.2.0.tgz 0ms (cache hit)
197 http cache jwa@https://registry.npmjs.org/jwa/-/jwa-2.0.1.tgz 0ms (cache hit)
198 http cache jsonwebtoken@https://registry.npmjs.org/jsonwebtoken/-/jsonwebtoken-9.0.3.tgz 0ms (cache hit)
199 http cache json5@https://registry.npmjs.org/json5/-/json5-2.2.3.tgz 0ms (cache hit)
200 http cache json-bigint@https://registry.npmjs.org/json-bigint/-/json-bigint-1.0.0.tgz 0ms (cache hit)
201 http cache json-parse-even-better-errors@https://registry.npmjs.org/json-parse-even-better-errors/-/json-parse-even-better-errors-2.3.1.tgz 0ms (cache hit)
202 http cache js-yaml@https://registry.npmjs.org/js-yaml/-/js-yaml-3.14.2.tgz 0ms (cache hit)
203 http cache jsesc@https://registry.npmjs.org/jsesc/-/jsesc-3.1.0.tgz 0ms (cache hit)
204 http cache js-tokens@https://registry.npmjs.org/js-tokens/-/js-tokens-4.0.0.tgz 0ms (cache hit)
205 http cache jpeg-exif@https://registry.npmjs.org/jpeg-exif/-/jpeg-exif-1.1.4.tgz 0ms (cache hit)
206 http cache jose@https://registry.npmjs.org/jose/-/jose-4.15.9.tgz 0ms (cache hit)
207 http cache jest-worker@https://registry.npmjs.org/jest-worker/-/jest-worker-30.2.0.tgz 0ms (cache hit)
208 http cache jest-watcher@https://registry.npmjs.org/jest-watcher/-/jest-watcher-30.2.0.tgz 0ms (cache hit)
209 http cache jest-validate@https://registry.npmjs.org/jest-validate/-/jest-validate-30.2.0.tgz 0ms (cache hit)
210 http cache jest-util@https://registry.npmjs.org/jest-util/-/jest-util-30.2.0.tgz 0ms (cache hit)
211 http cache jest-snapshot@https://registry.npmjs.org/jest-snapshot/-/jest-snapshot-30.2.0.tgz 0ms (cache hit)
212 http cache jest-runtime@https://registry.npmjs.org/jest-runtime/-/jest-runtime-30.2.0.tgz 0ms (cache hit)
213 http cache jest-runner@https://registry.npmjs.org/jest-runner/-/jest-runner-30.2.0.tgz 0ms (cache hit)
214 http cache jest-resolve-dependencies@https://registry.npmjs.org/jest-resolve-dependencies/-/jest-resolve-dependencies-30.2.0.tgz 0ms (cache hit)
215 http cache jest-resolve@https://registry.npmjs.org/jest-resolve/-/jest-resolve-30.2.0.tgz 0ms (cache hit)
216 http cache jest-regex-util@https://registry.npmjs.org/jest-regex-util/-/jest-regex-util-30.0.1.tgz 0ms (cache hit)
217 http cache jest-pnp-resolver@https://registry.npmjs.org/jest-pnp-resolver/-/jest-pnp-resolver-1.2.3.tgz 0ms (cache hit)
218 http cache jest-mock@https://registry.npmjs.org/jest-mock/-/jest-mock-30.2.0.tgz 0ms (cache hit)
219 http cache jest-message-util@https://registry.npmjs.org/jest-message-util/-/jest-message-util-30.2.0.tgz 0ms (cache hit)
220 http cache jest-matcher-utils@https://registry.npmjs.org/jest-matcher-utils/-/jest-matcher-utils-30.2.0.tgz 0ms (cache hit)
221 http cache jest-leak-detector@https://registry.npmjs.org/jest-leak-detector/-/jest-leak-detector-30.2.0.tgz 0ms (cache hit)
222 http cache jest-haste-map@https://registry.npmjs.org/jest-haste-map/-/jest-haste-map-30.2.0.tgz 0ms (cache hit)
223 http cache jest-environment-node@https://registry.npmjs.org/jest-environment-node/-/jest-environment-node-30.2.0.tgz 0ms (cache hit)
224 http cache jest-each@https://registry.npmjs.org/jest-each/-/jest-each-30.2.0.tgz 0ms (cache hit)
225 http cache jest-docblock@https://registry.npmjs.org/jest-docblock/-/jest-docblock-30.2.0.tgz 0ms (cache hit)
226 http cache jest-diff@https://registry.npmjs.org/jest-diff/-/jest-diff-30.2.0.tgz 0ms (cache hit)
227 http cache jest-config@https://registry.npmjs.org/jest-config/-/jest-config-30.2.0.tgz 0ms (cache hit)
228 http cache jest-cli@https://registry.npmjs.org/jest-cli/-/jest-cli-30.2.0.tgz 0ms (cache hit)
229 http cache jest-circus@https://registry.npmjs.org/jest-circus/-/jest-circus-30.2.0.tgz 0ms (cache hit)
230 http cache jest-changed-files@https://registry.npmjs.org/jest-changed-files/-/jest-changed-files-30.2.0.tgz 0ms (cache hit)
231 http cache jest@https://registry.npmjs.org/jest/-/jest-30.2.0.tgz 0ms (cache hit)
232 http cache jackspeak@https://registry.npmjs.org/jackspeak/-/jackspeak-3.4.3.tgz 0ms (cache hit)
233 http cache istanbul-reports@https://registry.npmjs.org/istanbul-reports/-/istanbul-reports-3.2.0.tgz 0ms (cache hit)
234 http cache istanbul-lib-source-maps@https://registry.npmjs.org/istanbul-lib-source-maps/-/istanbul-lib-source-maps-5.0.6.tgz 0ms (cache hit)
235 http cache istanbul-lib-report@https://registry.npmjs.org/istanbul-lib-report/-/istanbul-lib-report-3.0.1.tgz 0ms (cache hit)
236 http cache istanbul-lib-instrument@https://registry.npmjs.org/istanbul-lib-instrument/-/istanbul-lib-instrument-6.0.3.tgz 0ms (cache hit)
237 http cache istanbul-lib-coverage@https://registry.npmjs.org/istanbul-lib-coverage/-/istanbul-lib-coverage-3.2.2.tgz 0ms (cache hit)
238 http cache isexe@https://registry.npmjs.org/isexe/-/isexe-2.0.0.tgz 0ms (cache hit)
239 http cache isarray@https://registry.npmjs.org/isarray/-/isarray-2.0.5.tgz 0ms (cache hit)
240 http cache is-weakset@https://registry.npmjs.org/is-weakset/-/is-weakset-2.0.4.tgz 0ms (cache hit)
241 http cache is-weakmap@https://registry.npmjs.org/is-weakmap/-/is-weakmap-2.0.2.tgz 0ms (cache hit)
242 http cache is-symbol@https://registry.npmjs.org/is-symbol/-/is-symbol-1.1.1.tgz 0ms (cache hit)
243 http cache is-string@https://registry.npmjs.org/is-string/-/is-string-1.1.1.tgz 0ms (cache hit)
244 http cache is-stream@https://registry.npmjs.org/is-stream/-/is-stream-2.0.1.tgz 0ms (cache hit)
245 http cache is-shared-array-buffer@https://registry.npmjs.org/is-shared-array-buffer/-/is-shared-array-buffer-1.0.4.tgz 0ms (cache hit)
246 http cache is-set@https://registry.npmjs.org/is-set/-/is-set-2.0.3.tgz 0ms (cache hit)
247 http cache is-regex@https://registry.npmjs.org/is-regex/-/is-regex-1.2.1.tgz 0ms (cache hit)
248 http cache is-number-object@https://registry.npmjs.org/is-number-object/-/is-number-object-1.1.1.tgz 0ms (cache hit)
249 http cache is-map@https://registry.npmjs.org/is-map/-/is-map-2.0.3.tgz 0ms (cache hit)
250 http cache is-number@https://registry.npmjs.org/is-number/-/is-number-7.0.0.tgz 0ms (cache hit)
251 http cache is-generator-fn@https://registry.npmjs.org/is-generator-fn/-/is-generator-fn-2.1.0.tgz 0ms (cache hit)
252 http cache is-fullwidth-code-point@https://registry.npmjs.org/is-fullwidth-code-point/-/is-fullwidth-code-point-3.0.0.tgz 0ms (cache hit)
253 http cache is-date-object@https://registry.npmjs.org/is-date-object/-/is-date-object-1.1.0.tgz 0ms (cache hit)
254 http cache is-boolean-object@https://registry.npmjs.org/is-boolean-object/-/is-boolean-object-1.2.2.tgz 0ms (cache hit)
255 http cache is-callable@https://registry.npmjs.org/is-callable/-/is-callable-1.2.7.tgz 0ms (cache hit)
256 http cache is-bigint@https://registry.npmjs.org/is-bigint/-/is-bigint-1.1.0.tgz 0ms (cache hit)
257 http cache is-arrayish@https://registry.npmjs.org/is-arrayish/-/is-arrayish-0.2.1.tgz 0ms (cache hit)
258 http cache is-arguments@https://registry.npmjs.org/is-arguments/-/is-arguments-1.2.0.tgz 0ms (cache hit)
259 http cache is-array-buffer@https://registry.npmjs.org/is-array-buffer/-/is-array-buffer-3.0.5.tgz 0ms (cache hit)
260 http cache internal-slot@https://registry.npmjs.org/internal-slot/-/internal-slot-1.1.0.tgz 0ms (cache hit)
261 http cache ipaddr.js@https://registry.npmjs.org/ipaddr.js/-/ipaddr.js-1.9.1.tgz 0ms (cache hit)
262 http cache inherits@https://registry.npmjs.org/inherits/-/inherits-2.0.4.tgz 0ms (cache hit)
263 http cache inflight@https://registry.npmjs.org/inflight/-/inflight-1.0.6.tgz 0ms (cache hit)
264 http cache imurmurhash@https://registry.npmjs.org/imurmurhash/-/imurmurhash-0.1.4.tgz 0ms (cache hit)
265 http cache import-local@https://registry.npmjs.org/import-local/-/import-local-3.2.0.tgz 0ms (cache hit)
266 http cache iconv-lite@https://registry.npmjs.org/iconv-lite/-/iconv-lite-0.4.24.tgz 0ms (cache hit)
267 http cache human-signals@https://registry.npmjs.org/human-signals/-/human-signals-2.1.0.tgz 0ms (cache hit)
268 http cache http-proxy-agent@https://registry.npmjs.org/http-proxy-agent/-/http-proxy-agent-5.0.0.tgz 0ms (cache hit)
269 http cache https-proxy-agent@https://registry.npmjs.org/https-proxy-agent/-/https-proxy-agent-7.0.6.tgz 0ms (cache hit)
270 http cache http-parser-js@https://registry.npmjs.org/http-parser-js/-/http-parser-js-0.5.10.tgz 0ms (cache hit)
271 http cache http-errors@https://registry.npmjs.org/http-errors/-/http-errors-2.0.1.tgz 0ms (cache hit)
272 http cache htmlparser2@https://registry.npmjs.org/htmlparser2/-/htmlparser2-8.0.2.tgz 0ms (cache hit)
273 http cache html-to-text@https://registry.npmjs.org/html-to-text/-/html-to-text-9.0.5.tgz 0ms (cache hit)
274 http cache html-escaper@https://registry.npmjs.org/html-escaper/-/html-escaper-2.0.2.tgz 0ms (cache hit)
275 http cache html-entities@https://registry.npmjs.org/html-entities/-/html-entities-2.6.0.tgz 0ms (cache hit)
276 http cache hasown@https://registry.npmjs.org/hasown/-/hasown-2.0.2.tgz 0ms (cache hit)
277 http cache has-tostringtag@https://registry.npmjs.org/has-tostringtag/-/has-tostringtag-1.0.2.tgz 0ms (cache hit)
278 http cache has-symbols@https://registry.npmjs.org/has-symbols/-/has-symbols-1.1.0.tgz 0ms (cache hit)
279 http cache has-property-descriptors@https://registry.npmjs.org/has-property-descriptors/-/has-property-descriptors-1.0.2.tgz 0ms (cache hit)
280 http cache has-flag@https://registry.npmjs.org/has-flag/-/has-flag-4.0.0.tgz 0ms (cache hit)
281 http cache has-bigints@https://registry.npmjs.org/has-bigints/-/has-bigints-1.1.0.tgz 0ms (cache hit)
282 http cache gtoken@https://registry.npmjs.org/gtoken/-/gtoken-7.1.0.tgz 0ms (cache hit)
283 http cache graceful-fs@https://registry.npmjs.org/graceful-fs/-/graceful-fs-4.2.11.tgz 0ms (cache hit)
284 http cache gopd@https://registry.npmjs.org/gopd/-/gopd-1.2.0.tgz 0ms (cache hit)
285 http cache google-logging-utils@https://registry.npmjs.org/google-logging-utils/-/google-logging-utils-0.0.2.tgz 0ms (cache hit)
286 http cache google-gax@https://registry.npmjs.org/google-gax/-/google-gax-4.6.1.tgz 1ms (cache hit)
287 http cache google-auth-library@https://registry.npmjs.org/google-auth-library/-/google-auth-library-9.15.1.tgz 0ms (cache hit)
288 http cache glob@https://registry.npmjs.org/glob/-/glob-10.5.0.tgz 0ms (cache hit)
289 http cache get-stream@https://registry.npmjs.org/get-stream/-/get-stream-6.0.1.tgz 0ms (cache hit)
290 http cache get-proto@https://registry.npmjs.org/get-proto/-/get-proto-1.0.1.tgz 0ms (cache hit)
291 http cache get-package-type@https://registry.npmjs.org/get-package-type/-/get-package-type-0.1.0.tgz 0ms (cache hit)
292 http cache get-intrinsic@https://registry.npmjs.org/get-intrinsic/-/get-intrinsic-1.3.0.tgz 0ms (cache hit)
293 http cache get-caller-file@https://registry.npmjs.org/get-caller-file/-/get-caller-file-2.0.5.tgz 0ms (cache hit)
294 http cache gensync@https://registry.npmjs.org/gensync/-/gensync-1.0.0-beta.2.tgz 0ms (cache hit)
295 http cache gcp-metadata@https://registry.npmjs.org/gcp-metadata/-/gcp-metadata-6.1.1.tgz 0ms (cache hit)
296 http cache gaxios@https://registry.npmjs.org/gaxios/-/gaxios-6.7.1.tgz 0ms (cache hit)
297 http cache functions-have-names@https://registry.npmjs.org/functions-have-names/-/functions-have-names-1.2.3.tgz 0ms (cache hit)
298 http cache functional-red-black-tree@https://registry.npmjs.org/functional-red-black-tree/-/functional-red-black-tree-1.0.1.tgz 0ms (cache hit)
299 http cache function-bind@https://registry.npmjs.org/function-bind/-/function-bind-1.1.2.tgz 0ms (cache hit)
300 http cache fs.realpath@https://registry.npmjs.org/fs.realpath/-/fs.realpath-1.0.0.tgz 0ms (cache hit)
301 http cache fresh@https://registry.npmjs.org/fresh/-/fresh-0.5.2.tgz 0ms (cache hit)
302 http cache forwarded@https://registry.npmjs.org/forwarded/-/forwarded-0.2.0.tgz 0ms (cache hit)
303 http cache form-data@https://registry.npmjs.org/form-data/-/form-data-2.5.5.tgz 0ms (cache hit)
304 http cache foreground-child@https://registry.npmjs.org/foreground-child/-/foreground-child-3.3.1.tgz 0ms (cache hit)
305 http cache for-each@https://registry.npmjs.org/for-each/-/for-each-0.3.5.tgz 0ms (cache hit)
306 http cache fontkit@https://registry.npmjs.org/fontkit/-/fontkit-1.9.0.tgz 0ms (cache hit)
307 http cache firebase-functions-test@https://registry.npmjs.org/firebase-functions-test/-/firebase-functions-test-3.4.1.tgz 0ms (cache hit)
308 http cache firebase-functions@https://registry.npmjs.org/firebase-functions/-/firebase-functions-7.0.2.tgz 0ms (cache hit)
309 http cache firebase-admin@https://registry.npmjs.org/firebase-admin/-/firebase-admin-13.6.0.tgz 0ms (cache hit)
310 http cache find-up@https://registry.npmjs.org/find-up/-/find-up-4.1.0.tgz 0ms (cache hit)
311 http cache finalhandler@https://registry.npmjs.org/finalhandler/-/finalhandler-1.3.2.tgz 0ms (cache hit)
312 http cache fill-range@https://registry.npmjs.org/fill-range/-/fill-range-7.1.1.tgz 0ms (cache hit)
313 http cache fb-watchman@https://registry.npmjs.org/fb-watchman/-/fb-watchman-2.0.2.tgz 0ms (cache hit)
314 http cache faye-websocket@https://registry.npmjs.org/faye-websocket/-/faye-websocket-0.11.4.tgz 0ms (cache hit)
315 http cache fast-xml-parser@https://registry.npmjs.org/fast-xml-parser/-/fast-xml-parser-4.5.3.tgz 0ms (cache hit)
316 http cache fast-json-stable-stringify@https://registry.npmjs.org/fast-json-stable-stringify/-/fast-json-stable-stringify-2.1.0.tgz 0ms (cache hit)
317 http cache fast-deep-equal@https://registry.npmjs.org/fast-deep-equal/-/fast-deep-equal-3.1.3.tgz 0ms (cache hit)
318 http cache farmhash-modern@https://registry.npmjs.org/farmhash-modern/-/farmhash-modern-1.1.0.tgz 0ms (cache hit)
319 http cache extend@https://registry.npmjs.org/extend/-/extend-3.0.2.tgz 0ms (cache hit)
320 http cache express@https://registry.npmjs.org/express/-/express-4.22.1.tgz 0ms (cache hit)
321 http cache expect@https://registry.npmjs.org/expect/-/expect-30.2.0.tgz 0ms (cache hit)
322 http cache exit-x@https://registry.npmjs.org/exit-x/-/exit-x-0.2.2.tgz 0ms (cache hit)
323 http cache execa@https://registry.npmjs.org/execa/-/execa-5.1.1.tgz 0ms (cache hit)
324 http cache event-target-shim@https://registry.npmjs.org/event-target-shim/-/event-target-shim-5.0.1.tgz 0ms (cache hit)
325 http cache etag@https://registry.npmjs.org/etag/-/etag-1.8.1.tgz 0ms (cache hit)
326 http cache esprima@https://registry.npmjs.org/esprima/-/esprima-4.0.1.tgz 0ms (cache hit)
327 http cache escape-string-regexp@https://registry.npmjs.org/escape-string-regexp/-/escape-string-regexp-2.0.0.tgz 0ms (cache hit)
328 http cache escape-html@https://registry.npmjs.org/escape-html/-/escape-html-1.0.3.tgz 0ms (cache hit)
329 http cache escalade@https://registry.npmjs.org/escalade/-/escalade-3.2.0.tgz 0ms (cache hit)
330 http cache es-set-tostringtag@https://registry.npmjs.org/es-set-tostringtag/-/es-set-tostringtag-2.1.0.tgz 0ms (cache hit)
331 http cache es-object-atoms@https://registry.npmjs.org/es-object-atoms/-/es-object-atoms-1.1.1.tgz 0ms (cache hit)
332 http cache es-get-iterator@https://registry.npmjs.org/es-get-iterator/-/es-get-iterator-1.1.3.tgz 0ms (cache hit)
333 http cache es-errors@https://registry.npmjs.org/es-errors/-/es-errors-1.3.0.tgz 0ms (cache hit)
334 http cache es-define-property@https://registry.npmjs.org/es-define-property/-/es-define-property-1.0.1.tgz 0ms (cache hit)
335 http cache error-ex@https://registry.npmjs.org/error-ex/-/error-ex-1.3.4.tgz 0ms (cache hit)
336 http cache entities@https://registry.npmjs.org/entities/-/entities-4.5.0.tgz 1ms (cache hit)
337 http cache end-of-stream@https://registry.npmjs.org/end-of-stream/-/end-of-stream-1.4.5.tgz 0ms (cache hit)
338 http cache encodeurl@https://registry.npmjs.org/encodeurl/-/encodeurl-2.0.0.tgz 0ms (cache hit)
339 http cache emoji-regex@https://registry.npmjs.org/emoji-regex/-/emoji-regex-9.2.2.tgz 0ms (cache hit)
340 http cache emittery@https://registry.npmjs.org/emittery/-/emittery-0.13.1.tgz 0ms (cache hit)
341 http cache electron-to-chromium@https://registry.npmjs.org/electron-to-chromium/-/electron-to-chromium-1.5.267.tgz 0ms (cache hit)
342 http cache ee-first@https://registry.npmjs.org/ee-first/-/ee-first-1.1.1.tgz 0ms (cache hit)
343 http cache ecdsa-sig-formatter@https://registry.npmjs.org/ecdsa-sig-formatter/-/ecdsa-sig-formatter-1.0.11.tgz 0ms (cache hit)
344 http cache eastasianwidth@https://registry.npmjs.org/eastasianwidth/-/eastasianwidth-0.2.0.tgz 0ms (cache hit)
345 http cache duplexify@https://registry.npmjs.org/duplexify/-/duplexify-4.1.3.tgz 0ms (cache hit)
346 http cache dunder-proto@https://registry.npmjs.org/dunder-proto/-/dunder-proto-1.0.1.tgz 0ms (cache hit)
347 http cache domutils@https://registry.npmjs.org/domutils/-/domutils-3.2.2.tgz 0ms (cache hit)
348 http cache domhandler@https://registry.npmjs.org/domhandler/-/domhandler-5.0.3.tgz 0ms (cache hit)
349 http cache domelementtype@https://registry.npmjs.org/domelementtype/-/domelementtype-2.3.0.tgz 0ms (cache hit)
350 http cache dom-serializer@https://registry.npmjs.org/dom-serializer/-/dom-serializer-2.0.0.tgz 0ms (cache hit)
351 http cache dfa@https://registry.npmjs.org/dfa/-/dfa-1.2.0.tgz 0ms (cache hit)
352 http cache detect-newline@https://registry.npmjs.org/detect-newline/-/detect-newline-3.1.0.tgz 0ms (cache hit)
353 http cache destroy@https://registry.npmjs.org/destroy/-/destroy-1.2.0.tgz 0ms (cache hit)
354 http cache depd@https://registry.npmjs.org/depd/-/depd-2.0.0.tgz 0ms (cache hit)
355 http cache define-properties@https://registry.npmjs.org/define-properties/-/define-properties-1.2.1.tgz 0ms (cache hit)
356 http cache delayed-stream@https://registry.npmjs.org/delayed-stream/-/delayed-stream-1.0.0.tgz 0ms (cache hit)
357 http cache define-data-property@https://registry.npmjs.org/define-data-property/-/define-data-property-1.1.4.tgz 0ms (cache hit)
358 http cache deepmerge@https://registry.npmjs.org/deepmerge/-/deepmerge-4.3.1.tgz 0ms (cache hit)
359 http cache deep-equal@https://registry.npmjs.org/deep-equal/-/deep-equal-2.2.3.tgz 0ms (cache hit)
360 http cache dedent@https://registry.npmjs.org/dedent/-/dedent-1.7.1.tgz 0ms (cache hit)
361 http cache debug@https://registry.npmjs.org/debug/-/debug-2.6.9.tgz 0ms (cache hit)
362 http cache crypto-js@https://registry.npmjs.org/crypto-js/-/crypto-js-4.2.0.tgz 0ms (cache hit)
363 http cache cross-spawn@https://registry.npmjs.org/cross-spawn/-/cross-spawn-7.0.6.tgz 0ms (cache hit)
364 http cache cors@https://registry.npmjs.org/cors/-/cors-2.8.5.tgz 0ms (cache hit)
365 http cache cookie-signature@https://registry.npmjs.org/cookie-signature/-/cookie-signature-1.0.7.tgz 0ms (cache hit)
366 http cache cookie@https://registry.npmjs.org/cookie/-/cookie-0.7.2.tgz 0ms (cache hit)
367 http cache convert-source-map@https://registry.npmjs.org/convert-source-map/-/convert-source-map-2.0.0.tgz 0ms (cache hit)
368 http cache content-type@https://registry.npmjs.org/content-type/-/content-type-1.0.5.tgz 0ms (cache hit)
369 http cache content-disposition@https://registry.npmjs.org/content-disposition/-/content-disposition-0.5.4.tgz 0ms (cache hit)
370 http cache concat-map@https://registry.npmjs.org/concat-map/-/concat-map-0.0.1.tgz 0ms (cache hit)
371 http cache combined-stream@https://registry.npmjs.org/combined-stream/-/combined-stream-1.0.8.tgz 0ms (cache hit)
372 http cache color-name@https://registry.npmjs.org/color-name/-/color-name-1.1.4.tgz 0ms (cache hit)
373 http cache color-convert@https://registry.npmjs.org/color-convert/-/color-convert-2.0.1.tgz 0ms (cache hit)
374 http cache collect-v8-coverage@https://registry.npmjs.org/collect-v8-coverage/-/collect-v8-coverage-1.0.3.tgz 0ms (cache hit)
375 http cache co@https://registry.npmjs.org/co/-/co-4.6.0.tgz 0ms (cache hit)
376 http cache clone@https://registry.npmjs.org/clone/-/clone-2.1.2.tgz 0ms (cache hit)
377 http cache cliui@https://registry.npmjs.org/cliui/-/cliui-8.0.1.tgz 0ms (cache hit)
378 http cache cjs-module-lexer@https://registry.npmjs.org/cjs-module-lexer/-/cjs-module-lexer-2.1.1.tgz 0ms (cache hit)
379 http cache ci-info@https://registry.npmjs.org/ci-info/-/ci-info-4.3.1.tgz 0ms (cache hit)
380 http cache char-regex@https://registry.npmjs.org/char-regex/-/char-regex-1.0.2.tgz 0ms (cache hit)
381 http cache chalk@https://registry.npmjs.org/chalk/-/chalk-4.1.2.tgz 0ms (cache hit)
382 http cache caniuse-lite@https://registry.npmjs.org/caniuse-lite/-/caniuse-lite-1.0.30001762.tgz 0ms (cache hit)
383 http cache camelcase@https://registry.npmjs.org/camelcase/-/camelcase-5.3.1.tgz 0ms (cache hit)
384 http cache callsites@https://registry.npmjs.org/callsites/-/callsites-3.1.0.tgz 0ms (cache hit)
385 http cache call-bound@https://registry.npmjs.org/call-bound/-/call-bound-1.0.4.tgz 0ms (cache hit)
386 http cache call-bind-apply-helpers@https://registry.npmjs.org/call-bind-apply-helpers/-/call-bind-apply-helpers-1.0.2.tgz 0ms (cache hit)
387 http cache call-bind@https://registry.npmjs.org/call-bind/-/call-bind-1.0.8.tgz 0ms (cache hit)
388 http cache bytes@https://registry.npmjs.org/bytes/-/bytes-3.1.2.tgz 0ms (cache hit)
389 http cache buffer-from@https://registry.npmjs.org/buffer-from/-/buffer-from-1.1.2.tgz 0ms (cache hit)
390 http cache buffer-equal-constant-time@https://registry.npmjs.org/buffer-equal-constant-time/-/buffer-equal-constant-time-1.0.1.tgz 0ms (cache hit)
391 http cache bser@https://registry.npmjs.org/bser/-/bser-2.1.1.tgz 0ms (cache hit)
392 http cache browserslist@https://registry.npmjs.org/browserslist/-/browserslist-4.28.1.tgz 0ms (cache hit)
393 http cache brotli@https://registry.npmjs.org/brotli/-/brotli-1.3.3.tgz 0ms (cache hit)
394 http cache braces@https://registry.npmjs.org/braces/-/braces-3.0.3.tgz 0ms (cache hit)
395 http cache brace-expansion@https://registry.npmjs.org/brace-expansion/-/brace-expansion-2.0.2.tgz 0ms (cache hit)
396 http cache body-parser@https://registry.npmjs.org/body-parser/-/body-parser-1.20.4.tgz 0ms (cache hit)
397 http cache bignumber.js@https://registry.npmjs.org/bignumber.js/-/bignumber.js-9.3.1.tgz 0ms (cache hit)
398 http cache baseline-browser-mapping@https://registry.npmjs.org/baseline-browser-mapping/-/baseline-browser-mapping-2.9.11.tgz 0ms (cache hit)
399 http cache base64-js@https://registry.npmjs.org/base64-js/-/base64-js-1.5.1.tgz 0ms (cache hit)
400 http cache balanced-match@https://registry.npmjs.org/balanced-match/-/balanced-match-1.0.2.tgz 0ms (cache hit)
401 http cache babel-preset-jest@https://registry.npmjs.org/babel-preset-jest/-/babel-preset-jest-30.2.0.tgz 0ms (cache hit)
402 http cache babel-preset-current-node-syntax@https://registry.npmjs.org/babel-preset-current-node-syntax/-/babel-preset-current-node-syntax-1.2.0.tgz 0ms (cache hit)
403 http cache babel-plugin-jest-hoist@https://registry.npmjs.org/babel-plugin-jest-hoist/-/babel-plugin-jest-hoist-30.2.0.tgz 0ms (cache hit)
404 http cache babel-plugin-istanbul@https://registry.npmjs.org/babel-plugin-istanbul/-/babel-plugin-istanbul-7.0.1.tgz 0ms (cache hit)
405 http cache babel-jest@https://registry.npmjs.org/babel-jest/-/babel-jest-30.2.0.tgz 0ms (cache hit)
406 http cache available-typed-arrays@https://registry.npmjs.org/available-typed-arrays/-/available-typed-arrays-1.0.7.tgz 0ms (cache hit)
407 http cache asynckit@https://registry.npmjs.org/asynckit/-/asynckit-0.4.0.tgz 0ms (cache hit)
408 http cache async-retry@https://registry.npmjs.org/async-retry/-/async-retry-1.3.3.tgz 0ms (cache hit)
409 http cache arrify@https://registry.npmjs.org/arrify/-/arrify-2.0.1.tgz 0ms (cache hit)
410 http cache array-flatten@https://registry.npmjs.org/array-flatten/-/array-flatten-1.1.1.tgz 0ms (cache hit)
411 http cache array-buffer-byte-length@https://registry.npmjs.org/array-buffer-byte-length/-/array-buffer-byte-length-1.0.2.tgz 0ms (cache hit)
412 http cache anymatch@https://registry.npmjs.org/anymatch/-/anymatch-3.1.3.tgz 0ms (cache hit)
413 http cache ansi-styles@https://registry.npmjs.org/ansi-styles/-/ansi-styles-4.3.0.tgz 0ms (cache hit)
414 http cache ansi-regex@https://registry.npmjs.org/ansi-regex/-/ansi-regex-6.2.2.tgz 0ms (cache hit)
415 http cache ansi-escapes@https://registry.npmjs.org/ansi-escapes/-/ansi-escapes-4.3.2.tgz 0ms (cache hit)
416 http cache argparse@https://registry.npmjs.org/argparse/-/argparse-1.0.10.tgz 0ms (cache hit)
417 http cache agent-base@https://registry.npmjs.org/agent-base/-/agent-base-7.1.4.tgz 0ms (cache hit)
418 http cache accepts@https://registry.npmjs.org/accepts/-/accepts-1.3.8.tgz 0ms (cache hit)
419 http cache abort-controller@https://registry.npmjs.org/abort-controller/-/abort-controller-3.0.0.tgz 0ms (cache hit)
420 http cache @unrs/resolver-binding-win32-x64-msvc@https://registry.npmjs.org/@unrs/resolver-binding-win32-x64-msvc/-/resolver-binding-win32-x64-msvc-1.11.1.tgz 0ms (cache hit)
421 http cache @ungap/structured-clone@https://registry.npmjs.org/@ungap/structured-clone/-/structured-clone-1.3.0.tgz 0ms (cache hit)
422 http cache @types/yargs-parser@https://registry.npmjs.org/@types/yargs-parser/-/yargs-parser-21.0.3.tgz 1ms (cache hit)
423 http cache @types/yargs@https://registry.npmjs.org/@types/yargs/-/yargs-17.0.35.tgz 0ms (cache hit)
424 http cache @types/tough-cookie@https://registry.npmjs.org/@types/tough-cookie/-/tough-cookie-4.0.5.tgz 0ms (cache hit)
425 http cache @types/stack-utils@https://registry.npmjs.org/@types/stack-utils/-/stack-utils-2.0.3.tgz 0ms (cache hit)
426 http cache @types/serve-static@https://registry.npmjs.org/@types/serve-static/-/serve-static-1.15.10.tgz 0ms (cache hit)
427 http cache @types/send@https://registry.npmjs.org/@types/send/-/send-1.2.1.tgz 0ms (cache hit)
428 http cache @types/request@https://registry.npmjs.org/@types/request/-/request-2.48.13.tgz 0ms (cache hit)
429 http cache @types/range-parser@https://registry.npmjs.org/@types/range-parser/-/range-parser-1.2.7.tgz 0ms (cache hit)
430 http cache @types/qs@https://registry.npmjs.org/@types/qs/-/qs-6.14.0.tgz 0ms (cache hit)
431 http cache @types/node@https://registry.npmjs.org/@types/node/-/node-22.19.3.tgz 0ms (cache hit)
432 http cache @types/ms@https://registry.npmjs.org/@types/ms/-/ms-2.1.0.tgz 0ms (cache hit)
433 http cache @types/mime@https://registry.npmjs.org/@types/mime/-/mime-1.3.5.tgz 0ms (cache hit)
434 http cache @types/long@https://registry.npmjs.org/@types/long/-/long-4.0.2.tgz 0ms (cache hit)
435 http cache @types/lodash@https://registry.npmjs.org/@types/lodash/-/lodash-4.17.21.tgz 0ms (cache hit)
436 http cache @types/jsonwebtoken@https://registry.npmjs.org/@types/jsonwebtoken/-/jsonwebtoken-9.0.10.tgz 0ms (cache hit)
437 http cache @types/istanbul-reports@https://registry.npmjs.org/@types/istanbul-reports/-/istanbul-reports-3.0.4.tgz 0ms (cache hit)
438 http cache @types/istanbul-lib-report@https://registry.npmjs.org/@types/istanbul-lib-report/-/istanbul-lib-report-3.0.3.tgz 0ms (cache hit)
439 http cache @types/istanbul-lib-coverage@https://registry.npmjs.org/@types/istanbul-lib-coverage/-/istanbul-lib-coverage-2.0.6.tgz 0ms (cache hit)
440 http cache @types/http-errors@https://registry.npmjs.org/@types/http-errors/-/http-errors-2.0.5.tgz 0ms (cache hit)
441 http cache @types/express-serve-static-core@https://registry.npmjs.org/@types/express-serve-static-core/-/express-serve-static-core-4.19.7.tgz 0ms (cache hit)
442 http cache @types/express@https://registry.npmjs.org/@types/express/-/express-4.17.25.tgz 0ms (cache hit)
443 http cache @types/cors@https://registry.npmjs.org/@types/cors/-/cors-2.8.19.tgz 0ms (cache hit)
444 http cache @types/connect@https://registry.npmjs.org/@types/connect/-/connect-3.4.38.tgz 0ms (cache hit)
445 http cache @types/caseless@https://registry.npmjs.org/@types/caseless/-/caseless-0.12.5.tgz 0ms (cache hit)
446 http cache @types/body-parser@https://registry.npmjs.org/@types/body-parser/-/body-parser-1.19.6.tgz 0ms (cache hit)
447 http cache @types/babel__traverse@https://registry.npmjs.org/@types/babel__traverse/-/babel__traverse-7.28.0.tgz 0ms (cache hit)
448 http cache @types/babel__template@https://registry.npmjs.org/@types/babel__template/-/babel__template-7.4.4.tgz 0ms (cache hit)
449 http cache @types/babel__generator@https://registry.npmjs.org/@types/babel__generator/-/babel__generator-7.27.0.tgz 0ms (cache hit)
450 http cache @types/babel__core@https://registry.npmjs.org/@types/babel__core/-/babel__core-7.20.5.tgz 0ms (cache hit)
451 http cache @tootallnate/once@https://registry.npmjs.org/@tootallnate/once/-/once-2.0.0.tgz 0ms (cache hit)
452 http cache @swc/helpers@https://registry.npmjs.org/@swc/helpers/-/helpers-0.3.17.tgz 0ms (cache hit)
453 http cache @sinonjs/fake-timers@https://registry.npmjs.org/@sinonjs/fake-timers/-/fake-timers-13.0.5.tgz 0ms (cache hit)
454 http cache @sinonjs/commons@https://registry.npmjs.org/@sinonjs/commons/-/commons-3.0.1.tgz 0ms (cache hit)
455 http cache @sinclair/typebox@https://registry.npmjs.org/@sinclair/typebox/-/typebox-0.34.46.tgz 0ms (cache hit)
456 http cache @selderee/plugin-htmlparser2@https://registry.npmjs.org/@selderee/plugin-htmlparser2/-/plugin-htmlparser2-0.11.0.tgz 0ms (cache hit)
457 http cache @react-email/render@https://registry.npmjs.org/@react-email/render/-/render-1.1.2.tgz 0ms (cache hit)
458 http cache @protobufjs/utf8@https://registry.npmjs.org/@protobufjs/utf8/-/utf8-1.1.0.tgz 1ms (cache hit)
459 http cache @protobufjs/pool@https://registry.npmjs.org/@protobufjs/pool/-/pool-1.1.0.tgz 0ms (cache hit)
460 http cache @protobufjs/path@https://registry.npmjs.org/@protobufjs/path/-/path-1.1.2.tgz 0ms (cache hit)
461 http cache @protobufjs/inquire@https://registry.npmjs.org/@protobufjs/inquire/-/inquire-1.1.0.tgz 0ms (cache hit)
462 http cache @protobufjs/float@https://registry.npmjs.org/@protobufjs/float/-/float-1.0.2.tgz 0ms (cache hit)
463 http cache @protobufjs/fetch@https://registry.npmjs.org/@protobufjs/fetch/-/fetch-1.1.0.tgz 0ms (cache hit)
464 http cache @protobufjs/eventemitter@https://registry.npmjs.org/@protobufjs/eventemitter/-/eventemitter-1.1.0.tgz 0ms (cache hit)
465 http cache @protobufjs/codegen@https://registry.npmjs.org/@protobufjs/codegen/-/codegen-2.0.4.tgz 0ms (cache hit)
466 http cache @protobufjs/base64@https://registry.npmjs.org/@protobufjs/base64/-/base64-1.1.2.tgz 0ms (cache hit)
467 http cache @protobufjs/aspromise@https://registry.npmjs.org/@protobufjs/aspromise/-/aspromise-1.1.2.tgz 0ms (cache hit)
468 http cache @pkgr/core@https://registry.npmjs.org/@pkgr/core/-/core-0.2.9.tgz 0ms (cache hit)
469 http cache @pkgjs/parseargs@https://registry.npmjs.org/@pkgjs/parseargs/-/parseargs-0.11.0.tgz 0ms (cache hit)
470 http cache @opentelemetry/api@https://registry.npmjs.org/@opentelemetry/api/-/api-1.9.0.tgz 0ms (cache hit)
471 http cache @js-sdsl/ordered-map@https://registry.npmjs.org/@js-sdsl/ordered-map/-/ordered-map-4.4.2.tgz 0ms (cache hit)
472 http cache @jridgewell/trace-mapping@https://registry.npmjs.org/@jridgewell/trace-mapping/-/trace-mapping-0.3.31.tgz 0ms (cache hit)
473 http cache @jridgewell/sourcemap-codec@https://registry.npmjs.org/@jridgewell/sourcemap-codec/-/sourcemap-codec-1.5.5.tgz 0ms (cache hit)
474 http cache @jridgewell/resolve-uri@https://registry.npmjs.org/@jridgewell/resolve-uri/-/resolve-uri-3.1.2.tgz 0ms (cache hit)
475 http cache @jridgewell/remapping@https://registry.npmjs.org/@jridgewell/remapping/-/remapping-2.3.5.tgz 0ms (cache hit)
476 http cache @jridgewell/gen-mapping@https://registry.npmjs.org/@jridgewell/gen-mapping/-/gen-mapping-0.3.13.tgz 0ms (cache hit)
477 http cache @jest/types@https://registry.npmjs.org/@jest/types/-/types-30.2.0.tgz 0ms (cache hit)
478 http cache @jest/transform@https://registry.npmjs.org/@jest/transform/-/transform-30.2.0.tgz 0ms (cache hit)
479 http cache @jest/test-sequencer@https://registry.npmjs.org/@jest/test-sequencer/-/test-sequencer-30.2.0.tgz 0ms (cache hit)
480 http cache @jest/test-result@https://registry.npmjs.org/@jest/test-result/-/test-result-30.2.0.tgz 0ms (cache hit)
481 http cache @jest/source-map@https://registry.npmjs.org/@jest/source-map/-/source-map-30.0.1.tgz 0ms (cache hit)
482 http cache @jest/snapshot-utils@https://registry.npmjs.org/@jest/snapshot-utils/-/snapshot-utils-30.2.0.tgz 0ms (cache hit)
483 http cache @jest/schemas@https://registry.npmjs.org/@jest/schemas/-/schemas-30.0.5.tgz 0ms (cache hit)
484 http cache @jest/reporters@https://registry.npmjs.org/@jest/reporters/-/reporters-30.2.0.tgz 0ms (cache hit)
485 http cache @jest/pattern@https://registry.npmjs.org/@jest/pattern/-/pattern-30.0.1.tgz 0ms (cache hit)
486 http cache @jest/globals@https://registry.npmjs.org/@jest/globals/-/globals-30.2.0.tgz 0ms (cache hit)
487 http cache @jest/get-type@https://registry.npmjs.org/@jest/get-type/-/get-type-30.1.0.tgz 0ms (cache hit)
488 http cache @jest/fake-timers@https://registry.npmjs.org/@jest/fake-timers/-/fake-timers-30.2.0.tgz 0ms (cache hit)
489 http cache @jest/expect-utils@https://registry.npmjs.org/@jest/expect-utils/-/expect-utils-30.2.0.tgz 0ms (cache hit)
490 http cache @jest/expect@https://registry.npmjs.org/@jest/expect/-/expect-30.2.0.tgz 0ms (cache hit)
491 http cache @jest/environment@https://registry.npmjs.org/@jest/environment/-/environment-30.2.0.tgz 0ms (cache hit)
492 http cache @jest/diff-sequences@https://registry.npmjs.org/@jest/diff-sequences/-/diff-sequences-30.0.1.tgz 0ms (cache hit)
493 http cache @jest/core@https://registry.npmjs.org/@jest/core/-/core-30.2.0.tgz 0ms (cache hit)
494 http cache @jest/console@https://registry.npmjs.org/@jest/console/-/console-30.2.0.tgz 0ms (cache hit)
495 http cache @istanbuljs/schema@https://registry.npmjs.org/@istanbuljs/schema/-/schema-0.1.3.tgz 0ms (cache hit)
496 http cache @istanbuljs/load-nyc-config@https://registry.npmjs.org/@istanbuljs/load-nyc-config/-/load-nyc-config-1.1.0.tgz 0ms (cache hit)
497 http cache @isaacs/cliui@https://registry.npmjs.org/@isaacs/cliui/-/cliui-8.0.2.tgz 0ms (cache hit)
498 http cache @grpc/proto-loader@https://registry.npmjs.org/@grpc/proto-loader/-/proto-loader-0.7.15.tgz 0ms (cache hit)
499 http cache @grpc/grpc-js@https://registry.npmjs.org/@grpc/grpc-js/-/grpc-js-1.14.3.tgz 0ms (cache hit)
500 http cache @google-cloud/storage@https://registry.npmjs.org/@google-cloud/storage/-/storage-7.18.0.tgz 0ms (cache hit)
501 http cache @google-cloud/promisify@https://registry.npmjs.org/@google-cloud/promisify/-/promisify-4.0.0.tgz 0ms (cache hit)
502 http cache @google-cloud/projectify@https://registry.npmjs.org/@google-cloud/projectify/-/projectify-4.0.0.tgz 0ms (cache hit)
503 http cache @google-cloud/paginator@https://registry.npmjs.org/@google-cloud/paginator/-/paginator-5.0.2.tgz 0ms (cache hit)
504 http cache @google-cloud/firestore@https://registry.npmjs.org/@google-cloud/firestore/-/firestore-7.11.6.tgz 0ms (cache hit)
505 http cache @firebase/util@https://registry.npmjs.org/@firebase/util/-/util-1.13.0.tgz 0ms (cache hit)
506 http cache @firebase/logger@https://registry.npmjs.org/@firebase/logger/-/logger-0.5.0.tgz 0ms (cache hit)
507 http cache @firebase/database-types@https://registry.npmjs.org/@firebase/database-types/-/database-types-1.0.16.tgz 0ms (cache hit)
508 http cache @firebase/database-compat@https://registry.npmjs.org/@firebase/database-compat/-/database-compat-2.1.0.tgz 0ms (cache hit)
509 http cache @firebase/database@https://registry.npmjs.org/@firebase/database/-/database-1.1.0.tgz 0ms (cache hit)
510 http cache @firebase/component@https://registry.npmjs.org/@firebase/component/-/component-0.7.0.tgz 0ms (cache hit)
511 http cache @firebase/auth-interop-types@https://registry.npmjs.org/@firebase/auth-interop-types/-/auth-interop-types-0.2.4.tgz 0ms (cache hit)
512 http cache @firebase/app-types@https://registry.npmjs.org/@firebase/app-types/-/app-types-0.9.3.tgz 0ms (cache hit)
513 http cache @firebase/app-check-interop-types@https://registry.npmjs.org/@firebase/app-check-interop-types/-/app-check-interop-types-0.3.3.tgz 0ms (cache hit)
514 http cache @fastify/busboy@https://registry.npmjs.org/@fastify/busboy/-/busboy-3.2.0.tgz 0ms (cache hit)
515 http cache @bcoe/v8-coverage@https://registry.npmjs.org/@bcoe/v8-coverage/-/v8-coverage-0.2.3.tgz 0ms (cache hit)
516 http cache @babel/types@https://registry.npmjs.org/@babel/types/-/types-7.28.5.tgz 0ms (cache hit)
517 http cache @babel/traverse@https://registry.npmjs.org/@babel/traverse/-/traverse-7.28.5.tgz 0ms (cache hit)
518 http cache @babel/template@https://registry.npmjs.org/@babel/template/-/template-7.27.2.tgz 0ms (cache hit)
519 http cache @babel/plugin-syntax-typescript@https://registry.npmjs.org/@babel/plugin-syntax-typescript/-/plugin-syntax-typescript-7.27.1.tgz 0ms (cache hit)
520 http cache @babel/plugin-syntax-private-property-in-object@https://registry.npmjs.org/@babel/plugin-syntax-private-property-in-object/-/plugin-syntax-private-property-in-object-7.14.5.tgz 0ms (cache hit)
521 http cache @babel/plugin-syntax-top-level-await@https://registry.npmjs.org/@babel/plugin-syntax-top-level-await/-/plugin-syntax-top-level-await-7.14.5.tgz 0ms (cache hit)
522 http cache @babel/plugin-syntax-optional-chaining@https://registry.npmjs.org/@babel/plugin-syntax-optional-chaining/-/plugin-syntax-optional-chaining-7.8.3.tgz 0ms (cache hit)
523 http cache @babel/plugin-syntax-optional-catch-binding@https://registry.npmjs.org/@babel/plugin-syntax-optional-catch-binding/-/plugin-syntax-optional-catch-binding-7.8.3.tgz 0ms (cache hit)
524 http cache @babel/plugin-syntax-object-rest-spread@https://registry.npmjs.org/@babel/plugin-syntax-object-rest-spread/-/plugin-syntax-object-rest-spread-7.8.3.tgz 0ms (cache hit)
525 http cache @babel/plugin-syntax-numeric-separator@https://registry.npmjs.org/@babel/plugin-syntax-numeric-separator/-/plugin-syntax-numeric-separator-7.10.4.tgz 0ms (cache hit)
526 http cache @babel/plugin-syntax-nullish-coalescing-operator@https://registry.npmjs.org/@babel/plugin-syntax-nullish-coalescing-operator/-/plugin-syntax-nullish-coalescing-operator-7.8.3.tgz 0ms (cache hit)
527 http cache @babel/plugin-syntax-logical-assignment-operators@https://registry.npmjs.org/@babel/plugin-syntax-logical-assignment-operators/-/plugin-syntax-logical-assignment-operators-7.10.4.tgz 0ms (cache hit)
528 http cache @babel/plugin-syntax-jsx@https://registry.npmjs.org/@babel/plugin-syntax-jsx/-/plugin-syntax-jsx-7.27.1.tgz 0ms (cache hit)
529 http cache @babel/plugin-syntax-json-strings@https://registry.npmjs.org/@babel/plugin-syntax-json-strings/-/plugin-syntax-json-strings-7.8.3.tgz 0ms (cache hit)
530 http cache @babel/plugin-syntax-import-meta@https://registry.npmjs.org/@babel/plugin-syntax-import-meta/-/plugin-syntax-import-meta-7.10.4.tgz 0ms (cache hit)
531 http cache @babel/plugin-syntax-class-static-block@https://registry.npmjs.org/@babel/plugin-syntax-class-static-block/-/plugin-syntax-class-static-block-7.14.5.tgz 0ms (cache hit)
532 http cache @babel/plugin-syntax-class-properties@https://registry.npmjs.org/@babel/plugin-syntax-class-properties/-/plugin-syntax-class-properties-7.12.13.tgz 0ms (cache hit)
533 http cache @babel/plugin-syntax-import-attributes@https://registry.npmjs.org/@babel/plugin-syntax-import-attributes/-/plugin-syntax-import-attributes-7.27.1.tgz 0ms (cache hit)
534 http cache @babel/plugin-syntax-bigint@https://registry.npmjs.org/@babel/plugin-syntax-bigint/-/plugin-syntax-bigint-7.8.3.tgz 0ms (cache hit)
535 http cache @babel/plugin-syntax-async-generators@https://registry.npmjs.org/@babel/plugin-syntax-async-generators/-/plugin-syntax-async-generators-7.8.4.tgz 0ms (cache hit)
536 http cache @babel/parser@https://registry.npmjs.org/@babel/parser/-/parser-7.28.5.tgz 0ms (cache hit)
537 http cache @babel/helpers@https://registry.npmjs.org/@babel/helpers/-/helpers-7.28.4.tgz 0ms (cache hit)
538 http cache @babel/helper-validator-option@https://registry.npmjs.org/@babel/helper-validator-option/-/helper-validator-option-7.27.1.tgz 0ms (cache hit)
539 http cache @babel/helper-validator-identifier@https://registry.npmjs.org/@babel/helper-validator-identifier/-/helper-validator-identifier-7.28.5.tgz 0ms (cache hit)
540 http cache @babel/helper-string-parser@https://registry.npmjs.org/@babel/helper-string-parser/-/helper-string-parser-7.27.1.tgz 0ms (cache hit)
541 http cache @babel/helper-plugin-utils@https://registry.npmjs.org/@babel/helper-plugin-utils/-/helper-plugin-utils-7.27.1.tgz 0ms (cache hit)
542 http cache @babel/helper-module-transforms@https://registry.npmjs.org/@babel/helper-module-transforms/-/helper-module-transforms-7.28.3.tgz 0ms (cache hit)
543 http cache @babel/helper-module-imports@https://registry.npmjs.org/@babel/helper-module-imports/-/helper-module-imports-7.27.1.tgz 0ms (cache hit)
544 http cache @babel/helper-globals@https://registry.npmjs.org/@babel/helper-globals/-/helper-globals-7.28.0.tgz 0ms (cache hit)
545 http cache @babel/helper-compilation-targets@https://registry.npmjs.org/@babel/helper-compilation-targets/-/helper-compilation-targets-7.27.2.tgz 0ms (cache hit)
546 http cache @babel/generator@https://registry.npmjs.org/@babel/generator/-/generator-7.28.5.tgz 0ms (cache hit)
547 http cache @babel/core@https://registry.npmjs.org/@babel/core/-/core-7.28.5.tgz 0ms (cache hit)
548 http cache @babel/compat-data@https://registry.npmjs.org/@babel/compat-data/-/compat-data-7.28.5.tgz 0ms (cache hit)
549 http cache @babel/code-frame@https://registry.npmjs.org/@babel/code-frame/-/code-frame-7.27.1.tgz 0ms (cache hit)
550 http cache strip-ansi@https://registry.npmjs.org/strip-ansi/-/strip-ansi-6.0.1.tgz 0ms (cache hit)
551 http cache string-width@https://registry.npmjs.org/string-width/-/string-width-4.2.3.tgz 0ms (cache hit)
552 http cache emoji-regex@https://registry.npmjs.org/emoji-regex/-/emoji-regex-8.0.0.tgz 0ms (cache hit)
553 http cache ansi-regex@https://registry.npmjs.org/ansi-regex/-/ansi-regex-5.0.1.tgz 0ms (cache hit)
554 http cache strip-ansi@https://registry.npmjs.org/strip-ansi/-/strip-ansi-6.0.1.tgz 0ms (cache hit)
555 http cache string-width@https://registry.npmjs.org/string-width/-/string-width-4.2.3.tgz 0ms (cache hit)
556 http cache emoji-regex@https://registry.npmjs.org/emoji-regex/-/emoji-regex-8.0.0.tgz 0ms (cache hit)
557 http cache ansi-regex@https://registry.npmjs.org/ansi-regex/-/ansi-regex-5.0.1.tgz 0ms (cache hit)
558 http cache ansi-styles@https://registry.npmjs.org/ansi-styles/-/ansi-styles-6.2.3.tgz 0ms (cache hit)
559 http cache minimatch@https://registry.npmjs.org/minimatch/-/minimatch-3.1.2.tgz 0ms (cache hit)
560 http cache glob@https://registry.npmjs.org/glob/-/glob-7.2.3.tgz 0ms (cache hit)
561 http cache brace-expansion@https://registry.npmjs.org/brace-expansion/-/brace-expansion-1.1.12.tgz 0ms (cache hit)
562 http cache uuid@https://registry.npmjs.org/uuid/-/uuid-9.0.1.tgz 0ms (cache hit)
563 http cache ms@https://registry.npmjs.org/ms/-/ms-2.1.3.tgz 0ms (cache hit)
564 http cache https-proxy-agent@https://registry.npmjs.org/https-proxy-agent/-/https-proxy-agent-5.0.1.tgz 0ms (cache hit)
565 http cache debug@https://registry.npmjs.org/debug/-/debug-4.4.3.tgz 0ms (cache hit)
566 http cache agent-base@https://registry.npmjs.org/agent-base/-/agent-base-6.0.2.tgz 0ms (cache hit)
567 http cache ansi-regex@https://registry.npmjs.org/ansi-regex/-/ansi-regex-5.0.1.tgz 0ms (cache hit)
568 http cache strip-ansi@https://registry.npmjs.org/strip-ansi/-/strip-ansi-6.0.1.tgz 0ms (cache hit)
569 http cache emoji-regex@https://registry.npmjs.org/emoji-regex/-/emoji-regex-8.0.0.tgz 0ms (cache hit)
570 http cache strip-ansi@https://registry.npmjs.org/strip-ansi/-/strip-ansi-6.0.1.tgz 0ms (cache hit)
571 http cache ansi-regex@https://registry.npmjs.org/ansi-regex/-/ansi-regex-5.0.1.tgz 0ms (cache hit)
572 http cache ansi-regex@https://registry.npmjs.org/ansi-regex/-/ansi-regex-5.0.1.tgz 0ms (cache hit)
573 http cache ms@https://registry.npmjs.org/ms/-/ms-2.1.3.tgz 0ms (cache hit)
574 http cache mime@https://registry.npmjs.org/mime/-/mime-1.6.0.tgz 0ms (cache hit)
575 http cache fast-deep-equal@https://registry.npmjs.org/fast-deep-equal/-/fast-deep-equal-2.0.1.tgz 0ms (cache hit)
576 http cache ansi-styles@https://registry.npmjs.org/ansi-styles/-/ansi-styles-5.2.0.tgz 0ms (cache hit)
577 http cache lru-cache@https://registry.npmjs.org/lru-cache/-/lru-cache-10.4.3.tgz 0ms (cache hit)
578 http cache p-limit@https://registry.npmjs.org/p-limit/-/p-limit-2.3.0.tgz 0ms (cache hit)
579 http cache semver@https://registry.npmjs.org/semver/-/semver-7.7.3.tgz 0ms (cache hit)
580 http cache yallist@https://registry.npmjs.org/yallist/-/yallist-4.0.0.tgz 0ms (cache hit)
581 http cache lru-cache@https://registry.npmjs.org/lru-cache/-/lru-cache-6.0.0.tgz 0ms (cache hit)
582 http cache base64-js@https://registry.npmjs.org/base64-js/-/base64-js-0.0.8.tgz 0ms (cache hit)
583 http cache ms@https://registry.npmjs.org/ms/-/ms-2.1.3.tgz 0ms (cache hit)
584 http cache semver@https://registry.npmjs.org/semver/-/semver-7.7.3.tgz 0ms (cache hit)
585 http cache debug@https://registry.npmjs.org/debug/-/debug-4.4.3.tgz 0ms (cache hit)
586 http cache ms@https://registry.npmjs.org/ms/-/ms-2.1.3.tgz 0ms (cache hit)
587 http cache supports-color@https://registry.npmjs.org/supports-color/-/supports-color-8.1.1.tgz 0ms (cache hit)
588 http cache camelcase@https://registry.npmjs.org/camelcase/-/camelcase-6.3.0.tgz 0ms (cache hit)
589 http cache picomatch@https://registry.npmjs.org/picomatch/-/picomatch-4.0.3.tgz 0ms (cache hit)
590 http cache semver@https://registry.npmjs.org/semver/-/semver-7.7.3.tgz 0ms (cache hit)
591 http cache ms@https://registry.npmjs.org/ms/-/ms-2.1.3.tgz 0ms (cache hit)
592 http cache debug@https://registry.npmjs.org/debug/-/debug-4.4.3.tgz 0ms (cache hit)
593 http cache semver@https://registry.npmjs.org/semver/-/semver-7.7.3.tgz 0ms (cache hit)
594 http cache ms@https://registry.npmjs.org/ms/-/ms-2.1.3.tgz 0ms (cache hit)
595 http cache debug@https://registry.npmjs.org/debug/-/debug-4.4.3.tgz 0ms (cache hit)
596 http cache ms@https://registry.npmjs.org/ms/-/ms-2.1.3.tgz 0ms (cache hit)
597 http cache debug@https://registry.npmjs.org/debug/-/debug-4.4.3.tgz 0ms (cache hit)
598 http cache agent-base@https://registry.npmjs.org/agent-base/-/agent-base-6.0.2.tgz 0ms (cache hit)
599 http cache uuid@https://registry.npmjs.org/uuid/-/uuid-9.0.1.tgz 0ms (cache hit)
600 http cache uuid@https://registry.npmjs.org/uuid/-/uuid-9.0.1.tgz 0ms (cache hit)
601 http cache signal-exit@https://registry.npmjs.org/signal-exit/-/signal-exit-3.0.7.tgz 0ms (cache hit)
602 http cache strip-ansi@https://registry.npmjs.org/strip-ansi/-/strip-ansi-6.0.1.tgz 0ms (cache hit)
603 http cache wrap-ansi@https://registry.npmjs.org/wrap-ansi/-/wrap-ansi-7.0.0.tgz 0ms (cache hit)
604 http cache string-width@https://registry.npmjs.org/string-width/-/string-width-4.2.3.tgz 0ms (cache hit)
605 http cache emoji-regex@https://registry.npmjs.org/emoji-regex/-/emoji-regex-8.0.0.tgz 0ms (cache hit)
606 http cache ansi-regex@https://registry.npmjs.org/ansi-regex/-/ansi-regex-5.0.1.tgz 0ms (cache hit)
607 http cache @types/send@https://registry.npmjs.org/@types/send/-/send-0.17.6.tgz 0ms (cache hit)
608 http cache @grpc/proto-loader@https://registry.npmjs.org/@grpc/proto-loader/-/proto-loader-0.8.0.tgz 0ms (cache hit)
609 http cache uuid@https://registry.npmjs.org/uuid/-/uuid-8.3.2.tgz 0ms (cache hit)
610 http cache ms@https://registry.npmjs.org/ms/-/ms-2.1.3.tgz 0ms (cache hit)
611 http cache debug@https://registry.npmjs.org/debug/-/debug-4.4.3.tgz 0ms (cache hit)
612 http cache ms@https://registry.npmjs.org/ms/-/ms-2.1.3.tgz 0ms (cache hit)
613 http cache debug@https://registry.npmjs.org/debug/-/debug-4.4.3.tgz 0ms (cache hit)
614 silly tarball no local data for yocto-queue@https://registry.npmjs.org/yocto-queue/-/yocto-queue-0.1.0.tgz. Extracting by manifest.
615 silly tarball no local data for yargs-parser@https://registry.npmjs.org/yargs-parser/-/yargs-parser-21.1.1.tgz. Extracting by manifest.
616 silly tarball no local data for yargs@https://registry.npmjs.org/yargs/-/yargs-17.7.2.tgz. Extracting by manifest.
617 silly tarball no local data for yallist@https://registry.npmjs.org/yallist/-/yallist-3.1.1.tgz. Extracting by manifest.
618 silly tarball no local data for y18n@https://registry.npmjs.org/y18n/-/y18n-5.0.8.tgz. Extracting by manifest.
619 silly tarball no local data for wrappy@https://registry.npmjs.org/wrappy/-/wrappy-1.0.2.tgz. Extracting by manifest.
620 silly tarball no local data for write-file-atomic@https://registry.npmjs.org/write-file-atomic/-/write-file-atomic-5.0.1.tgz. Extracting by manifest.
621 silly tarball no local data for wrap-ansi-cjs@https://registry.npmjs.org/wrap-ansi/-/wrap-ansi-7.0.0.tgz. Extracting by manifest.
622 silly tarball no local data for wrap-ansi@https://registry.npmjs.org/wrap-ansi/-/wrap-ansi-8.1.0.tgz. Extracting by manifest.
623 silly tarball no local data for which-typed-array@https://registry.npmjs.org/which-typed-array/-/which-typed-array-1.1.19.tgz. Extracting by manifest.
624 silly tarball no local data for which-collection@https://registry.npmjs.org/which-collection/-/which-collection-1.0.2.tgz. Extracting by manifest.
625 silly tarball no local data for which-boxed-primitive@https://registry.npmjs.org/which-boxed-primitive/-/which-boxed-primitive-1.1.1.tgz. Extracting by manifest.
626 silly tarball no local data for which@https://registry.npmjs.org/which/-/which-2.0.2.tgz. Extracting by manifest.
627 silly tarball no local data for whatwg-url@https://registry.npmjs.org/whatwg-url/-/whatwg-url-5.0.0.tgz. Extracting by manifest.
628 silly tarball no local data for websocket-extensions@https://registry.npmjs.org/websocket-extensions/-/websocket-extensions-0.1.4.tgz. Extracting by manifest.
629 silly tarball no local data for websocket-driver@https://registry.npmjs.org/websocket-driver/-/websocket-driver-0.7.4.tgz. Extracting by manifest.
630 silly tarball no local data for walker@https://registry.npmjs.org/walker/-/walker-1.0.8.tgz. Extracting by manifest.
631 silly tarball no local data for vary@https://registry.npmjs.org/vary/-/vary-1.1.2.tgz. Extracting by manifest.
632 silly tarball no local data for v8-to-istanbul@https://registry.npmjs.org/v8-to-istanbul/-/v8-to-istanbul-9.3.0.tgz. Extracting by manifest.
633 silly tarball no local data for webidl-conversions@https://registry.npmjs.org/webidl-conversions/-/webidl-conversions-3.0.1.tgz. Extracting by manifest.
634 silly tarball no local data for uuid@https://registry.npmjs.org/uuid/-/uuid-11.1.0.tgz. Extracting by manifest.
635 silly tarball no local data for utils-merge@https://registry.npmjs.org/utils-merge/-/utils-merge-1.0.1.tgz. Extracting by manifest.
636 silly tarball no local data for util-deprecate@https://registry.npmjs.org/util-deprecate/-/util-deprecate-1.0.2.tgz. Extracting by manifest.
637 silly tarball no local data for update-browserslist-db@https://registry.npmjs.org/update-browserslist-db/-/update-browserslist-db-1.2.3.tgz. Extracting by manifest.
638 silly tarball no local data for unrs-resolver@https://registry.npmjs.org/unrs-resolver/-/unrs-resolver-1.11.1.tgz. Extracting by manifest.
639 silly tarball no local data for unpipe@https://registry.npmjs.org/unpipe/-/unpipe-1.0.0.tgz. Extracting by manifest.
640 silly tarball no local data for unicode-trie@https://registry.npmjs.org/unicode-trie/-/unicode-trie-2.0.0.tgz. Extracting by manifest.
641 silly tarball no local data for unicode-properties@https://registry.npmjs.org/unicode-properties/-/unicode-properties-1.4.1.tgz. Extracting by manifest.
642 silly tarball no local data for typescript@https://registry.npmjs.org/typescript/-/typescript-4.9.5.tgz. Extracting by manifest.
643 silly tarball no local data for undici-types@https://registry.npmjs.org/undici-types/-/undici-types-6.21.0.tgz. Extracting by manifest.
644 silly tarball no local data for type-is@https://registry.npmjs.org/type-is/-/type-is-1.6.18.tgz. Extracting by manifest.
645 silly tarball no local data for type-fest@https://registry.npmjs.org/type-fest/-/type-fest-0.21.3.tgz. Extracting by manifest.
646 silly tarball no local data for tslib@https://registry.npmjs.org/tslib/-/tslib-2.8.1.tgz. Extracting by manifest.
647 silly tarball no local data for type-detect@https://registry.npmjs.org/type-detect/-/type-detect-4.0.8.tgz. Extracting by manifest.
648 silly tarball no local data for ts-deepmerge@https://registry.npmjs.org/ts-deepmerge/-/ts-deepmerge-2.0.7.tgz. Extracting by manifest.
649 silly tarball no local data for tr46@https://registry.npmjs.org/tr46/-/tr46-0.0.3.tgz. Extracting by manifest.
650 silly tarball no local data for toidentifier@https://registry.npmjs.org/toidentifier/-/toidentifier-1.0.1.tgz. Extracting by manifest.
651 silly tarball no local data for to-regex-range@https://registry.npmjs.org/to-regex-range/-/to-regex-range-5.0.1.tgz. Extracting by manifest.
652 silly tarball no local data for tmpl@https://registry.npmjs.org/tmpl/-/tmpl-1.0.5.tgz. Extracting by manifest.
653 silly tarball no local data for tiny-inflate@https://registry.npmjs.org/tiny-inflate/-/tiny-inflate-1.0.3.tgz. Extracting by manifest.
654 silly tarball no local data for test-exclude@https://registry.npmjs.org/test-exclude/-/test-exclude-6.0.0.tgz. Extracting by manifest.
655 silly tarball no local data for teeny-request@https://registry.npmjs.org/teeny-request/-/teeny-request-9.0.0.tgz. Extracting by manifest.
656 silly tarball no local data for synckit@https://registry.npmjs.org/synckit/-/synckit-0.11.11.tgz. Extracting by manifest.
657 silly tarball no local data for supports-color@https://registry.npmjs.org/supports-color/-/supports-color-7.2.0.tgz. Extracting by manifest.
658 silly tarball no local data for stubs@https://registry.npmjs.org/stubs/-/stubs-3.0.0.tgz. Extracting by manifest.
659 silly tarball no local data for strnum@https://registry.npmjs.org/strnum/-/strnum-1.1.2.tgz. Extracting by manifest.
660 silly tarball no local data for strip-json-comments@https://registry.npmjs.org/strip-json-comments/-/strip-json-comments-3.1.1.tgz. Extracting by manifest.
661 silly tarball no local data for strip-final-newline@https://registry.npmjs.org/strip-final-newline/-/strip-final-newline-2.0.0.tgz. Extracting by manifest.
662 silly tarball no local data for strip-bom@https://registry.npmjs.org/strip-bom/-/strip-bom-4.0.0.tgz. Extracting by manifest.
663 silly tarball no local data for strip-ansi-cjs@https://registry.npmjs.org/strip-ansi/-/strip-ansi-6.0.1.tgz. Extracting by manifest.
664 silly tarball no local data for strip-ansi@https://registry.npmjs.org/strip-ansi/-/strip-ansi-7.1.2.tgz. Extracting by manifest.
665 silly tarball no local data for string-width-cjs@https://registry.npmjs.org/string-width/-/string-width-4.2.3.tgz. Extracting by manifest.
666 silly tarball no local data for string-width@https://registry.npmjs.org/string-width/-/string-width-5.1.2.tgz. Extracting by manifest.
667 silly tarball no local data for string-length@https://registry.npmjs.org/string-length/-/string-length-4.0.2.tgz. Extracting by manifest.
668 silly tarball no local data for string_decoder@https://registry.npmjs.org/string_decoder/-/string_decoder-1.3.0.tgz. Extracting by manifest.
669 silly tarball no local data for stream-shift@https://registry.npmjs.org/stream-shift/-/stream-shift-1.0.3.tgz. Extracting by manifest.
670 silly tarball no local data for stream-events@https://registry.npmjs.org/stream-events/-/stream-events-1.0.5.tgz. Extracting by manifest.
671 silly tarball no local data for stop-iteration-iterator@https://registry.npmjs.org/stop-iteration-iterator/-/stop-iteration-iterator-1.1.0.tgz. Extracting by manifest.
672 silly tarball no local data for statuses@https://registry.npmjs.org/statuses/-/statuses-2.0.2.tgz. Extracting by manifest.
673 silly tarball no local data for stack-utils@https://registry.npmjs.org/stack-utils/-/stack-utils-2.0.6.tgz. Extracting by manifest.
674 silly tarball no local data for sprintf-js@https://registry.npmjs.org/sprintf-js/-/sprintf-js-1.0.3.tgz. Extracting by manifest.
675 silly tarball no local data for source-map-support@https://registry.npmjs.org/source-map-support/-/source-map-support-0.5.13.tgz. Extracting by manifest.
676 silly tarball no local data for source-map@https://registry.npmjs.org/source-map/-/source-map-0.6.1.tgz. Extracting by manifest.
677 silly tarball no local data for slash@https://registry.npmjs.org/slash/-/slash-3.0.0.tgz. Extracting by manifest.
678 silly tarball no local data for signal-exit@https://registry.npmjs.org/signal-exit/-/signal-exit-4.1.0.tgz. Extracting by manifest.
679 silly tarball no local data for side-channel-weakmap@https://registry.npmjs.org/side-channel-weakmap/-/side-channel-weakmap-1.0.2.tgz. Extracting by manifest.
680 silly tarball no local data for side-channel-map@https://registry.npmjs.org/side-channel-map/-/side-channel-map-1.0.1.tgz. Extracting by manifest.
681 silly tarball no local data for side-channel-list@https://registry.npmjs.org/side-channel-list/-/side-channel-list-1.0.0.tgz. Extracting by manifest.
682 silly tarball no local data for side-channel@https://registry.npmjs.org/side-channel/-/side-channel-1.1.0.tgz. Extracting by manifest.
683 silly tarball no local data for shebang-regex@https://registry.npmjs.org/shebang-regex/-/shebang-regex-3.0.0.tgz. Extracting by manifest.
684 silly tarball no local data for shebang-command@https://registry.npmjs.org/shebang-command/-/shebang-command-2.0.0.tgz. Extracting by manifest.
685 silly tarball no local data for setprototypeof@https://registry.npmjs.org/setprototypeof/-/setprototypeof-1.2.0.tgz. Extracting by manifest.
686 silly tarball no local data for set-function-name@https://registry.npmjs.org/set-function-name/-/set-function-name-2.0.2.tgz. Extracting by manifest.
687 silly tarball no local data for serve-static@https://registry.npmjs.org/serve-static/-/serve-static-1.16.3.tgz. Extracting by manifest.
688 silly tarball no local data for set-function-length@https://registry.npmjs.org/set-function-length/-/set-function-length-1.2.2.tgz. Extracting by manifest.
689 silly tarball no local data for send@https://registry.npmjs.org/send/-/send-0.19.2.tgz. Extracting by manifest.
690 silly tarball no local data for semver@https://registry.npmjs.org/semver/-/semver-6.3.1.tgz. Extracting by manifest.
691 silly tarball no local data for selderee@https://registry.npmjs.org/selderee/-/selderee-0.11.0.tgz. Extracting by manifest.
692 silly tarball no local data for scheduler@https://registry.npmjs.org/scheduler/-/scheduler-0.27.0.tgz. Extracting by manifest.
693 silly tarball no local data for safer-buffer@https://registry.npmjs.org/safer-buffer/-/safer-buffer-2.1.2.tgz. Extracting by manifest.
694 silly tarball no local data for safe-regex-test@https://registry.npmjs.org/safe-regex-test/-/safe-regex-test-1.1.0.tgz. Extracting by manifest.
695 silly tarball no local data for safe-buffer@https://registry.npmjs.org/safe-buffer/-/safe-buffer-5.2.1.tgz. Extracting by manifest.
696 silly tarball no local data for retry-request@https://registry.npmjs.org/retry-request/-/retry-request-7.0.2.tgz. Extracting by manifest.
697 silly tarball no local data for retry@https://registry.npmjs.org/retry/-/retry-0.13.1.tgz. Extracting by manifest.
698 silly tarball no local data for restructure@https://registry.npmjs.org/restructure/-/restructure-2.0.1.tgz. Extracting by manifest.
699 silly tarball no local data for resolve-from@https://registry.npmjs.org/resolve-from/-/resolve-from-5.0.0.tgz. Extracting by manifest.
700 silly tarball no local data for resolve-cwd@https://registry.npmjs.org/resolve-cwd/-/resolve-cwd-3.0.0.tgz. Extracting by manifest.
701 silly tarball no local data for resend@https://registry.npmjs.org/resend/-/resend-4.8.0.tgz. Extracting by manifest.
702 silly tarball no local data for require-directory@https://registry.npmjs.org/require-directory/-/require-directory-2.1.1.tgz. Extracting by manifest.
703 silly tarball no local data for regexp.prototype.flags@https://registry.npmjs.org/regexp.prototype.flags/-/regexp.prototype.flags-1.5.4.tgz. Extracting by manifest.
704 silly tarball no local data for readable-stream@https://registry.npmjs.org/readable-stream/-/readable-stream-3.6.2.tgz. Extracting by manifest.
705 silly tarball no local data for react-promise-suspense@https://registry.npmjs.org/react-promise-suspense/-/react-promise-suspense-0.3.4.tgz. Extracting by manifest.
706 silly tarball no local data for react-is@https://registry.npmjs.org/react-is/-/react-is-18.3.1.tgz. Extracting by manifest.
707 silly tarball no local data for react-dom@https://registry.npmjs.org/react-dom/-/react-dom-19.2.3.tgz. Extracting by manifest.
708 silly tarball no local data for react@https://registry.npmjs.org/react/-/react-19.2.3.tgz. Extracting by manifest.
709 silly tarball no local data for range-parser@https://registry.npmjs.org/range-parser/-/range-parser-1.2.1.tgz. Extracting by manifest.
710 silly tarball no local data for raw-body@https://registry.npmjs.org/raw-body/-/raw-body-2.5.3.tgz. Extracting by manifest.
711 silly tarball no local data for qs@https://registry.npmjs.org/qs/-/qs-6.14.1.tgz. Extracting by manifest.
712 silly tarball no local data for pure-rand@https://registry.npmjs.org/pure-rand/-/pure-rand-7.0.1.tgz. Extracting by manifest.
713 silly tarball no local data for proxy-addr@https://registry.npmjs.org/proxy-addr/-/proxy-addr-2.0.7.tgz. Extracting by manifest.
714 silly tarball no local data for protobufjs@https://registry.npmjs.org/protobufjs/-/protobufjs-7.5.4.tgz. Extracting by manifest.
715 silly tarball no local data for proto3-json-serializer@https://registry.npmjs.org/proto3-json-serializer/-/proto3-json-serializer-2.0.2.tgz. Extracting by manifest.
716 silly tarball no local data for pretty-format@https://registry.npmjs.org/pretty-format/-/pretty-format-30.2.0.tgz. Extracting by manifest.
717 silly tarball no local data for prettier@https://registry.npmjs.org/prettier/-/prettier-3.7.4.tgz. Extracting by manifest.
718 silly tarball no local data for possible-typed-array-names@https://registry.npmjs.org/possible-typed-array-names/-/possible-typed-array-names-1.1.0.tgz. Extracting by manifest.
719 silly tarball no local data for png-js@https://registry.npmjs.org/png-js/-/png-js-1.0.0.tgz. Extracting by manifest.
720 silly tarball no local data for pkg-dir@https://registry.npmjs.org/pkg-dir/-/pkg-dir-4.2.0.tgz. Extracting by manifest.
721 silly tarball no local data for pirates@https://registry.npmjs.org/pirates/-/pirates-4.0.7.tgz. Extracting by manifest.
722 silly tarball no local data for picomatch@https://registry.npmjs.org/picomatch/-/picomatch-2.3.1.tgz. Extracting by manifest.
723 silly tarball no local data for picocolors@https://registry.npmjs.org/picocolors/-/picocolors-1.1.1.tgz. Extracting by manifest.
724 silly tarball no local data for peberminta@https://registry.npmjs.org/peberminta/-/peberminta-0.9.0.tgz. Extracting by manifest.
725 silly tarball no local data for pdfkit@https://registry.npmjs.org/pdfkit/-/pdfkit-0.15.2.tgz. Extracting by manifest.
726 silly tarball no local data for path-to-regexp@https://registry.npmjs.org/path-to-regexp/-/path-to-regexp-0.1.12.tgz. Extracting by manifest.
727 silly tarball no local data for path-scurry@https://registry.npmjs.org/path-scurry/-/path-scurry-1.11.1.tgz. Extracting by manifest.
728 silly tarball no local data for path-key@https://registry.npmjs.org/path-key/-/path-key-3.1.1.tgz. Extracting by manifest.
729 silly tarball no local data for parseurl@https://registry.npmjs.org/parseurl/-/parseurl-1.3.3.tgz. Extracting by manifest.
730 silly tarball no local data for parseley@https://registry.npmjs.org/parseley/-/parseley-0.12.1.tgz. Extracting by manifest.
731 silly tarball no local data for path-exists@https://registry.npmjs.org/path-exists/-/path-exists-4.0.0.tgz. Extracting by manifest.
732 silly tarball no local data for path-is-absolute@https://registry.npmjs.org/path-is-absolute/-/path-is-absolute-1.0.1.tgz. Extracting by manifest.
733 silly tarball no local data for parse-json@https://registry.npmjs.org/parse-json/-/parse-json-5.2.0.tgz. Extracting by manifest.
734 silly tarball no local data for package-json-from-dist@https://registry.npmjs.org/package-json-from-dist/-/package-json-from-dist-1.0.1.tgz. Extracting by manifest.
735 silly tarball no local data for pako@https://registry.npmjs.org/pako/-/pako-0.2.9.tgz. Extracting by manifest.
736 silly tarball no local data for p-try@https://registry.npmjs.org/p-try/-/p-try-2.2.0.tgz. Extracting by manifest.
737 silly tarball no local data for p-limit@https://registry.npmjs.org/p-limit/-/p-limit-3.1.0.tgz. Extracting by manifest.
738 silly tarball no local data for p-locate@https://registry.npmjs.org/p-locate/-/p-locate-4.1.0.tgz. Extracting by manifest.
739 silly tarball no local data for onetime@https://registry.npmjs.org/onetime/-/onetime-5.1.2.tgz. Extracting by manifest.
740 silly tarball no local data for once@https://registry.npmjs.org/once/-/once-1.4.0.tgz. Extracting by manifest.
741 silly tarball no local data for on-finished@https://registry.npmjs.org/on-finished/-/on-finished-2.4.1.tgz. Extracting by manifest.
742 silly tarball no local data for object.assign@https://registry.npmjs.org/object.assign/-/object.assign-4.1.7.tgz. Extracting by manifest.
743 silly tarball no local data for object-keys@https://registry.npmjs.org/object-keys/-/object-keys-1.1.1.tgz. Extracting by manifest.
744 silly tarball no local data for object-is@https://registry.npmjs.org/object-is/-/object-is-1.1.6.tgz. Extracting by manifest.
745 silly tarball no local data for object-inspect@https://registry.npmjs.org/object-inspect/-/object-inspect-1.13.4.tgz. Extracting by manifest.
746 silly tarball no local data for object-hash@https://registry.npmjs.org/object-hash/-/object-hash-3.0.0.tgz. Extracting by manifest.
747 silly tarball no local data for object-assign@https://registry.npmjs.org/object-assign/-/object-assign-4.1.1.tgz. Extracting by manifest.
748 silly tarball no local data for npm-run-path@https://registry.npmjs.org/npm-run-path/-/npm-run-path-4.0.1.tgz. Extracting by manifest.
749 silly tarball no local data for normalize-path@https://registry.npmjs.org/normalize-path/-/normalize-path-3.0.0.tgz. Extracting by manifest.
750 silly tarball no local data for node-releases@https://registry.npmjs.org/node-releases/-/node-releases-2.0.27.tgz. Extracting by manifest.
751 silly tarball no local data for node-int64@https://registry.npmjs.org/node-int64/-/node-int64-0.4.0.tgz. Extracting by manifest.
752 silly tarball no local data for node-forge@https://registry.npmjs.org/node-forge/-/node-forge-1.3.3.tgz. Extracting by manifest.
753 silly tarball no local data for node-fetch@https://registry.npmjs.org/node-fetch/-/node-fetch-2.7.0.tgz. Extracting by manifest.
754 silly tarball no local data for negotiator@https://registry.npmjs.org/negotiator/-/negotiator-0.6.3.tgz. Extracting by manifest.
755 silly tarball no local data for natural-compare@https://registry.npmjs.org/natural-compare/-/natural-compare-1.4.0.tgz. Extracting by manifest.
756 silly tarball no local data for napi-postinstall@https://registry.npmjs.org/napi-postinstall/-/napi-postinstall-0.3.4.tgz. Extracting by manifest.
757 silly tarball no local data for ms@https://registry.npmjs.org/ms/-/ms-2.0.0.tgz. Extracting by manifest.
758 silly tarball no local data for minipass@https://registry.npmjs.org/minipass/-/minipass-7.1.2.tgz. Extracting by manifest.
759 silly tarball no local data for minimatch@https://registry.npmjs.org/minimatch/-/minimatch-9.0.5.tgz. Extracting by manifest.
760 silly tarball no local data for mimic-fn@https://registry.npmjs.org/mimic-fn/-/mimic-fn-2.1.0.tgz. Extracting by manifest.
761 silly tarball no local data for mime-types@https://registry.npmjs.org/mime-types/-/mime-types-2.1.35.tgz. Extracting by manifest.
762 silly tarball no local data for mime-db@https://registry.npmjs.org/mime-db/-/mime-db-1.52.0.tgz. Extracting by manifest.
763 silly tarball no local data for mime@https://registry.npmjs.org/mime/-/mime-3.0.0.tgz. Extracting by manifest.
764 silly tarball no local data for micromatch@https://registry.npmjs.org/micromatch/-/micromatch-4.0.8.tgz. Extracting by manifest.
765 silly tarball no local data for methods@https://registry.npmjs.org/methods/-/methods-1.1.2.tgz. Extracting by manifest.
766 silly tarball no local data for merge-stream@https://registry.npmjs.org/merge-stream/-/merge-stream-2.0.0.tgz. Extracting by manifest.
767 silly tarball no local data for merge-descriptors@https://registry.npmjs.org/merge-descriptors/-/merge-descriptors-1.0.3.tgz. Extracting by manifest.
768 silly tarball no local data for media-typer@https://registry.npmjs.org/media-typer/-/media-typer-0.3.0.tgz. Extracting by manifest.
769 silly tarball no local data for math-intrinsics@https://registry.npmjs.org/math-intrinsics/-/math-intrinsics-1.1.0.tgz. Extracting by manifest.
770 silly tarball no local data for makeerror@https://registry.npmjs.org/makeerror/-/makeerror-1.0.12.tgz. Extracting by manifest.
771 silly tarball no local data for make-dir@https://registry.npmjs.org/make-dir/-/make-dir-4.0.0.tgz. Extracting by manifest.
772 silly tarball no local data for lru-memoizer@https://registry.npmjs.org/lru-memoizer/-/lru-memoizer-2.3.0.tgz. Extracting by manifest.
773 silly tarball no local data for lru-cache@https://registry.npmjs.org/lru-cache/-/lru-cache-5.1.1.tgz. Extracting by manifest.
774 silly tarball no local data for long@https://registry.npmjs.org/long/-/long-5.3.2.tgz. Extracting by manifest.
775 silly tarball no local data for lodash.once@https://registry.npmjs.org/lodash.once/-/lodash.once-4.1.1.tgz. Extracting by manifest.
776 silly tarball no local data for lodash.isstring@https://registry.npmjs.org/lodash.isstring/-/lodash.isstring-4.0.1.tgz. Extracting by manifest.
777 silly tarball no local data for lodash.isplainobject@https://registry.npmjs.org/lodash.isplainobject/-/lodash.isplainobject-4.0.6.tgz. Extracting by manifest.
778 silly tarball no local data for lodash.isnumber@https://registry.npmjs.org/lodash.isnumber/-/lodash.isnumber-3.0.3.tgz. Extracting by manifest.
779 silly tarball no local data for lodash.isinteger@https://registry.npmjs.org/lodash.isinteger/-/lodash.isinteger-4.0.4.tgz. Extracting by manifest.
780 silly tarball no local data for lodash.isboolean@https://registry.npmjs.org/lodash.isboolean/-/lodash.isboolean-3.0.3.tgz. Extracting by manifest.
781 silly tarball no local data for lodash.includes@https://registry.npmjs.org/lodash.includes/-/lodash.includes-4.3.0.tgz. Extracting by manifest.
782 silly tarball no local data for lodash.clonedeep@https://registry.npmjs.org/lodash.clonedeep/-/lodash.clonedeep-4.5.0.tgz. Extracting by manifest.
783 silly tarball no local data for lodash.camelcase@https://registry.npmjs.org/lodash.camelcase/-/lodash.camelcase-4.3.0.tgz. Extracting by manifest.
784 silly tarball no local data for lodash@https://registry.npmjs.org/lodash/-/lodash-4.17.21.tgz. Extracting by manifest.
785 silly tarball no local data for locate-path@https://registry.npmjs.org/locate-path/-/locate-path-5.0.0.tgz. Extracting by manifest.
786 silly tarball no local data for lines-and-columns@https://registry.npmjs.org/lines-and-columns/-/lines-and-columns-1.2.4.tgz. Extracting by manifest.
787 silly tarball no local data for limiter@https://registry.npmjs.org/limiter/-/limiter-1.1.5.tgz. Extracting by manifest.
788 silly tarball no local data for linebreak@https://registry.npmjs.org/linebreak/-/linebreak-1.1.0.tgz. Extracting by manifest.
789 silly tarball no local data for leven@https://registry.npmjs.org/leven/-/leven-3.1.0.tgz. Extracting by manifest.
790 silly tarball no local data for leac@https://registry.npmjs.org/leac/-/leac-0.6.0.tgz. Extracting by manifest.
791 silly tarball no local data for jws@https://registry.npmjs.org/jws/-/jws-4.0.1.tgz. Extracting by manifest.
792 silly tarball no local data for jwks-rsa@https://registry.npmjs.org/jwks-rsa/-/jwks-rsa-3.2.0.tgz. Extracting by manifest.
793 silly tarball no local data for jwa@https://registry.npmjs.org/jwa/-/jwa-2.0.1.tgz. Extracting by manifest.
794 silly tarball no local data for jsonwebtoken@https://registry.npmjs.org/jsonwebtoken/-/jsonwebtoken-9.0.3.tgz. Extracting by manifest.
795 silly tarball no local data for json5@https://registry.npmjs.org/json5/-/json5-2.2.3.tgz. Extracting by manifest.
796 silly tarball no local data for json-bigint@https://registry.npmjs.org/json-bigint/-/json-bigint-1.0.0.tgz. Extracting by manifest.
797 silly tarball no local data for json-parse-even-better-errors@https://registry.npmjs.org/json-parse-even-better-errors/-/json-parse-even-better-errors-2.3.1.tgz. Extracting by manifest.
798 silly tarball no local data for js-yaml@https://registry.npmjs.org/js-yaml/-/js-yaml-3.14.2.tgz. Extracting by manifest.
799 silly tarball no local data for jsesc@https://registry.npmjs.org/jsesc/-/jsesc-3.1.0.tgz. Extracting by manifest.
800 silly tarball no local data for js-tokens@https://registry.npmjs.org/js-tokens/-/js-tokens-4.0.0.tgz. Extracting by manifest.
801 silly tarball no local data for jpeg-exif@https://registry.npmjs.org/jpeg-exif/-/jpeg-exif-1.1.4.tgz. Extracting by manifest.
802 silly tarball no local data for jose@https://registry.npmjs.org/jose/-/jose-4.15.9.tgz. Extracting by manifest.
803 silly tarball no local data for jest-worker@https://registry.npmjs.org/jest-worker/-/jest-worker-30.2.0.tgz. Extracting by manifest.
804 silly tarball no local data for jest-watcher@https://registry.npmjs.org/jest-watcher/-/jest-watcher-30.2.0.tgz. Extracting by manifest.
805 silly tarball no local data for jest-validate@https://registry.npmjs.org/jest-validate/-/jest-validate-30.2.0.tgz. Extracting by manifest.
806 silly tarball no local data for jest-util@https://registry.npmjs.org/jest-util/-/jest-util-30.2.0.tgz. Extracting by manifest.
807 silly tarball no local data for jest-snapshot@https://registry.npmjs.org/jest-snapshot/-/jest-snapshot-30.2.0.tgz. Extracting by manifest.
808 silly tarball no local data for jest-runtime@https://registry.npmjs.org/jest-runtime/-/jest-runtime-30.2.0.tgz. Extracting by manifest.
809 silly tarball no local data for jest-runner@https://registry.npmjs.org/jest-runner/-/jest-runner-30.2.0.tgz. Extracting by manifest.
810 silly tarball no local data for jest-resolve-dependencies@https://registry.npmjs.org/jest-resolve-dependencies/-/jest-resolve-dependencies-30.2.0.tgz. Extracting by manifest.
811 silly tarball no local data for jest-resolve@https://registry.npmjs.org/jest-resolve/-/jest-resolve-30.2.0.tgz. Extracting by manifest.
812 silly tarball no local data for jest-regex-util@https://registry.npmjs.org/jest-regex-util/-/jest-regex-util-30.0.1.tgz. Extracting by manifest.
813 silly tarball no local data for jest-pnp-resolver@https://registry.npmjs.org/jest-pnp-resolver/-/jest-pnp-resolver-1.2.3.tgz. Extracting by manifest.
814 silly tarball no local data for jest-mock@https://registry.npmjs.org/jest-mock/-/jest-mock-30.2.0.tgz. Extracting by manifest.
815 silly tarball no local data for jest-message-util@https://registry.npmjs.org/jest-message-util/-/jest-message-util-30.2.0.tgz. Extracting by manifest.
816 silly tarball no local data for jest-matcher-utils@https://registry.npmjs.org/jest-matcher-utils/-/jest-matcher-utils-30.2.0.tgz. Extracting by manifest.
817 silly tarball no local data for jest-leak-detector@https://registry.npmjs.org/jest-leak-detector/-/jest-leak-detector-30.2.0.tgz. Extracting by manifest.
818 silly tarball no local data for jest-haste-map@https://registry.npmjs.org/jest-haste-map/-/jest-haste-map-30.2.0.tgz. Extracting by manifest.
819 silly tarball no local data for jest-environment-node@https://registry.npmjs.org/jest-environment-node/-/jest-environment-node-30.2.0.tgz. Extracting by manifest.
820 silly tarball no local data for jest-each@https://registry.npmjs.org/jest-each/-/jest-each-30.2.0.tgz. Extracting by manifest.
821 silly tarball no local data for jest-docblock@https://registry.npmjs.org/jest-docblock/-/jest-docblock-30.2.0.tgz. Extracting by manifest.
822 silly tarball no local data for jest-diff@https://registry.npmjs.org/jest-diff/-/jest-diff-30.2.0.tgz. Extracting by manifest.
823 silly tarball no local data for jest-config@https://registry.npmjs.org/jest-config/-/jest-config-30.2.0.tgz. Extracting by manifest.
824 silly tarball no local data for jest-cli@https://registry.npmjs.org/jest-cli/-/jest-cli-30.2.0.tgz. Extracting by manifest.
825 silly tarball no local data for jest-circus@https://registry.npmjs.org/jest-circus/-/jest-circus-30.2.0.tgz. Extracting by manifest.
826 silly tarball no local data for jest-changed-files@https://registry.npmjs.org/jest-changed-files/-/jest-changed-files-30.2.0.tgz. Extracting by manifest.
827 silly tarball no local data for jest@https://registry.npmjs.org/jest/-/jest-30.2.0.tgz. Extracting by manifest.
828 silly tarball no local data for jackspeak@https://registry.npmjs.org/jackspeak/-/jackspeak-3.4.3.tgz. Extracting by manifest.
829 silly tarball no local data for istanbul-reports@https://registry.npmjs.org/istanbul-reports/-/istanbul-reports-3.2.0.tgz. Extracting by manifest.
830 silly tarball no local data for istanbul-lib-source-maps@https://registry.npmjs.org/istanbul-lib-source-maps/-/istanbul-lib-source-maps-5.0.6.tgz. Extracting by manifest.
831 silly tarball no local data for istanbul-lib-report@https://registry.npmjs.org/istanbul-lib-report/-/istanbul-lib-report-3.0.1.tgz. Extracting by manifest.
832 silly tarball no local data for istanbul-lib-instrument@https://registry.npmjs.org/istanbul-lib-instrument/-/istanbul-lib-instrument-6.0.3.tgz. Extracting by manifest.
833 silly tarball no local data for istanbul-lib-coverage@https://registry.npmjs.org/istanbul-lib-coverage/-/istanbul-lib-coverage-3.2.2.tgz. Extracting by manifest.
834 silly tarball no local data for isexe@https://registry.npmjs.org/isexe/-/isexe-2.0.0.tgz. Extracting by manifest.
835 silly tarball no local data for isarray@https://registry.npmjs.org/isarray/-/isarray-2.0.5.tgz. Extracting by manifest.
836 silly tarball no local data for is-weakset@https://registry.npmjs.org/is-weakset/-/is-weakset-2.0.4.tgz. Extracting by manifest.
837 silly tarball no local data for is-weakmap@https://registry.npmjs.org/is-weakmap/-/is-weakmap-2.0.2.tgz. Extracting by manifest.
838 silly tarball no local data for is-symbol@https://registry.npmjs.org/is-symbol/-/is-symbol-1.1.1.tgz. Extracting by manifest.
839 silly tarball no local data for is-string@https://registry.npmjs.org/is-string/-/is-string-1.1.1.tgz. Extracting by manifest.
840 silly tarball no local data for is-stream@https://registry.npmjs.org/is-stream/-/is-stream-2.0.1.tgz. Extracting by manifest.
841 silly tarball no local data for is-shared-array-buffer@https://registry.npmjs.org/is-shared-array-buffer/-/is-shared-array-buffer-1.0.4.tgz. Extracting by manifest.
842 silly tarball no local data for is-set@https://registry.npmjs.org/is-set/-/is-set-2.0.3.tgz. Extracting by manifest.
843 silly tarball no local data for is-regex@https://registry.npmjs.org/is-regex/-/is-regex-1.2.1.tgz. Extracting by manifest.
844 silly tarball no local data for is-number-object@https://registry.npmjs.org/is-number-object/-/is-number-object-1.1.1.tgz. Extracting by manifest.
845 silly tarball no local data for is-map@https://registry.npmjs.org/is-map/-/is-map-2.0.3.tgz. Extracting by manifest.
846 silly tarball no local data for is-number@https://registry.npmjs.org/is-number/-/is-number-7.0.0.tgz. Extracting by manifest.
847 silly tarball no local data for is-generator-fn@https://registry.npmjs.org/is-generator-fn/-/is-generator-fn-2.1.0.tgz. Extracting by manifest.
848 silly tarball no local data for is-fullwidth-code-point@https://registry.npmjs.org/is-fullwidth-code-point/-/is-fullwidth-code-point-3.0.0.tgz. Extracting by manifest.
849 silly tarball no local data for is-date-object@https://registry.npmjs.org/is-date-object/-/is-date-object-1.1.0.tgz. Extracting by manifest.
850 silly tarball no local data for is-boolean-object@https://registry.npmjs.org/is-boolean-object/-/is-boolean-object-1.2.2.tgz. Extracting by manifest.
851 silly tarball no local data for is-callable@https://registry.npmjs.org/is-callable/-/is-callable-1.2.7.tgz. Extracting by manifest.
852 silly tarball no local data for is-bigint@https://registry.npmjs.org/is-bigint/-/is-bigint-1.1.0.tgz. Extracting by manifest.
853 silly tarball no local data for is-arrayish@https://registry.npmjs.org/is-arrayish/-/is-arrayish-0.2.1.tgz. Extracting by manifest.
854 silly tarball no local data for is-arguments@https://registry.npmjs.org/is-arguments/-/is-arguments-1.2.0.tgz. Extracting by manifest.
855 silly tarball no local data for is-array-buffer@https://registry.npmjs.org/is-array-buffer/-/is-array-buffer-3.0.5.tgz. Extracting by manifest.
856 silly tarball no local data for internal-slot@https://registry.npmjs.org/internal-slot/-/internal-slot-1.1.0.tgz. Extracting by manifest.
857 silly tarball no local data for ipaddr.js@https://registry.npmjs.org/ipaddr.js/-/ipaddr.js-1.9.1.tgz. Extracting by manifest.
858 silly tarball no local data for inherits@https://registry.npmjs.org/inherits/-/inherits-2.0.4.tgz. Extracting by manifest.
859 silly tarball no local data for inflight@https://registry.npmjs.org/inflight/-/inflight-1.0.6.tgz. Extracting by manifest.
860 silly tarball no local data for imurmurhash@https://registry.npmjs.org/imurmurhash/-/imurmurhash-0.1.4.tgz. Extracting by manifest.
861 silly tarball no local data for import-local@https://registry.npmjs.org/import-local/-/import-local-3.2.0.tgz. Extracting by manifest.
862 silly tarball no local data for iconv-lite@https://registry.npmjs.org/iconv-lite/-/iconv-lite-0.4.24.tgz. Extracting by manifest.
863 silly tarball no local data for human-signals@https://registry.npmjs.org/human-signals/-/human-signals-2.1.0.tgz. Extracting by manifest.
864 silly tarball no local data for http-proxy-agent@https://registry.npmjs.org/http-proxy-agent/-/http-proxy-agent-5.0.0.tgz. Extracting by manifest.
865 silly tarball no local data for https-proxy-agent@https://registry.npmjs.org/https-proxy-agent/-/https-proxy-agent-7.0.6.tgz. Extracting by manifest.
866 silly tarball no local data for http-parser-js@https://registry.npmjs.org/http-parser-js/-/http-parser-js-0.5.10.tgz. Extracting by manifest.
867 silly tarball no local data for http-errors@https://registry.npmjs.org/http-errors/-/http-errors-2.0.1.tgz. Extracting by manifest.
868 silly tarball no local data for htmlparser2@https://registry.npmjs.org/htmlparser2/-/htmlparser2-8.0.2.tgz. Extracting by manifest.
869 silly tarball no local data for html-to-text@https://registry.npmjs.org/html-to-text/-/html-to-text-9.0.5.tgz. Extracting by manifest.
870 silly tarball no local data for html-escaper@https://registry.npmjs.org/html-escaper/-/html-escaper-2.0.2.tgz. Extracting by manifest.
871 silly tarball no local data for html-entities@https://registry.npmjs.org/html-entities/-/html-entities-2.6.0.tgz. Extracting by manifest.
872 silly tarball no local data for hasown@https://registry.npmjs.org/hasown/-/hasown-2.0.2.tgz. Extracting by manifest.
873 silly tarball no local data for has-tostringtag@https://registry.npmjs.org/has-tostringtag/-/has-tostringtag-1.0.2.tgz. Extracting by manifest.
874 silly tarball no local data for has-symbols@https://registry.npmjs.org/has-symbols/-/has-symbols-1.1.0.tgz. Extracting by manifest.
875 silly tarball no local data for has-property-descriptors@https://registry.npmjs.org/has-property-descriptors/-/has-property-descriptors-1.0.2.tgz. Extracting by manifest.
876 silly tarball no local data for has-flag@https://registry.npmjs.org/has-flag/-/has-flag-4.0.0.tgz. Extracting by manifest.
877 silly tarball no local data for has-bigints@https://registry.npmjs.org/has-bigints/-/has-bigints-1.1.0.tgz. Extracting by manifest.
878 silly tarball no local data for gtoken@https://registry.npmjs.org/gtoken/-/gtoken-7.1.0.tgz. Extracting by manifest.
879 silly tarball no local data for graceful-fs@https://registry.npmjs.org/graceful-fs/-/graceful-fs-4.2.11.tgz. Extracting by manifest.
880 silly tarball no local data for gopd@https://registry.npmjs.org/gopd/-/gopd-1.2.0.tgz. Extracting by manifest.
881 silly tarball no local data for google-logging-utils@https://registry.npmjs.org/google-logging-utils/-/google-logging-utils-0.0.2.tgz. Extracting by manifest.
882 silly tarball no local data for google-gax@https://registry.npmjs.org/google-gax/-/google-gax-4.6.1.tgz. Extracting by manifest.
883 silly tarball no local data for google-auth-library@https://registry.npmjs.org/google-auth-library/-/google-auth-library-9.15.1.tgz. Extracting by manifest.
884 silly tarball no local data for glob@https://registry.npmjs.org/glob/-/glob-10.5.0.tgz. Extracting by manifest.
885 silly tarball no local data for get-stream@https://registry.npmjs.org/get-stream/-/get-stream-6.0.1.tgz. Extracting by manifest.
886 silly tarball no local data for get-proto@https://registry.npmjs.org/get-proto/-/get-proto-1.0.1.tgz. Extracting by manifest.
887 silly tarball no local data for get-package-type@https://registry.npmjs.org/get-package-type/-/get-package-type-0.1.0.tgz. Extracting by manifest.
888 silly tarball no local data for get-intrinsic@https://registry.npmjs.org/get-intrinsic/-/get-intrinsic-1.3.0.tgz. Extracting by manifest.
889 silly tarball no local data for get-caller-file@https://registry.npmjs.org/get-caller-file/-/get-caller-file-2.0.5.tgz. Extracting by manifest.
890 silly tarball no local data for gensync@https://registry.npmjs.org/gensync/-/gensync-1.0.0-beta.2.tgz. Extracting by manifest.
891 silly tarball no local data for gcp-metadata@https://registry.npmjs.org/gcp-metadata/-/gcp-metadata-6.1.1.tgz. Extracting by manifest.
892 silly tarball no local data for gaxios@https://registry.npmjs.org/gaxios/-/gaxios-6.7.1.tgz. Extracting by manifest.
893 silly tarball no local data for functions-have-names@https://registry.npmjs.org/functions-have-names/-/functions-have-names-1.2.3.tgz. Extracting by manifest.
894 silly tarball no local data for functional-red-black-tree@https://registry.npmjs.org/functional-red-black-tree/-/functional-red-black-tree-1.0.1.tgz. Extracting by manifest.
895 silly tarball no local data for function-bind@https://registry.npmjs.org/function-bind/-/function-bind-1.1.2.tgz. Extracting by manifest.
896 silly tarball no local data for fs.realpath@https://registry.npmjs.org/fs.realpath/-/fs.realpath-1.0.0.tgz. Extracting by manifest.
897 silly tarball no local data for fresh@https://registry.npmjs.org/fresh/-/fresh-0.5.2.tgz. Extracting by manifest.
898 silly tarball no local data for forwarded@https://registry.npmjs.org/forwarded/-/forwarded-0.2.0.tgz. Extracting by manifest.
899 silly tarball no local data for form-data@https://registry.npmjs.org/form-data/-/form-data-2.5.5.tgz. Extracting by manifest.
900 silly tarball no local data for foreground-child@https://registry.npmjs.org/foreground-child/-/foreground-child-3.3.1.tgz. Extracting by manifest.
901 silly tarball no local data for for-each@https://registry.npmjs.org/for-each/-/for-each-0.3.5.tgz. Extracting by manifest.
902 silly tarball no local data for fontkit@https://registry.npmjs.org/fontkit/-/fontkit-1.9.0.tgz. Extracting by manifest.
903 silly tarball no local data for firebase-functions-test@https://registry.npmjs.org/firebase-functions-test/-/firebase-functions-test-3.4.1.tgz. Extracting by manifest.
904 silly tarball no local data for firebase-functions@https://registry.npmjs.org/firebase-functions/-/firebase-functions-7.0.2.tgz. Extracting by manifest.
905 silly tarball no local data for firebase-admin@https://registry.npmjs.org/firebase-admin/-/firebase-admin-13.6.0.tgz. Extracting by manifest.
906 silly tarball no local data for find-up@https://registry.npmjs.org/find-up/-/find-up-4.1.0.tgz. Extracting by manifest.
907 silly tarball no local data for finalhandler@https://registry.npmjs.org/finalhandler/-/finalhandler-1.3.2.tgz. Extracting by manifest.
908 silly tarball no local data for fill-range@https://registry.npmjs.org/fill-range/-/fill-range-7.1.1.tgz. Extracting by manifest.
909 silly tarball no local data for fb-watchman@https://registry.npmjs.org/fb-watchman/-/fb-watchman-2.0.2.tgz. Extracting by manifest.
910 silly tarball no local data for faye-websocket@https://registry.npmjs.org/faye-websocket/-/faye-websocket-0.11.4.tgz. Extracting by manifest.
911 silly tarball no local data for fast-xml-parser@https://registry.npmjs.org/fast-xml-parser/-/fast-xml-parser-4.5.3.tgz. Extracting by manifest.
912 silly tarball no local data for fast-json-stable-stringify@https://registry.npmjs.org/fast-json-stable-stringify/-/fast-json-stable-stringify-2.1.0.tgz. Extracting by manifest.
913 silly tarball no local data for fast-deep-equal@https://registry.npmjs.org/fast-deep-equal/-/fast-deep-equal-3.1.3.tgz. Extracting by manifest.
914 silly tarball no local data for farmhash-modern@https://registry.npmjs.org/farmhash-modern/-/farmhash-modern-1.1.0.tgz. Extracting by manifest.
915 silly tarball no local data for extend@https://registry.npmjs.org/extend/-/extend-3.0.2.tgz. Extracting by manifest.
916 silly tarball no local data for express@https://registry.npmjs.org/express/-/express-4.22.1.tgz. Extracting by manifest.
917 silly tarball no local data for expect@https://registry.npmjs.org/expect/-/expect-30.2.0.tgz. Extracting by manifest.
918 silly tarball no local data for exit-x@https://registry.npmjs.org/exit-x/-/exit-x-0.2.2.tgz. Extracting by manifest.
919 silly tarball no local data for execa@https://registry.npmjs.org/execa/-/execa-5.1.1.tgz. Extracting by manifest.
920 silly tarball no local data for event-target-shim@https://registry.npmjs.org/event-target-shim/-/event-target-shim-5.0.1.tgz. Extracting by manifest.
921 silly tarball no local data for etag@https://registry.npmjs.org/etag/-/etag-1.8.1.tgz. Extracting by manifest.
922 silly tarball no local data for esprima@https://registry.npmjs.org/esprima/-/esprima-4.0.1.tgz. Extracting by manifest.
923 silly tarball no local data for escape-string-regexp@https://registry.npmjs.org/escape-string-regexp/-/escape-string-regexp-2.0.0.tgz. Extracting by manifest.
924 silly tarball no local data for escape-html@https://registry.npmjs.org/escape-html/-/escape-html-1.0.3.tgz. Extracting by manifest.
925 silly tarball no local data for escalade@https://registry.npmjs.org/escalade/-/escalade-3.2.0.tgz. Extracting by manifest.
926 silly tarball no local data for es-set-tostringtag@https://registry.npmjs.org/es-set-tostringtag/-/es-set-tostringtag-2.1.0.tgz. Extracting by manifest.
927 silly tarball no local data for es-object-atoms@https://registry.npmjs.org/es-object-atoms/-/es-object-atoms-1.1.1.tgz. Extracting by manifest.
928 silly tarball no local data for es-get-iterator@https://registry.npmjs.org/es-get-iterator/-/es-get-iterator-1.1.3.tgz. Extracting by manifest.
929 silly tarball no local data for es-errors@https://registry.npmjs.org/es-errors/-/es-errors-1.3.0.tgz. Extracting by manifest.
930 silly tarball no local data for es-define-property@https://registry.npmjs.org/es-define-property/-/es-define-property-1.0.1.tgz. Extracting by manifest.
931 silly tarball no local data for error-ex@https://registry.npmjs.org/error-ex/-/error-ex-1.3.4.tgz. Extracting by manifest.
932 silly tarball no local data for entities@https://registry.npmjs.org/entities/-/entities-4.5.0.tgz. Extracting by manifest.
933 silly tarball no local data for end-of-stream@https://registry.npmjs.org/end-of-stream/-/end-of-stream-1.4.5.tgz. Extracting by manifest.
934 silly tarball no local data for encodeurl@https://registry.npmjs.org/encodeurl/-/encodeurl-2.0.0.tgz. Extracting by manifest.
935 silly tarball no local data for emoji-regex@https://registry.npmjs.org/emoji-regex/-/emoji-regex-9.2.2.tgz. Extracting by manifest.
936 silly tarball no local data for emittery@https://registry.npmjs.org/emittery/-/emittery-0.13.1.tgz. Extracting by manifest.
937 silly tarball no local data for electron-to-chromium@https://registry.npmjs.org/electron-to-chromium/-/electron-to-chromium-1.5.267.tgz. Extracting by manifest.
938 silly tarball no local data for ee-first@https://registry.npmjs.org/ee-first/-/ee-first-1.1.1.tgz. Extracting by manifest.
939 silly tarball no local data for ecdsa-sig-formatter@https://registry.npmjs.org/ecdsa-sig-formatter/-/ecdsa-sig-formatter-1.0.11.tgz. Extracting by manifest.
940 silly tarball no local data for eastasianwidth@https://registry.npmjs.org/eastasianwidth/-/eastasianwidth-0.2.0.tgz. Extracting by manifest.
941 silly tarball no local data for duplexify@https://registry.npmjs.org/duplexify/-/duplexify-4.1.3.tgz. Extracting by manifest.
942 silly tarball no local data for dunder-proto@https://registry.npmjs.org/dunder-proto/-/dunder-proto-1.0.1.tgz. Extracting by manifest.
943 silly tarball no local data for domutils@https://registry.npmjs.org/domutils/-/domutils-3.2.2.tgz. Extracting by manifest.
944 silly tarball no local data for domhandler@https://registry.npmjs.org/domhandler/-/domhandler-5.0.3.tgz. Extracting by manifest.
945 silly tarball no local data for domelementtype@https://registry.npmjs.org/domelementtype/-/domelementtype-2.3.0.tgz. Extracting by manifest.
946 silly tarball no local data for dom-serializer@https://registry.npmjs.org/dom-serializer/-/dom-serializer-2.0.0.tgz. Extracting by manifest.
947 silly tarball no local data for dfa@https://registry.npmjs.org/dfa/-/dfa-1.2.0.tgz. Extracting by manifest.
948 silly tarball no local data for detect-newline@https://registry.npmjs.org/detect-newline/-/detect-newline-3.1.0.tgz. Extracting by manifest.
949 silly tarball no local data for destroy@https://registry.npmjs.org/destroy/-/destroy-1.2.0.tgz. Extracting by manifest.
950 silly tarball no local data for depd@https://registry.npmjs.org/depd/-/depd-2.0.0.tgz. Extracting by manifest.
951 silly tarball no local data for define-properties@https://registry.npmjs.org/define-properties/-/define-properties-1.2.1.tgz. Extracting by manifest.
952 silly tarball no local data for delayed-stream@https://registry.npmjs.org/delayed-stream/-/delayed-stream-1.0.0.tgz. Extracting by manifest.
953 silly tarball no local data for define-data-property@https://registry.npmjs.org/define-data-property/-/define-data-property-1.1.4.tgz. Extracting by manifest.
954 silly tarball no local data for deepmerge@https://registry.npmjs.org/deepmerge/-/deepmerge-4.3.1.tgz. Extracting by manifest.
955 silly tarball no local data for deep-equal@https://registry.npmjs.org/deep-equal/-/deep-equal-2.2.3.tgz. Extracting by manifest.
956 silly tarball no local data for dedent@https://registry.npmjs.org/dedent/-/dedent-1.7.1.tgz. Extracting by manifest.
957 silly tarball no local data for debug@https://registry.npmjs.org/debug/-/debug-2.6.9.tgz. Extracting by manifest.
958 silly tarball no local data for crypto-js@https://registry.npmjs.org/crypto-js/-/crypto-js-4.2.0.tgz. Extracting by manifest.
959 silly tarball no local data for cross-spawn@https://registry.npmjs.org/cross-spawn/-/cross-spawn-7.0.6.tgz. Extracting by manifest.
960 silly tarball no local data for cors@https://registry.npmjs.org/cors/-/cors-2.8.5.tgz. Extracting by manifest.
961 silly tarball no local data for cookie-signature@https://registry.npmjs.org/cookie-signature/-/cookie-signature-1.0.7.tgz. Extracting by manifest.
962 silly tarball no local data for cookie@https://registry.npmjs.org/cookie/-/cookie-0.7.2.tgz. Extracting by manifest.
963 silly tarball no local data for convert-source-map@https://registry.npmjs.org/convert-source-map/-/convert-source-map-2.0.0.tgz. Extracting by manifest.
964 silly tarball no local data for content-type@https://registry.npmjs.org/content-type/-/content-type-1.0.5.tgz. Extracting by manifest.
965 silly tarball no local data for content-disposition@https://registry.npmjs.org/content-disposition/-/content-disposition-0.5.4.tgz. Extracting by manifest.
966 silly tarball no local data for concat-map@https://registry.npmjs.org/concat-map/-/concat-map-0.0.1.tgz. Extracting by manifest.
967 silly tarball no local data for combined-stream@https://registry.npmjs.org/combined-stream/-/combined-stream-1.0.8.tgz. Extracting by manifest.
968 silly tarball no local data for color-name@https://registry.npmjs.org/color-name/-/color-name-1.1.4.tgz. Extracting by manifest.
969 silly tarball no local data for color-convert@https://registry.npmjs.org/color-convert/-/color-convert-2.0.1.tgz. Extracting by manifest.
970 silly tarball no local data for collect-v8-coverage@https://registry.npmjs.org/collect-v8-coverage/-/collect-v8-coverage-1.0.3.tgz. Extracting by manifest.
971 silly tarball no local data for co@https://registry.npmjs.org/co/-/co-4.6.0.tgz. Extracting by manifest.
972 silly tarball no local data for clone@https://registry.npmjs.org/clone/-/clone-2.1.2.tgz. Extracting by manifest.
973 silly tarball no local data for cliui@https://registry.npmjs.org/cliui/-/cliui-8.0.1.tgz. Extracting by manifest.
974 silly tarball no local data for cjs-module-lexer@https://registry.npmjs.org/cjs-module-lexer/-/cjs-module-lexer-2.1.1.tgz. Extracting by manifest.
975 silly tarball no local data for ci-info@https://registry.npmjs.org/ci-info/-/ci-info-4.3.1.tgz. Extracting by manifest.
976 silly tarball no local data for char-regex@https://registry.npmjs.org/char-regex/-/char-regex-1.0.2.tgz. Extracting by manifest.
977 silly tarball no local data for chalk@https://registry.npmjs.org/chalk/-/chalk-4.1.2.tgz. Extracting by manifest.
978 silly tarball no local data for caniuse-lite@https://registry.npmjs.org/caniuse-lite/-/caniuse-lite-1.0.30001762.tgz. Extracting by manifest.
979 silly tarball no local data for camelcase@https://registry.npmjs.org/camelcase/-/camelcase-5.3.1.tgz. Extracting by manifest.
980 silly tarball no local data for callsites@https://registry.npmjs.org/callsites/-/callsites-3.1.0.tgz. Extracting by manifest.
981 silly tarball no local data for call-bound@https://registry.npmjs.org/call-bound/-/call-bound-1.0.4.tgz. Extracting by manifest.
982 silly tarball no local data for call-bind-apply-helpers@https://registry.npmjs.org/call-bind-apply-helpers/-/call-bind-apply-helpers-1.0.2.tgz. Extracting by manifest.
983 silly tarball no local data for call-bind@https://registry.npmjs.org/call-bind/-/call-bind-1.0.8.tgz. Extracting by manifest.
984 silly tarball no local data for bytes@https://registry.npmjs.org/bytes/-/bytes-3.1.2.tgz. Extracting by manifest.
985 silly tarball no local data for buffer-from@https://registry.npmjs.org/buffer-from/-/buffer-from-1.1.2.tgz. Extracting by manifest.
986 silly tarball no local data for buffer-equal-constant-time@https://registry.npmjs.org/buffer-equal-constant-time/-/buffer-equal-constant-time-1.0.1.tgz. Extracting by manifest.
987 silly tarball no local data for bser@https://registry.npmjs.org/bser/-/bser-2.1.1.tgz. Extracting by manifest.
988 silly tarball no local data for browserslist@https://registry.npmjs.org/browserslist/-/browserslist-4.28.1.tgz. Extracting by manifest.
989 silly tarball no local data for brotli@https://registry.npmjs.org/brotli/-/brotli-1.3.3.tgz. Extracting by manifest.
990 silly tarball no local data for braces@https://registry.npmjs.org/braces/-/braces-3.0.3.tgz. Extracting by manifest.
991 silly tarball no local data for brace-expansion@https://registry.npmjs.org/brace-expansion/-/brace-expansion-2.0.2.tgz. Extracting by manifest.
992 silly tarball no local data for body-parser@https://registry.npmjs.org/body-parser/-/body-parser-1.20.4.tgz. Extracting by manifest.
993 silly tarball no local data for bignumber.js@https://registry.npmjs.org/bignumber.js/-/bignumber.js-9.3.1.tgz. Extracting by manifest.
994 silly tarball no local data for baseline-browser-mapping@https://registry.npmjs.org/baseline-browser-mapping/-/baseline-browser-mapping-2.9.11.tgz. Extracting by manifest.
995 silly tarball no local data for base64-js@https://registry.npmjs.org/base64-js/-/base64-js-1.5.1.tgz. Extracting by manifest.
996 silly tarball no local data for balanced-match@https://registry.npmjs.org/balanced-match/-/balanced-match-1.0.2.tgz. Extracting by manifest.
997 silly tarball no local data for babel-preset-jest@https://registry.npmjs.org/babel-preset-jest/-/babel-preset-jest-30.2.0.tgz. Extracting by manifest.
998 silly tarball no local data for babel-preset-current-node-syntax@https://registry.npmjs.org/babel-preset-current-node-syntax/-/babel-preset-current-node-syntax-1.2.0.tgz. Extracting by manifest.
999 silly tarball no local data for babel-plugin-jest-hoist@https://registry.npmjs.org/babel-plugin-jest-hoist/-/babel-plugin-jest-hoist-30.2.0.tgz. Extracting by manifest.
1000 silly tarball no local data for babel-plugin-istanbul@https://registry.npmjs.org/babel-plugin-istanbul/-/babel-plugin-istanbul-7.0.1.tgz. Extracting by manifest.
1001 silly tarball no local data for babel-jest@https://registry.npmjs.org/babel-jest/-/babel-jest-30.2.0.tgz. Extracting by manifest.
1002 silly tarball no local data for available-typed-arrays@https://registry.npmjs.org/available-typed-arrays/-/available-typed-arrays-1.0.7.tgz. Extracting by manifest.
1003 silly tarball no local data for asynckit@https://registry.npmjs.org/asynckit/-/asynckit-0.4.0.tgz. Extracting by manifest.
1004 silly tarball no local data for async-retry@https://registry.npmjs.org/async-retry/-/async-retry-1.3.3.tgz. Extracting by manifest.
1005 silly tarball no local data for arrify@https://registry.npmjs.org/arrify/-/arrify-2.0.1.tgz. Extracting by manifest.
1006 silly tarball no local data for array-flatten@https://registry.npmjs.org/array-flatten/-/array-flatten-1.1.1.tgz. Extracting by manifest.
1007 silly tarball no local data for array-buffer-byte-length@https://registry.npmjs.org/array-buffer-byte-length/-/array-buffer-byte-length-1.0.2.tgz. Extracting by manifest.
1008 silly tarball no local data for anymatch@https://registry.npmjs.org/anymatch/-/anymatch-3.1.3.tgz. Extracting by manifest.
1009 silly tarball no local data for ansi-styles@https://registry.npmjs.org/ansi-styles/-/ansi-styles-4.3.0.tgz. Extracting by manifest.
1010 silly tarball no local data for ansi-regex@https://registry.npmjs.org/ansi-regex/-/ansi-regex-6.2.2.tgz. Extracting by manifest.
1011 silly tarball no local data for ansi-escapes@https://registry.npmjs.org/ansi-escapes/-/ansi-escapes-4.3.2.tgz. Extracting by manifest.
1012 silly tarball no local data for argparse@https://registry.npmjs.org/argparse/-/argparse-1.0.10.tgz. Extracting by manifest.
1013 silly tarball no local data for agent-base@https://registry.npmjs.org/agent-base/-/agent-base-7.1.4.tgz. Extracting by manifest.
1014 silly tarball no local data for accepts@https://registry.npmjs.org/accepts/-/accepts-1.3.8.tgz. Extracting by manifest.
1015 silly tarball no local data for abort-controller@https://registry.npmjs.org/abort-controller/-/abort-controller-3.0.0.tgz. Extracting by manifest.
1016 silly tarball no local data for @unrs/resolver-binding-win32-x64-msvc@https://registry.npmjs.org/@unrs/resolver-binding-win32-x64-msvc/-/resolver-binding-win32-x64-msvc-1.11.1.tgz. Extracting by manifest.
1017 silly tarball no local data for @ungap/structured-clone@https://registry.npmjs.org/@ungap/structured-clone/-/structured-clone-1.3.0.tgz. Extracting by manifest.
1018 silly tarball no local data for @types/yargs-parser@https://registry.npmjs.org/@types/yargs-parser/-/yargs-parser-21.0.3.tgz. Extracting by manifest.
1019 silly tarball no local data for @types/yargs@https://registry.npmjs.org/@types/yargs/-/yargs-17.0.35.tgz. Extracting by manifest.
1020 silly tarball no local data for @types/tough-cookie@https://registry.npmjs.org/@types/tough-cookie/-/tough-cookie-4.0.5.tgz. Extracting by manifest.
1021 silly tarball no local data for @types/stack-utils@https://registry.npmjs.org/@types/stack-utils/-/stack-utils-2.0.3.tgz. Extracting by manifest.
1022 silly tarball no local data for @types/serve-static@https://registry.npmjs.org/@types/serve-static/-/serve-static-1.15.10.tgz. Extracting by manifest.
1023 silly tarball no local data for @types/send@https://registry.npmjs.org/@types/send/-/send-1.2.1.tgz. Extracting by manifest.
1024 silly tarball no local data for @types/request@https://registry.npmjs.org/@types/request/-/request-2.48.13.tgz. Extracting by manifest.
1025 silly tarball no local data for @types/range-parser@https://registry.npmjs.org/@types/range-parser/-/range-parser-1.2.7.tgz. Extracting by manifest.
1026 silly tarball no local data for @types/qs@https://registry.npmjs.org/@types/qs/-/qs-6.14.0.tgz. Extracting by manifest.
1027 silly tarball no local data for @types/node@https://registry.npmjs.org/@types/node/-/node-22.19.3.tgz. Extracting by manifest.
1028 silly tarball no local data for @types/ms@https://registry.npmjs.org/@types/ms/-/ms-2.1.0.tgz. Extracting by manifest.
1029 silly tarball no local data for @types/mime@https://registry.npmjs.org/@types/mime/-/mime-1.3.5.tgz. Extracting by manifest.
1030 silly tarball no local data for @types/long@https://registry.npmjs.org/@types/long/-/long-4.0.2.tgz. Extracting by manifest.
1031 silly tarball no local data for @types/lodash@https://registry.npmjs.org/@types/lodash/-/lodash-4.17.21.tgz. Extracting by manifest.
1032 silly tarball no local data for @types/jsonwebtoken@https://registry.npmjs.org/@types/jsonwebtoken/-/jsonwebtoken-9.0.10.tgz. Extracting by manifest.
1033 silly tarball no local data for @types/istanbul-reports@https://registry.npmjs.org/@types/istanbul-reports/-/istanbul-reports-3.0.4.tgz. Extracting by manifest.
1034 silly tarball no local data for @types/istanbul-lib-report@https://registry.npmjs.org/@types/istanbul-lib-report/-/istanbul-lib-report-3.0.3.tgz. Extracting by manifest.
1035 silly tarball no local data for @types/istanbul-lib-coverage@https://registry.npmjs.org/@types/istanbul-lib-coverage/-/istanbul-lib-coverage-2.0.6.tgz. Extracting by manifest.
1036 silly tarball no local data for @types/http-errors@https://registry.npmjs.org/@types/http-errors/-/http-errors-2.0.5.tgz. Extracting by manifest.
1037 silly tarball no local data for @types/express-serve-static-core@https://registry.npmjs.org/@types/express-serve-static-core/-/express-serve-static-core-4.19.7.tgz. Extracting by manifest.
1038 silly tarball no local data for @types/express@https://registry.npmjs.org/@types/express/-/express-4.17.25.tgz. Extracting by manifest.
1039 silly tarball no local data for @types/cors@https://registry.npmjs.org/@types/cors/-/cors-2.8.19.tgz. Extracting by manifest.
1040 silly tarball no local data for @types/connect@https://registry.npmjs.org/@types/connect/-/connect-3.4.38.tgz. Extracting by manifest.
1041 silly tarball no local data for @types/caseless@https://registry.npmjs.org/@types/caseless/-/caseless-0.12.5.tgz. Extracting by manifest.
1042 silly tarball no local data for @types/body-parser@https://registry.npmjs.org/@types/body-parser/-/body-parser-1.19.6.tgz. Extracting by manifest.
1043 silly tarball no local data for @types/babel__traverse@https://registry.npmjs.org/@types/babel__traverse/-/babel__traverse-7.28.0.tgz. Extracting by manifest.
1044 silly tarball no local data for @types/babel__template@https://registry.npmjs.org/@types/babel__template/-/babel__template-7.4.4.tgz. Extracting by manifest.
1045 silly tarball no local data for @types/babel__generator@https://registry.npmjs.org/@types/babel__generator/-/babel__generator-7.27.0.tgz. Extracting by manifest.
1046 silly tarball no local data for @types/babel__core@https://registry.npmjs.org/@types/babel__core/-/babel__core-7.20.5.tgz. Extracting by manifest.
1047 silly tarball no local data for @tootallnate/once@https://registry.npmjs.org/@tootallnate/once/-/once-2.0.0.tgz. Extracting by manifest.
1048 silly tarball no local data for @swc/helpers@https://registry.npmjs.org/@swc/helpers/-/helpers-0.3.17.tgz. Extracting by manifest.
1049 silly tarball no local data for @sinonjs/fake-timers@https://registry.npmjs.org/@sinonjs/fake-timers/-/fake-timers-13.0.5.tgz. Extracting by manifest.
1050 silly tarball no local data for @sinonjs/commons@https://registry.npmjs.org/@sinonjs/commons/-/commons-3.0.1.tgz. Extracting by manifest.
1051 silly tarball no local data for @sinclair/typebox@https://registry.npmjs.org/@sinclair/typebox/-/typebox-0.34.46.tgz. Extracting by manifest.
1052 silly tarball no local data for @selderee/plugin-htmlparser2@https://registry.npmjs.org/@selderee/plugin-htmlparser2/-/plugin-htmlparser2-0.11.0.tgz. Extracting by manifest.
1053 silly tarball no local data for @react-email/render@https://registry.npmjs.org/@react-email/render/-/render-1.1.2.tgz. Extracting by manifest.
1054 silly tarball no local data for @protobufjs/utf8@https://registry.npmjs.org/@protobufjs/utf8/-/utf8-1.1.0.tgz. Extracting by manifest.
1055 silly tarball no local data for @protobufjs/pool@https://registry.npmjs.org/@protobufjs/pool/-/pool-1.1.0.tgz. Extracting by manifest.
1056 silly tarball no local data for @protobufjs/path@https://registry.npmjs.org/@protobufjs/path/-/path-1.1.2.tgz. Extracting by manifest.
1057 silly tarball no local data for @protobufjs/inquire@https://registry.npmjs.org/@protobufjs/inquire/-/inquire-1.1.0.tgz. Extracting by manifest.
1058 silly tarball no local data for @protobufjs/float@https://registry.npmjs.org/@protobufjs/float/-/float-1.0.2.tgz. Extracting by manifest.
1059 silly tarball no local data for @protobufjs/fetch@https://registry.npmjs.org/@protobufjs/fetch/-/fetch-1.1.0.tgz. Extracting by manifest.
1060 silly tarball no local data for @protobufjs/eventemitter@https://registry.npmjs.org/@protobufjs/eventemitter/-/eventemitter-1.1.0.tgz. Extracting by manifest.
1061 silly tarball no local data for @protobufjs/codegen@https://registry.npmjs.org/@protobufjs/codegen/-/codegen-2.0.4.tgz. Extracting by manifest.
1062 silly tarball no local data for @protobufjs/base64@https://registry.npmjs.org/@protobufjs/base64/-/base64-1.1.2.tgz. Extracting by manifest.
1063 silly tarball no local data for @protobufjs/aspromise@https://registry.npmjs.org/@protobufjs/aspromise/-/aspromise-1.1.2.tgz. Extracting by manifest.
1064 silly tarball no local data for @pkgr/core@https://registry.npmjs.org/@pkgr/core/-/core-0.2.9.tgz. Extracting by manifest.
1065 silly tarball no local data for @pkgjs/parseargs@https://registry.npmjs.org/@pkgjs/parseargs/-/parseargs-0.11.0.tgz. Extracting by manifest.
1066 silly tarball no local data for @opentelemetry/api@https://registry.npmjs.org/@opentelemetry/api/-/api-1.9.0.tgz. Extracting by manifest.
1067 silly tarball no local data for @js-sdsl/ordered-map@https://registry.npmjs.org/@js-sdsl/ordered-map/-/ordered-map-4.4.2.tgz. Extracting by manifest.
1068 silly tarball no local data for @jridgewell/trace-mapping@https://registry.npmjs.org/@jridgewell/trace-mapping/-/trace-mapping-0.3.31.tgz. Extracting by manifest.
1069 silly tarball no local data for @jridgewell/sourcemap-codec@https://registry.npmjs.org/@jridgewell/sourcemap-codec/-/sourcemap-codec-1.5.5.tgz. Extracting by manifest.
1070 silly tarball no local data for @jridgewell/resolve-uri@https://registry.npmjs.org/@jridgewell/resolve-uri/-/resolve-uri-3.1.2.tgz. Extracting by manifest.
1071 silly tarball no local data for @jridgewell/remapping@https://registry.npmjs.org/@jridgewell/remapping/-/remapping-2.3.5.tgz. Extracting by manifest.
1072 silly tarball no local data for @jridgewell/gen-mapping@https://registry.npmjs.org/@jridgewell/gen-mapping/-/gen-mapping-0.3.13.tgz. Extracting by manifest.
1073 silly tarball no local data for @jest/types@https://registry.npmjs.org/@jest/types/-/types-30.2.0.tgz. Extracting by manifest.
1074 silly tarball no local data for @jest/transform@https://registry.npmjs.org/@jest/transform/-/transform-30.2.0.tgz. Extracting by manifest.
1075 silly tarball no local data for @jest/test-sequencer@https://registry.npmjs.org/@jest/test-sequencer/-/test-sequencer-30.2.0.tgz. Extracting by manifest.
1076 silly tarball no local data for @jest/test-result@https://registry.npmjs.org/@jest/test-result/-/test-result-30.2.0.tgz. Extracting by manifest.
1077 silly tarball no local data for @jest/source-map@https://registry.npmjs.org/@jest/source-map/-/source-map-30.0.1.tgz. Extracting by manifest.
1078 silly tarball no local data for @jest/snapshot-utils@https://registry.npmjs.org/@jest/snapshot-utils/-/snapshot-utils-30.2.0.tgz. Extracting by manifest.
1079 silly tarball no local data for @jest/schemas@https://registry.npmjs.org/@jest/schemas/-/schemas-30.0.5.tgz. Extracting by manifest.
1080 silly tarball no local data for @jest/reporters@https://registry.npmjs.org/@jest/reporters/-/reporters-30.2.0.tgz. Extracting by manifest.
1081 silly tarball no local data for @jest/pattern@https://registry.npmjs.org/@jest/pattern/-/pattern-30.0.1.tgz. Extracting by manifest.
1082 silly tarball no local data for @jest/globals@https://registry.npmjs.org/@jest/globals/-/globals-30.2.0.tgz. Extracting by manifest.
1083 silly tarball no local data for @jest/get-type@https://registry.npmjs.org/@jest/get-type/-/get-type-30.1.0.tgz. Extracting by manifest.
1084 silly tarball no local data for @jest/fake-timers@https://registry.npmjs.org/@jest/fake-timers/-/fake-timers-30.2.0.tgz. Extracting by manifest.
1085 silly tarball no local data for @jest/expect-utils@https://registry.npmjs.org/@jest/expect-utils/-/expect-utils-30.2.0.tgz. Extracting by manifest.
1086 silly tarball no local data for @jest/expect@https://registry.npmjs.org/@jest/expect/-/expect-30.2.0.tgz. Extracting by manifest.
1087 silly tarball no local data for @jest/environment@https://registry.npmjs.org/@jest/environment/-/environment-30.2.0.tgz. Extracting by manifest.
1088 silly tarball no local data for @jest/diff-sequences@https://registry.npmjs.org/@jest/diff-sequences/-/diff-sequences-30.0.1.tgz. Extracting by manifest.
1089 silly tarball no local data for @jest/core@https://registry.npmjs.org/@jest/core/-/core-30.2.0.tgz. Extracting by manifest.
1090 silly tarball no local data for @jest/console@https://registry.npmjs.org/@jest/console/-/console-30.2.0.tgz. Extracting by manifest.
1091 silly tarball no local data for @istanbuljs/schema@https://registry.npmjs.org/@istanbuljs/schema/-/schema-0.1.3.tgz. Extracting by manifest.
1092 silly tarball no local data for @istanbuljs/load-nyc-config@https://registry.npmjs.org/@istanbuljs/load-nyc-config/-/load-nyc-config-1.1.0.tgz. Extracting by manifest.
1093 silly tarball no local data for @isaacs/cliui@https://registry.npmjs.org/@isaacs/cliui/-/cliui-8.0.2.tgz. Extracting by manifest.
1094 silly tarball no local data for @grpc/proto-loader@https://registry.npmjs.org/@grpc/proto-loader/-/proto-loader-0.7.15.tgz. Extracting by manifest.
1095 silly tarball no local data for @grpc/grpc-js@https://registry.npmjs.org/@grpc/grpc-js/-/grpc-js-1.14.3.tgz. Extracting by manifest.
1096 silly tarball no local data for @google-cloud/storage@https://registry.npmjs.org/@google-cloud/storage/-/storage-7.18.0.tgz. Extracting by manifest.
1097 silly tarball no local data for @google-cloud/promisify@https://registry.npmjs.org/@google-cloud/promisify/-/promisify-4.0.0.tgz. Extracting by manifest.
1098 silly tarball no local data for @google-cloud/projectify@https://registry.npmjs.org/@google-cloud/projectify/-/projectify-4.0.0.tgz. Extracting by manifest.
1099 silly tarball no local data for @google-cloud/paginator@https://registry.npmjs.org/@google-cloud/paginator/-/paginator-5.0.2.tgz. Extracting by manifest.
1100 silly tarball no local data for @google-cloud/firestore@https://registry.npmjs.org/@google-cloud/firestore/-/firestore-7.11.6.tgz. Extracting by manifest.
1101 silly tarball no local data for @firebase/util@https://registry.npmjs.org/@firebase/util/-/util-1.13.0.tgz. Extracting by manifest.
1102 silly tarball no local data for @firebase/logger@https://registry.npmjs.org/@firebase/logger/-/logger-0.5.0.tgz. Extracting by manifest.
1103 silly tarball no local data for @firebase/database-types@https://registry.npmjs.org/@firebase/database-types/-/database-types-1.0.16.tgz. Extracting by manifest.
1104 silly tarball no local data for @firebase/database-compat@https://registry.npmjs.org/@firebase/database-compat/-/database-compat-2.1.0.tgz. Extracting by manifest.
1105 silly tarball no local data for @firebase/database@https://registry.npmjs.org/@firebase/database/-/database-1.1.0.tgz. Extracting by manifest.
1106 silly tarball no local data for @firebase/component@https://registry.npmjs.org/@firebase/component/-/component-0.7.0.tgz. Extracting by manifest.
1107 silly tarball no local data for @firebase/auth-interop-types@https://registry.npmjs.org/@firebase/auth-interop-types/-/auth-interop-types-0.2.4.tgz. Extracting by manifest.
1108 silly tarball no local data for @firebase/app-types@https://registry.npmjs.org/@firebase/app-types/-/app-types-0.9.3.tgz. Extracting by manifest.
1109 silly tarball no local data for @firebase/app-check-interop-types@https://registry.npmjs.org/@firebase/app-check-interop-types/-/app-check-interop-types-0.3.3.tgz. Extracting by manifest.
1110 silly tarball no local data for @fastify/busboy@https://registry.npmjs.org/@fastify/busboy/-/busboy-3.2.0.tgz. Extracting by manifest.
1111 silly tarball no local data for @bcoe/v8-coverage@https://registry.npmjs.org/@bcoe/v8-coverage/-/v8-coverage-0.2.3.tgz. Extracting by manifest.
1112 silly tarball no local data for @babel/types@https://registry.npmjs.org/@babel/types/-/types-7.28.5.tgz. Extracting by manifest.
1113 silly tarball no local data for @babel/traverse@https://registry.npmjs.org/@babel/traverse/-/traverse-7.28.5.tgz. Extracting by manifest.
1114 silly tarball no local data for @babel/template@https://registry.npmjs.org/@babel/template/-/template-7.27.2.tgz. Extracting by manifest.
1115 silly tarball no local data for @babel/plugin-syntax-typescript@https://registry.npmjs.org/@babel/plugin-syntax-typescript/-/plugin-syntax-typescript-7.27.1.tgz. Extracting by manifest.
1116 silly tarball no local data for @babel/plugin-syntax-private-property-in-object@https://registry.npmjs.org/@babel/plugin-syntax-private-property-in-object/-/plugin-syntax-private-property-in-object-7.14.5.tgz. Extracting by manifest.
1117 silly tarball no local data for @babel/plugin-syntax-top-level-await@https://registry.npmjs.org/@babel/plugin-syntax-top-level-await/-/plugin-syntax-top-level-await-7.14.5.tgz. Extracting by manifest.
1118 silly tarball no local data for @babel/plugin-syntax-optional-chaining@https://registry.npmjs.org/@babel/plugin-syntax-optional-chaining/-/plugin-syntax-optional-chaining-7.8.3.tgz. Extracting by manifest.
1119 silly tarball no local data for @babel/plugin-syntax-optional-catch-binding@https://registry.npmjs.org/@babel/plugin-syntax-optional-catch-binding/-/plugin-syntax-optional-catch-binding-7.8.3.tgz. Extracting by manifest.
1120 silly tarball no local data for @babel/plugin-syntax-object-rest-spread@https://registry.npmjs.org/@babel/plugin-syntax-object-rest-spread/-/plugin-syntax-object-rest-spread-7.8.3.tgz. Extracting by manifest.
1121 silly tarball no local data for @babel/plugin-syntax-numeric-separator@https://registry.npmjs.org/@babel/plugin-syntax-numeric-separator/-/plugin-syntax-numeric-separator-7.10.4.tgz. Extracting by manifest.
1122 silly tarball no local data for @babel/plugin-syntax-nullish-coalescing-operator@https://registry.npmjs.org/@babel/plugin-syntax-nullish-coalescing-operator/-/plugin-syntax-nullish-coalescing-operator-7.8.3.tgz. Extracting by manifest.
1123 silly tarball no local data for @babel/plugin-syntax-logical-assignment-operators@https://registry.npmjs.org/@babel/plugin-syntax-logical-assignment-operators/-/plugin-syntax-logical-assignment-operators-7.10.4.tgz. Extracting by manifest.
1124 silly tarball no local data for @babel/plugin-syntax-jsx@https://registry.npmjs.org/@babel/plugin-syntax-jsx/-/plugin-syntax-jsx-7.27.1.tgz. Extracting by manifest.
1125 silly tarball no local data for @babel/plugin-syntax-json-strings@https://registry.npmjs.org/@babel/plugin-syntax-json-strings/-/plugin-syntax-json-strings-7.8.3.tgz. Extracting by manifest.
1126 silly tarball no local data for @babel/plugin-syntax-import-meta@https://registry.npmjs.org/@babel/plugin-syntax-import-meta/-/plugin-syntax-import-meta-7.10.4.tgz. Extracting by manifest.
1127 silly tarball no local data for @babel/plugin-syntax-class-static-block@https://registry.npmjs.org/@babel/plugin-syntax-class-static-block/-/plugin-syntax-class-static-block-7.14.5.tgz. Extracting by manifest.
1128 silly tarball no local data for @babel/plugin-syntax-class-properties@https://registry.npmjs.org/@babel/plugin-syntax-class-properties/-/plugin-syntax-class-properties-7.12.13.tgz. Extracting by manifest.
1129 silly tarball no local data for @babel/plugin-syntax-import-attributes@https://registry.npmjs.org/@babel/plugin-syntax-import-attributes/-/plugin-syntax-import-attributes-7.27.1.tgz. Extracting by manifest.
1130 silly tarball no local data for @babel/plugin-syntax-bigint@https://registry.npmjs.org/@babel/plugin-syntax-bigint/-/plugin-syntax-bigint-7.8.3.tgz. Extracting by manifest.
1131 silly tarball no local data for @babel/plugin-syntax-async-generators@https://registry.npmjs.org/@babel/plugin-syntax-async-generators/-/plugin-syntax-async-generators-7.8.4.tgz. Extracting by manifest.
1132 silly tarball no local data for @babel/parser@https://registry.npmjs.org/@babel/parser/-/parser-7.28.5.tgz. Extracting by manifest.
1133 silly tarball no local data for @babel/helpers@https://registry.npmjs.org/@babel/helpers/-/helpers-7.28.4.tgz. Extracting by manifest.
1134 silly tarball no local data for @babel/helper-validator-option@https://registry.npmjs.org/@babel/helper-validator-option/-/helper-validator-option-7.27.1.tgz. Extracting by manifest.
1135 silly tarball no local data for @babel/helper-validator-identifier@https://registry.npmjs.org/@babel/helper-validator-identifier/-/helper-validator-identifier-7.28.5.tgz. Extracting by manifest.
1136 silly tarball no local data for @babel/helper-string-parser@https://registry.npmjs.org/@babel/helper-string-parser/-/helper-string-parser-7.27.1.tgz. Extracting by manifest.
1137 silly tarball no local data for @babel/helper-plugin-utils@https://registry.npmjs.org/@babel/helper-plugin-utils/-/helper-plugin-utils-7.27.1.tgz. Extracting by manifest.
1138 silly tarball no local data for @babel/helper-module-transforms@https://registry.npmjs.org/@babel/helper-module-transforms/-/helper-module-transforms-7.28.3.tgz. Extracting by manifest.
1139 silly tarball no local data for @babel/helper-module-imports@https://registry.npmjs.org/@babel/helper-module-imports/-/helper-module-imports-7.27.1.tgz. Extracting by manifest.
1140 silly tarball no local data for @babel/helper-globals@https://registry.npmjs.org/@babel/helper-globals/-/helper-globals-7.28.0.tgz. Extracting by manifest.
1141 silly tarball no local data for @babel/helper-compilation-targets@https://registry.npmjs.org/@babel/helper-compilation-targets/-/helper-compilation-targets-7.27.2.tgz. Extracting by manifest.
1142 silly tarball no local data for @babel/generator@https://registry.npmjs.org/@babel/generator/-/generator-7.28.5.tgz. Extracting by manifest.
1143 silly tarball no local data for @babel/core@https://registry.npmjs.org/@babel/core/-/core-7.28.5.tgz. Extracting by manifest.
1144 silly tarball no local data for @babel/compat-data@https://registry.npmjs.org/@babel/compat-data/-/compat-data-7.28.5.tgz. Extracting by manifest.
1145 silly tarball no local data for @babel/code-frame@https://registry.npmjs.org/@babel/code-frame/-/code-frame-7.27.1.tgz. Extracting by manifest.
1146 silly tarball no local data for strip-ansi@https://registry.npmjs.org/strip-ansi/-/strip-ansi-6.0.1.tgz. Extracting by manifest.
1147 silly tarball no local data for string-width@https://registry.npmjs.org/string-width/-/string-width-4.2.3.tgz. Extracting by manifest.
1148 silly tarball no local data for emoji-regex@https://registry.npmjs.org/emoji-regex/-/emoji-regex-8.0.0.tgz. Extracting by manifest.
1149 silly tarball no local data for ansi-regex@https://registry.npmjs.org/ansi-regex/-/ansi-regex-5.0.1.tgz. Extracting by manifest.
1150 silly tarball no local data for strip-ansi@https://registry.npmjs.org/strip-ansi/-/strip-ansi-6.0.1.tgz. Extracting by manifest.
1151 silly tarball no local data for string-width@https://registry.npmjs.org/string-width/-/string-width-4.2.3.tgz. Extracting by manifest.
1152 silly tarball no local data for emoji-regex@https://registry.npmjs.org/emoji-regex/-/emoji-regex-8.0.0.tgz. Extracting by manifest.
1153 silly tarball no local data for ansi-regex@https://registry.npmjs.org/ansi-regex/-/ansi-regex-5.0.1.tgz. Extracting by manifest.
1154 silly tarball no local data for ansi-styles@https://registry.npmjs.org/ansi-styles/-/ansi-styles-6.2.3.tgz. Extracting by manifest.
1155 silly tarball no local data for minimatch@https://registry.npmjs.org/minimatch/-/minimatch-3.1.2.tgz. Extracting by manifest.
1156 silly tarball no local data for glob@https://registry.npmjs.org/glob/-/glob-7.2.3.tgz. Extracting by manifest.
1157 silly tarball no local data for brace-expansion@https://registry.npmjs.org/brace-expansion/-/brace-expansion-1.1.12.tgz. Extracting by manifest.
1158 silly tarball no local data for uuid@https://registry.npmjs.org/uuid/-/uuid-9.0.1.tgz. Extracting by manifest.
1159 silly tarball no local data for ms@https://registry.npmjs.org/ms/-/ms-2.1.3.tgz. Extracting by manifest.
1160 silly tarball no local data for https-proxy-agent@https://registry.npmjs.org/https-proxy-agent/-/https-proxy-agent-5.0.1.tgz. Extracting by manifest.
1161 silly tarball no local data for debug@https://registry.npmjs.org/debug/-/debug-4.4.3.tgz. Extracting by manifest.
1162 silly tarball no local data for agent-base@https://registry.npmjs.org/agent-base/-/agent-base-6.0.2.tgz. Extracting by manifest.
1163 silly tarball no local data for ansi-regex@https://registry.npmjs.org/ansi-regex/-/ansi-regex-5.0.1.tgz. Extracting by manifest.
1164 silly tarball no local data for strip-ansi@https://registry.npmjs.org/strip-ansi/-/strip-ansi-6.0.1.tgz. Extracting by manifest.
1165 silly tarball no local data for emoji-regex@https://registry.npmjs.org/emoji-regex/-/emoji-regex-8.0.0.tgz. Extracting by manifest.
1166 silly tarball no local data for strip-ansi@https://registry.npmjs.org/strip-ansi/-/strip-ansi-6.0.1.tgz. Extracting by manifest.
1167 silly tarball no local data for ansi-regex@https://registry.npmjs.org/ansi-regex/-/ansi-regex-5.0.1.tgz. Extracting by manifest.
1168 silly tarball no local data for ansi-regex@https://registry.npmjs.org/ansi-regex/-/ansi-regex-5.0.1.tgz. Extracting by manifest.
1169 silly tarball no local data for ms@https://registry.npmjs.org/ms/-/ms-2.1.3.tgz. Extracting by manifest.
1170 silly tarball no local data for mime@https://registry.npmjs.org/mime/-/mime-1.6.0.tgz. Extracting by manifest.
1171 silly tarball no local data for fast-deep-equal@https://registry.npmjs.org/fast-deep-equal/-/fast-deep-equal-2.0.1.tgz. Extracting by manifest.
1172 silly tarball no local data for ansi-styles@https://registry.npmjs.org/ansi-styles/-/ansi-styles-5.2.0.tgz. Extracting by manifest.
1173 silly tarball no local data for lru-cache@https://registry.npmjs.org/lru-cache/-/lru-cache-10.4.3.tgz. Extracting by manifest.
1174 silly tarball no local data for p-limit@https://registry.npmjs.org/p-limit/-/p-limit-2.3.0.tgz. Extracting by manifest.
1175 silly tarball no local data for semver@https://registry.npmjs.org/semver/-/semver-7.7.3.tgz. Extracting by manifest.
1176 silly tarball no local data for yallist@https://registry.npmjs.org/yallist/-/yallist-4.0.0.tgz. Extracting by manifest.
1177 silly tarball no local data for lru-cache@https://registry.npmjs.org/lru-cache/-/lru-cache-6.0.0.tgz. Extracting by manifest.
1178 silly tarball no local data for base64-js@https://registry.npmjs.org/base64-js/-/base64-js-0.0.8.tgz. Extracting by manifest.
1179 silly tarball no local data for ms@https://registry.npmjs.org/ms/-/ms-2.1.3.tgz. Extracting by manifest.
1180 silly tarball no local data for semver@https://registry.npmjs.org/semver/-/semver-7.7.3.tgz. Extracting by manifest.
1181 silly tarball no local data for debug@https://registry.npmjs.org/debug/-/debug-4.4.3.tgz. Extracting by manifest.
1182 silly tarball no local data for ms@https://registry.npmjs.org/ms/-/ms-2.1.3.tgz. Extracting by manifest.
1183 silly tarball no local data for supports-color@https://registry.npmjs.org/supports-color/-/supports-color-8.1.1.tgz. Extracting by manifest.
1184 silly tarball no local data for camelcase@https://registry.npmjs.org/camelcase/-/camelcase-6.3.0.tgz. Extracting by manifest.
1185 silly tarball no local data for picomatch@https://registry.npmjs.org/picomatch/-/picomatch-4.0.3.tgz. Extracting by manifest.
1186 silly tarball no local data for semver@https://registry.npmjs.org/semver/-/semver-7.7.3.tgz. Extracting by manifest.
1187 silly tarball no local data for ms@https://registry.npmjs.org/ms/-/ms-2.1.3.tgz. Extracting by manifest.
1188 silly tarball no local data for debug@https://registry.npmjs.org/debug/-/debug-4.4.3.tgz. Extracting by manifest.
1189 silly tarball no local data for semver@https://registry.npmjs.org/semver/-/semver-7.7.3.tgz. Extracting by manifest.
1190 silly tarball no local data for ms@https://registry.npmjs.org/ms/-/ms-2.1.3.tgz. Extracting by manifest.
1191 silly tarball no local data for debug@https://registry.npmjs.org/debug/-/debug-4.4.3.tgz. Extracting by manifest.
1192 silly tarball no local data for ms@https://registry.npmjs.org/ms/-/ms-2.1.3.tgz. Extracting by manifest.
1193 silly tarball no local data for debug@https://registry.npmjs.org/debug/-/debug-4.4.3.tgz. Extracting by manifest.
1194 silly tarball no local data for agent-base@https://registry.npmjs.org/agent-base/-/agent-base-6.0.2.tgz. Extracting by manifest.
1195 silly tarball no local data for uuid@https://registry.npmjs.org/uuid/-/uuid-9.0.1.tgz. Extracting by manifest.
1196 silly tarball no local data for uuid@https://registry.npmjs.org/uuid/-/uuid-9.0.1.tgz. Extracting by manifest.
1197 silly tarball no local data for signal-exit@https://registry.npmjs.org/signal-exit/-/signal-exit-3.0.7.tgz. Extracting by manifest.
1198 silly tarball no local data for strip-ansi@https://registry.npmjs.org/strip-ansi/-/strip-ansi-6.0.1.tgz. Extracting by manifest.
1199 silly tarball no local data for wrap-ansi@https://registry.npmjs.org/wrap-ansi/-/wrap-ansi-7.0.0.tgz. Extracting by manifest.
1200 silly tarball no local data for string-width@https://registry.npmjs.org/string-width/-/string-width-4.2.3.tgz. Extracting by manifest.
1201 silly tarball no local data for emoji-regex@https://registry.npmjs.org/emoji-regex/-/emoji-regex-8.0.0.tgz. Extracting by manifest.
1202 silly tarball no local data for ansi-regex@https://registry.npmjs.org/ansi-regex/-/ansi-regex-5.0.1.tgz. Extracting by manifest.
1203 silly tarball no local data for @types/send@https://registry.npmjs.org/@types/send/-/send-0.17.6.tgz. Extracting by manifest.
1204 silly tarball no local data for @grpc/proto-loader@https://registry.npmjs.org/@grpc/proto-loader/-/proto-loader-0.8.0.tgz. Extracting by manifest.
1205 silly tarball no local data for uuid@https://registry.npmjs.org/uuid/-/uuid-8.3.2.tgz. Extracting by manifest.
1206 silly tarball no local data for ms@https://registry.npmjs.org/ms/-/ms-2.1.3.tgz. Extracting by manifest.
1207 silly tarball no local data for debug@https://registry.npmjs.org/debug/-/debug-4.4.3.tgz. Extracting by manifest.
1208 silly tarball no local data for ms@https://registry.npmjs.org/ms/-/ms-2.1.3.tgz. Extracting by manifest.
1209 silly tarball no local data for debug@https://registry.npmjs.org/debug/-/debug-4.4.3.tgz. Extracting by manifest.
1210 http fetch GET 200 https://registry.npmjs.org/yocto-queue/-/yocto-queue-0.1.0.tgz 737ms (cache miss)
1211 http fetch GET 200 https://registry.npmjs.org/websocket-extensions/-/websocket-extensions-0.1.4.tgz 725ms (cache miss)
1212 http fetch GET 200 https://registry.npmjs.org/wrap-ansi/-/wrap-ansi-7.0.0.tgz 825ms (cache miss)
1213 http fetch GET 200 https://registry.npmjs.org/wrappy/-/wrappy-1.0.2.tgz 856ms (cache miss)
1214 http fetch GET 200 https://registry.npmjs.org/walker/-/walker-1.0.8.tgz 862ms (cache miss)
1215 http fetch GET 200 https://registry.npmjs.org/write-file-atomic/-/write-file-atomic-5.0.1.tgz 873ms (cache miss)
1216 http fetch GET 200 https://registry.npmjs.org/yallist/-/yallist-3.1.1.tgz 879ms (cache miss)
1217 http fetch GET 200 https://registry.npmjs.org/wrap-ansi/-/wrap-ansi-8.1.0.tgz 909ms (cache miss)
1218 http fetch POST 200 https://registry.npmjs.org/-/npm/v1/security/advisories/bulk 1473ms
1219 silly audit report {
1219 silly audit report   '@tootallnate/once': [
1219 silly audit report     {
1219 silly audit report       id: 1113977,
1219 silly audit report       url: 'https://github.com/advisories/GHSA-vpq2-c234-7xj6',
1219 silly audit report       title: '@tootallnate/once vulnerable to Incorrect Control Flow Scoping',
1219 silly audit report       severity: 'low',
1219 silly audit report       vulnerable_versions: '<3.0.1',
1219 silly audit report       cwe: [Array],
1219 silly audit report       cvss: [Object]
1219 silly audit report     }
1219 silly audit report   ],
1219 silly audit report   'fast-xml-parser': [
1219 silly audit report     {
1219 silly audit report       id: 1113567,
1219 silly audit report       url: 'https://github.com/advisories/GHSA-m7jm-9gc2-mpf2',
1219 silly audit report       title: 'fast-xml-parser has an entity encoding bypass via regex injection in DOCTYPE entity names',
1219 silly audit report       severity: 'critical',
1219 silly audit report       vulnerable_versions: '>=4.1.3 <4.5.4',
1219 silly audit report       cwe: [Array],
1219 silly audit report       cvss: [Object]
1219 silly audit report     },
1219 silly audit report     {
1219 silly audit report       id: 1113570,
1219 silly audit report       url: 'https://github.com/advisories/GHSA-jmr7-xgp7-cmfj',
1219 silly audit report       title: 'fast-xml-parser affected by DoS through entity expansion in DOCTYPE (no expansion limit)',
1219 silly audit report       severity: 'high',
1219 silly audit report       vulnerable_versions: '>=4.1.3 <4.5.4',
1219 silly audit report       cwe: [Array],
1219 silly audit report       cvss: [Object]
1219 silly audit report     },
1219 silly audit report     {
1219 silly audit report       id: 1114149,
1219 silly audit report       url: 'https://github.com/advisories/GHSA-fj3w-jwp8-x2g3',
1219 silly audit report       title: 'fast-xml-parser has stack overflow in XMLBuilder with preserveOrder',
1219 silly audit report       severity: 'low',
1219 silly audit report       vulnerable_versions: '>=4.0.0-beta.0 <4.5.4',
1219 silly audit report       cwe: [Array],
1219 silly audit report       cvss: [Object]
1219 silly audit report     },
1219 silly audit report     {
1219 silly audit report       id: 1114952,
1219 silly audit report       url: 'https://github.com/advisories/GHSA-jp2q-39xq-3w4g',
1219 silly audit report       title: 'Entity Expansion Limits Bypassed When Set to Zero Due to JavaScript Falsy Evaluation in fast-xml-parser',
1219 silly audit report       severity: 'moderate',
1219 silly audit report       vulnerable_versions: '>=4.0.0-beta.3 <=5.5.6',
1219 silly audit report       cwe: [Array],
1219 silly audit report       cvss: [Object]
1219 silly audit report     },
1219 silly audit report     {
1219 silly audit report       id: 1115134,
1219 silly audit report       url: 'https://github.com/advisories/GHSA-8gc5-j5rx-235r',
1219 silly audit report       title: 'fast-xml-parser affected by numeric entity expansion bypassing all entity expansion limits (incomplete fix for CVE-2026-26278)',
1219 silly audit report       severity: 'high',
1219 silly audit report       vulnerable_versions: '>=4.0.0-beta.3 <=5.5.5',
1219 silly audit report       cwe: [Array],
1219 silly audit report       cvss: [Object]
1219 silly audit report     }
1219 silly audit report   ],
1219 silly audit report   lodash: [
1219 silly audit report     {
1219 silly audit report       id: 1112455,
1219 silly audit report       url: 'https://github.com/advisories/GHSA-xxjr-mmjv-4gpg',
1219 silly audit report       title: 'Lodash has Prototype Pollution Vulnerability in `_.unset` and `_.omit` functions',
1219 silly audit report       severity: 'moderate',
1219 silly audit report       vulnerable_versions: '>=4.0.0 <=4.17.22',
1219 silly audit report       cwe: [Array],
1219 silly audit report       cvss: [Object]
1219 silly audit report     }
1219 silly audit report   ],
1219 silly audit report   minimatch: [
1219 silly audit report     {
1219 silly audit report       id: 1113459,
1219 silly audit report       url: 'https://github.com/advisories/GHSA-3ppc-4f35-3m26',
1219 silly audit report       title: 'minimatch has a ReDoS via repeated wildcards with non-matching literal in pattern',
1219 silly audit report       severity: 'high',
1219 silly audit report       vulnerable_versions: '<3.1.3',
1219 silly audit report       cwe: [Array],
1219 silly audit report       cvss: [Object]
1219 silly audit report     },
1219 silly audit report     {
1219 silly audit report       id: 1113465,
1219 silly audit report       url: 'https://github.com/advisories/GHSA-3ppc-4f35-3m26',
1219 silly audit report       title: 'minimatch has a ReDoS via repeated wildcards with non-matching literal in pattern',
1219 silly audit report       severity: 'high',
1219 silly audit report       vulnerable_versions: '>=9.0.0 <9.0.6',
1219 silly audit report       cwe: [Array],
1219 silly audit report       cvss: [Object]
1219 silly audit report     },
1219 silly audit report     {
1219 silly audit report       id: 1113538,
1219 silly audit report       url: 'https://github.com/advisories/GHSA-7r86-cg39-jmmj',
1219 silly audit report       title: 'minimatch has ReDoS: matchOne() combinatorial backtracking via multiple non-adjacent GLOBSTAR segments',
1219 silly audit report       severity: 'high',
1219 silly audit report       vulnerable_versions: '<3.1.3',
1219 silly audit report       cwe: [Array],
1219 silly audit report       cvss: [Object]
1219 silly audit report     },
1219 silly audit report     {
1219 silly audit report       id: 1113544,
1219 silly audit report       url: 'https://github.com/advisories/GHSA-7r86-cg39-jmmj',
1219 silly audit report       title: 'minimatch has ReDoS: matchOne() combinatorial backtracking via multiple non-adjacent GLOBSTAR segments',
1219 silly audit report       severity: 'high',
1219 silly audit report       vulnerable_versions: '>=9.0.0 <9.0.7',
1219 silly audit report       cwe: [Array],
1219 silly audit report       cvss: [Object]
1219 silly audit report     },
1219 silly audit report     {
1219 silly audit report       id: 1113546,
1219 silly audit report       url: 'https://github.com/advisories/GHSA-23c5-xmqv-rm74',
1219 silly audit report       title: 'minimatch ReDoS: nested *() extglobs generate catastrophically backtracking regular expressions',
1219 silly audit report       severity: 'high',
1219 silly audit report       vulnerable_versions: '<3.1.4',
1219 silly audit report       cwe: [Array],
1219 silly audit report       cvss: [Object]
1219 silly audit report     },
1219 silly audit report     {
1219 silly audit report       id: 1113552,
1219 silly audit report       url: 'https://github.com/advisories/GHSA-23c5-xmqv-rm74',
1219 silly audit report       title: 'minimatch ReDoS: nested *() extglobs generate catastrophically backtracking regular expressions',
1219 silly audit report       severity: 'high',
1219 silly audit report       vulnerable_versions: '>=9.0.0 <9.0.7',
1219 silly audit report       cwe: [Array],
1219 silly audit report       cvss: [Object]
1219 silly audit report     }
1219 silly audit report   ],
1219 silly audit report   qs: [
1219 silly audit report     {
1219 silly audit report       id: 1113161,
1219 silly audit report       url: 'https://github.com/advisories/GHSA-w7fw-mjwx-w883',
1219 silly audit report       title: "qs's arrayLimit bypass in comma parsing allows denial of service",
1219 silly audit report       severity: 'low',
1219 silly audit report       vulnerable_versions: '>=6.7.0 <=6.14.1',
1219 silly audit report       cwe: [Array],
1219 silly audit report       cvss: [Object]
1219 silly audit report     }
1219 silly audit report   ]
1219 silly audit report }
1220 silly packumentCache corgi:https://registry.npmjs.org/@tootallnate%2fonce cache-miss
1221 silly packumentCache corgi:https://registry.npmjs.org/fast-xml-parser cache-miss
1222 silly packumentCache corgi:https://registry.npmjs.org/lodash cache-miss
1223 silly packumentCache corgi:https://registry.npmjs.org/minimatch cache-miss
1224 silly packumentCache corgi:https://registry.npmjs.org/qs cache-miss
1225 http fetch GET 200 https://registry.npmjs.org/webidl-conversions/-/webidl-conversions-3.0.1.tgz 994ms (cache miss)
1226 http fetch GET 200 https://registry.npmjs.org/utils-merge/-/utils-merge-1.0.1.tgz 1014ms (cache miss)
1227 http fetch GET 200 https://registry.npmjs.org/vary/-/vary-1.1.2.tgz 1024ms (cache miss)
1228 http fetch GET 200 https://registry.npmjs.org/util-deprecate/-/util-deprecate-1.0.2.tgz 1125ms (cache miss)
1229 http fetch GET 200 https://registry.npmjs.org/which/-/which-2.0.2.tgz 1316ms (cache miss)
1230 http fetch GET 200 https://registry.npmjs.org/unpipe/-/unpipe-1.0.0.tgz 1561ms (cache miss)
1231 http fetch GET 200 https://registry.npmjs.org/toidentifier/-/toidentifier-1.0.1.tgz 1881ms (cache miss)
1232 http fetch GET 200 https://registry.npmjs.org/tmpl/-/tmpl-1.0.5.tgz 1881ms (cache miss)
1233 http fetch GET 200 https://registry.npmjs.org/type-is/-/type-is-1.6.18.tgz 1900ms (cache miss)
1234 http fetch GET 200 https://registry.npmjs.org/supports-color/-/supports-color-7.2.0.tgz 1897ms (cache miss)
1235 http fetch GET 200 https://registry.npmjs.org/strip-final-newline/-/strip-final-newline-2.0.0.tgz 1894ms (cache miss)
1236 http fetch GET 200 https://registry.npmjs.org/which-collection/-/which-collection-1.0.2.tgz 1940ms (cache miss)
1237 http fetch GET 200 https://registry.npmjs.org/stream-events/-/stream-events-1.0.5.tgz 1914ms (cache miss)
1238 http fetch GET 200 https://registry.npmjs.org/stubs/-/stubs-3.0.0.tgz 1923ms (cache miss)
1239 http fetch GET 200 https://registry.npmjs.org/strip-ansi/-/strip-ansi-7.1.2.tgz 1920ms (cache miss)
1240 http fetch GET 200 https://registry.npmjs.org/ts-deepmerge/-/ts-deepmerge-2.0.7.tgz 1933ms (cache miss)
1241 http fetch GET 200 https://registry.npmjs.org/strip-json-comments/-/strip-json-comments-3.1.1.tgz 1925ms (cache miss)
1242 http fetch GET 200 https://registry.npmjs.org/strip-bom/-/strip-bom-4.0.0.tgz 1925ms (cache miss)
1243 http fetch GET 200 https://registry.npmjs.org/strip-ansi/-/strip-ansi-6.0.1.tgz 1976ms (cache miss)
1244 http fetch GET 200 https://registry.npmjs.org/string-length/-/string-length-4.0.2.tgz 1974ms (cache miss)
1245 http fetch GET 200 https://registry.npmjs.org/update-browserslist-db/-/update-browserslist-db-1.2.3.tgz 2006ms (cache miss)
1246 http fetch GET 200 https://registry.npmjs.org/which-boxed-primitive/-/which-boxed-primitive-1.1.1.tgz 2035ms (cache miss)
1247 http fetch GET 200 https://registry.npmjs.org/string-width/-/string-width-4.2.3.tgz 2032ms (cache miss)
1248 http fetch GET 200 https://registry.npmjs.org/setprototypeof/-/setprototypeof-1.2.0.tgz 2027ms (cache miss)
1249 http fetch GET 200 https://registry.npmjs.org/type-detect/-/type-detect-4.0.8.tgz 2055ms (cache miss)
1250 http fetch GET 200 https://registry.npmjs.org/string_decoder/-/string_decoder-1.3.0.tgz 2065ms (cache miss)
1251 http fetch GET 200 https://registry.npmjs.org/shebang-regex/-/shebang-regex-3.0.0.tgz 2058ms (cache miss)
1252 http fetch GET 200 https://registry.npmjs.org/slash/-/slash-3.0.0.tgz 2094ms (cache miss)
1253 http fetch GET 200 https://registry.npmjs.org/stack-utils/-/stack-utils-2.0.6.tgz 2127ms (cache miss)
1254 http fetch GET 200 https://registry.npmjs.org/string-width/-/string-width-5.1.2.tgz 2142ms (cache miss)
1255 http fetch GET 200 https://registry.npmjs.org/whatwg-url/-/whatwg-url-5.0.0.tgz 2187ms (cache miss)
1256 http fetch GET 200 https://registry.npmjs.org/y18n/-/y18n-5.0.8.tgz 2233ms (cache miss)
1257 http fetch GET 200 https://registry.npmjs.org/stream-shift/-/stream-shift-1.0.3.tgz 2192ms (cache miss)
1258 http fetch GET 200 https://registry.npmjs.org/shebang-command/-/shebang-command-2.0.0.tgz 2189ms (cache miss)
1259 http fetch GET 200 https://registry.npmjs.org/statuses/-/statuses-2.0.2.tgz 2216ms (cache miss)
1260 http fetch GET 200 https://registry.npmjs.org/unrs-resolver/-/unrs-resolver-1.11.1.tgz 2244ms (cache miss)
1261 http fetch GET 200 https://registry.npmjs.org/range-parser/-/range-parser-1.2.1.tgz 2207ms (cache miss)
1262 http fetch GET 200 https://registry.npmjs.org/to-regex-range/-/to-regex-range-5.0.1.tgz 2305ms (cache miss)
1263 http fetch GET 200 https://registry.npmjs.org/resolve-cwd/-/resolve-cwd-3.0.0.tgz 2295ms (cache miss)
1264 http fetch GET 200 https://registry.npmjs.org/strnum/-/strnum-1.1.2.tgz 2454ms (cache miss)
1265 http fetch GET 200 https://registry.npmjs.org/raw-body/-/raw-body-2.5.3.tgz 2471ms (cache miss)
1266 http fetch GET 200 https://registry.npmjs.org/pkg-dir/-/pkg-dir-4.2.0.tgz 2471ms (cache miss)
1267 http fetch GET 200 https://registry.npmjs.org/unicode-trie/-/unicode-trie-2.0.0.tgz 2588ms (cache miss)
1268 http fetch GET 200 https://registry.npmjs.org/react-promise-suspense/-/react-promise-suspense-0.3.4.tgz 2551ms (cache miss)
1269 http fetch GET 200 https://registry.npmjs.org/proxy-addr/-/proxy-addr-2.0.7.tgz 2549ms (cache miss)
1270 http fetch GET 200 https://registry.npmjs.org/parseley/-/parseley-0.12.1.tgz 2549ms (cache miss)
1271 http fetch GET 200 https://registry.npmjs.org/path-is-absolute/-/path-is-absolute-1.0.1.tgz 2561ms (cache miss)
1272 http fetch GET 200 https://registry.npmjs.org/parse-json/-/parse-json-5.2.0.tgz 2567ms (cache miss)
1273 http fetch GET 200 https://registry.npmjs.org/pretty-format/-/pretty-format-30.2.0.tgz 2579ms (cache miss)
1274 http fetch GET 200 https://registry.npmjs.org/which-typed-array/-/which-typed-array-1.1.19.tgz 2713ms (cache miss)
1275 http fetch GET 200 https://registry.npmjs.org/p-limit/-/p-limit-3.1.0.tgz 2631ms (cache miss)
1276 http fetch GET 200 https://registry.npmjs.org/resolve-from/-/resolve-from-5.0.0.tgz 2659ms (cache miss)
1277 http fetch GET 200 https://registry.npmjs.org/p-locate/-/p-locate-4.1.0.tgz 2713ms (cache miss)
1278 http fetch GET 200 https://registry.npmjs.org/object-assign/-/object-assign-4.1.1.tgz 2730ms (cache miss)
1279 http fetch GET 200 https://registry.npmjs.org/path-to-regexp/-/path-to-regexp-0.1.12.tgz 2746ms (cache miss)
1280 http fetch GET 200 https://registry.npmjs.org/path-key/-/path-key-3.1.1.tgz 2746ms (cache miss)
1281 http fetch GET 200 https://registry.npmjs.org/pirates/-/pirates-4.0.7.tgz 2785ms (cache miss)
1282 http fetch GET 200 https://registry.npmjs.org/path-exists/-/path-exists-4.0.0.tgz 2782ms (cache miss)
1283 http fetch GET 200 https://registry.npmjs.org/websocket-driver/-/websocket-driver-0.7.4.tgz 2880ms (cache miss)
1284 http fetch GET 200 https://registry.npmjs.org/parseurl/-/parseurl-1.3.3.tgz 2809ms (cache miss)
1285 http fetch GET 200 https://registry.npmjs.org/mimic-fn/-/mimic-fn-2.1.0.tgz 2791ms (cache miss)
1286 http fetch GET 200 https://registry.npmjs.org/p-try/-/p-try-2.2.0.tgz 2858ms (cache miss)
1287 http fetch GET 200 https://registry.npmjs.org/on-finished/-/on-finished-2.4.1.tgz 2865ms (cache miss)
1288 http fetch GET 200 https://registry.npmjs.org/require-directory/-/require-directory-2.1.1.tgz 2900ms (cache miss)
1289 http fetch GET 200 https://registry.npmjs.org/npm-run-path/-/npm-run-path-4.0.1.tgz 2873ms (cache miss)
1290 http fetch GET 200 https://registry.npmjs.org/once/-/once-1.4.0.tgz 2878ms (cache miss)
1291 http fetch GET 200 https://registry.npmjs.org/normalize-path/-/normalize-path-3.0.0.tgz 2877ms (cache miss)
1292 http fetch GET 200 https://registry.npmjs.org/node-int64/-/node-int64-0.4.0.tgz 2875ms (cache miss)
1293 http fetch GET 200 https://registry.npmjs.org/onetime/-/onetime-5.1.2.tgz 2894ms (cache miss)
1294 http fetch GET 200 https://registry.npmjs.org/ms/-/ms-2.0.0.tgz 2935ms (cache miss)
1295 http fetch GET 200 https://registry.npmjs.org/makeerror/-/makeerror-1.0.12.tgz 2930ms (cache miss)
1296 http fetch GET 200 https://registry.npmjs.org/serve-static/-/serve-static-1.16.3.tgz 3025ms (cache miss)
1297 http fetch GET 200 https://registry.npmjs.org/natural-compare/-/natural-compare-1.4.0.tgz 3061ms (cache miss)
1298 http fetch GET 200 https://registry.npmjs.org/micromatch/-/micromatch-4.0.8.tgz 3057ms (cache miss)
1299 http fetch GET 200 https://registry.npmjs.org/methods/-/methods-1.1.2.tgz 3062ms (cache miss)
1300 http fetch GET 200 https://registry.npmjs.org/node-releases/-/node-releases-2.0.27.tgz 3095ms (cache miss)
1301 http fetch GET 200 https://registry.npmjs.org/mime-types/-/mime-types-2.1.35.tgz 3094ms (cache miss)
1302 http fetch GET 200 https://registry.npmjs.org/lodash.isnumber/-/lodash.isnumber-3.0.3.tgz 3192ms (cache miss)
1303 http fetch GET 200 https://registry.npmjs.org/lodash.isplainobject/-/lodash.isplainobject-4.0.6.tgz 3194ms (cache miss)
1304 http fetch GET 200 https://registry.npmjs.org/picocolors/-/picocolors-1.1.1.tgz 3230ms (cache miss)
1305 http fetch GET 200 https://registry.npmjs.org/lodash.camelcase/-/lodash.camelcase-4.3.0.tgz 3245ms (cache miss)
1306 http fetch GET 200 https://registry.npmjs.org/yargs-parser/-/yargs-parser-21.1.1.tgz 3364ms (cache miss)
1307 http fetch GET 200 https://registry.npmjs.org/merge-descriptors/-/merge-descriptors-1.0.3.tgz 3266ms (cache miss)
1308 http fetch GET 200 https://registry.npmjs.org/merge-stream/-/merge-stream-2.0.0.tgz 3266ms (cache miss)
1309 http fetch GET 200 https://registry.npmjs.org/make-dir/-/make-dir-4.0.0.tgz 3277ms (cache miss)
1310 http fetch GET 200 https://registry.npmjs.org/test-exclude/-/test-exclude-6.0.0.tgz 3359ms (cache miss)
1311 http fetch GET 200 https://registry.npmjs.org/lodash.includes/-/lodash.includes-4.3.0.tgz 3510ms (cache miss)
1312 http fetch GET 200 https://registry.npmjs.org/lru-cache/-/lru-cache-5.1.1.tgz 3516ms (cache miss)
1313 http fetch GET 200 https://registry.npmjs.org/media-typer/-/media-typer-0.3.0.tgz 3520ms (cache miss)
1314 http fetch GET 200 https://registry.npmjs.org/lodash.once/-/lodash.once-4.1.1.tgz 3517ms (cache miss)
1315 http fetch GET 200 https://registry.npmjs.org/retry-request/-/retry-request-7.0.2.tgz 3568ms (cache miss)
1316 http fetch GET 200 https://registry.npmjs.org/lodash.isstring/-/lodash.isstring-4.0.1.tgz 3518ms (cache miss)
1317 http fetch GET 200 https://registry.npmjs.org/lines-and-columns/-/lines-and-columns-1.2.4.tgz 3512ms (cache miss)
1318 http fetch GET 200 https://registry.npmjs.org/lodash.isinteger/-/lodash.isinteger-4.0.4.tgz 3518ms (cache miss)
1319 http fetch GET 200 https://registry.npmjs.org/lodash.isboolean/-/lodash.isboolean-3.0.3.tgz 3519ms (cache miss)
1320 http fetch GET 200 https://registry.npmjs.org/jest-resolve-dependencies/-/jest-resolve-dependencies-30.2.0.tgz 3567ms (cache miss)
1321 http fetch GET 200 https://registry.npmjs.org/leven/-/leven-3.1.0.tgz 3582ms (cache miss)
1322 http fetch GET 200 https://registry.npmjs.org/locate-path/-/locate-path-5.0.0.tgz 3586ms (cache miss)
1323 http fetch GET 200 https://registry.npmjs.org/safer-buffer/-/safer-buffer-2.1.2.tgz 3784ms (cache miss)
1324 http fetch GET 200 https://registry.npmjs.org/jest-watcher/-/jest-watcher-30.2.0.tgz 3719ms (cache miss)
1325 http fetch GET 200 https://registry.npmjs.org/json-parse-even-better-errors/-/json-parse-even-better-errors-2.3.1.tgz 3771ms (cache miss)
1326 http fetch GET 200 https://registry.npmjs.org/send/-/send-0.19.2.tgz 3841ms (cache miss)
1327 http fetch GET 200 https://registry.npmjs.org/jest-message-util/-/jest-message-util-30.2.0.tgz 3767ms (cache miss)
1328 http fetch GET 200 https://registry.npmjs.org/safe-buffer/-/safe-buffer-5.2.1.tgz 3846ms (cache miss)
1329 http fetch GET 200 https://registry.npmjs.org/jest-regex-util/-/jest-regex-util-30.0.1.tgz 3770ms (cache miss)
1330 http fetch GET 200 https://registry.npmjs.org/set-function-name/-/set-function-name-2.0.2.tgz 3893ms (cache miss)
1331 http fetch GET 200 https://registry.npmjs.org/tiny-inflate/-/tiny-inflate-1.0.3.tgz 3914ms (cache miss)
1332 http fetch GET 200 https://registry.npmjs.org/lodash.clonedeep/-/lodash.clonedeep-4.5.0.tgz 3836ms (cache miss)
1333 http fetch GET 200 https://registry.npmjs.org/js-tokens/-/js-tokens-4.0.0.tgz 3826ms (cache miss)
1334 http fetch GET 200 https://registry.npmjs.org/jwa/-/jwa-2.0.1.tgz 3834ms (cache miss)
1335 http fetch GET 200 https://registry.npmjs.org/jest-validate/-/jest-validate-30.2.0.tgz 3827ms (cache miss)
1336 http fetch GET 200 https://registry.npmjs.org/jest-matcher-utils/-/jest-matcher-utils-30.2.0.tgz 3819ms (cache miss)
1337 http fetch GET 200 https://registry.npmjs.org/jest-each/-/jest-each-30.2.0.tgz 3817ms (cache miss)
1338 http fetch GET 200 https://registry.npmjs.org/stop-iteration-iterator/-/stop-iteration-iterator-1.1.0.tgz 3915ms (cache miss)
1339 http fetch GET 200 https://registry.npmjs.org/react-is/-/react-is-18.3.1.tgz 3924ms (cache miss)
1340 http fetch GET 200 https://registry.npmjs.org/jest-docblock/-/jest-docblock-30.2.0.tgz 3859ms (cache miss)
1341 http fetch GET 200 https://registry.npmjs.org/v8-to-istanbul/-/v8-to-istanbul-9.3.0.tgz 4011ms (cache miss)
1342 http fetch GET 200 https://registry.npmjs.org/retry/-/retry-0.13.1.tgz 3968ms (cache miss)
1343 http fetch GET 200 https://registry.npmjs.org/jest-pnp-resolver/-/jest-pnp-resolver-1.2.3.tgz 3897ms (cache miss)
1344 http fetch GET 200 https://registry.npmjs.org/jest-leak-detector/-/jest-leak-detector-30.2.0.tgz 3894ms (cache miss)
1345 http fetch GET 200 https://registry.npmjs.org/jest/-/jest-30.2.0.tgz 3889ms (cache miss)
1346 http fetch GET 200 https://registry.npmjs.org/object-hash/-/object-hash-3.0.0.tgz 3967ms (cache miss)
1347 http fetch GET 200 https://registry.npmjs.org/jest-config/-/jest-config-30.2.0.tgz 3924ms (cache miss)
1348 http fetch GET 200 https://registry.npmjs.org/jest-environment-node/-/jest-environment-node-30.2.0.tgz 3926ms (cache miss)
1349 http fetch GET 200 https://registry.npmjs.org/is-weakmap/-/is-weakmap-2.0.2.tgz 3914ms (cache miss)
1350 http fetch GET 200 https://registry.npmjs.org/is-weakset/-/is-weakset-2.0.4.tgz 3916ms (cache miss)
1351 http fetch GET 200 https://registry.npmjs.org/is-date-object/-/is-date-object-1.1.0.tgz 3935ms (cache miss)
1352 http fetch GET 200 https://registry.npmjs.org/is-array-buffer/-/is-array-buffer-3.0.5.tgz 3930ms (cache miss)
1353 http fetch GET 200 https://registry.npmjs.org/is-number-object/-/is-number-object-1.1.1.tgz 3975ms (cache miss)
1354 http fetch GET 200 https://registry.npmjs.org/is-number/-/is-number-7.0.0.tgz 3976ms (cache miss)
1355 http fetch GET 200 https://registry.npmjs.org/imurmurhash/-/imurmurhash-0.1.4.tgz 3967ms (cache miss)
1356 http fetch GET 200 https://registry.npmjs.org/isexe/-/isexe-2.0.0.tgz 3990ms (cache miss)
1357 http fetch GET 200 https://registry.npmjs.org/safe-regex-test/-/safe-regex-test-1.1.0.tgz 4084ms (cache miss)
1358 http fetch GET 200 https://registry.npmjs.org/is-stream/-/is-stream-2.0.1.tgz 3993ms (cache miss)
1359 http fetch GET 200 https://registry.npmjs.org/isarray/-/isarray-2.0.5.tgz 4016ms (cache miss)
1360 http fetch GET 200 https://registry.npmjs.org/is-bigint/-/is-bigint-1.1.0.tgz 4005ms (cache miss)
1361 http fetch GET 200 https://registry.npmjs.org/is-callable/-/is-callable-1.2.7.tgz 4008ms (cache miss)
1362 http fetch GET 200 https://registry.npmjs.org/is-arrayish/-/is-arrayish-0.2.1.tgz 4007ms (cache miss)
1363 http fetch GET 200 https://registry.npmjs.org/human-signals/-/human-signals-2.1.0.tgz 3999ms (cache miss)
1364 http fetch GET 200 https://registry.npmjs.org/http-parser-js/-/http-parser-js-0.5.10.tgz 3997ms (cache miss)
1365 http fetch GET 200 https://registry.npmjs.org/is-arguments/-/is-arguments-1.2.0.tgz 4014ms (cache miss)
1366 http fetch GET 200 https://registry.npmjs.org/side-channel-map/-/side-channel-map-1.0.1.tgz 4132ms (cache miss)
1367 http fetch GET 200 https://registry.npmjs.org/json-bigint/-/json-bigint-1.0.0.tgz 4065ms (cache miss)
1368 http fetch GET 200 https://registry.npmjs.org/jsesc/-/jsesc-3.1.0.tgz 4066ms (cache miss)
1369 http fetch GET 200 https://registry.npmjs.org/is-regex/-/is-regex-1.2.1.tgz 4065ms (cache miss)
1370 http fetch GET 200 https://registry.npmjs.org/is-map/-/is-map-2.0.3.tgz 4065ms (cache miss)
1371 http fetch GET 200 https://registry.npmjs.org/is-generator-fn/-/is-generator-fn-2.1.0.tgz 4065ms (cache miss)
1372 http fetch GET 200 https://registry.npmjs.org/is-fullwidth-code-point/-/is-fullwidth-code-point-3.0.0.tgz 4064ms (cache miss)
1373 http fetch GET 200 https://registry.npmjs.org/import-local/-/import-local-3.2.0.tgz 4053ms (cache miss)
1374 http fetch GET 200 https://registry.npmjs.org/has-symbols/-/has-symbols-1.1.0.tgz 4045ms (cache miss)
1375 http fetch GET 200 https://registry.npmjs.org/has-tostringtag/-/has-tostringtag-1.0.2.tgz 4047ms (cache miss)
1376 http fetch GET 200 https://registry.npmjs.org/http-proxy-agent/-/http-proxy-agent-5.0.0.tgz 4059ms (cache miss)
1377 http fetch GET 200 https://registry.npmjs.org/has-flag/-/has-flag-4.0.0.tgz 4051ms (cache miss)
1378 http fetch GET 200 https://registry.npmjs.org/resend/-/resend-4.8.0.tgz 4184ms (cache miss)
1379 http fetch GET 200 https://registry.npmjs.org/graceful-fs/-/graceful-fs-4.2.11.tgz 4068ms (cache miss)
1380 http fetch GET 200 https://registry.npmjs.org/gtoken/-/gtoken-7.1.0.tgz 4070ms (cache miss)
1381 http fetch GET 200 https://registry.npmjs.org/is-boolean-object/-/is-boolean-object-1.2.2.tgz 4111ms (cache miss)
1382 http fetch GET 200 https://registry.npmjs.org/https-proxy-agent/-/https-proxy-agent-7.0.6.tgz 4101ms (cache miss)
1383 http fetch GET 200 https://registry.npmjs.org/inflight/-/inflight-1.0.6.tgz 4104ms (cache miss)
1384 warn deprecated inflight@1.0.6: This module is not supported, and leaks memory. Do not use it. Check out lru-cache if you want a good and tested way to coalesce async requests by a key value, which is much more comprehensive and powerful.
1385 http fetch GET 200 https://registry.npmjs.org/side-channel-weakmap/-/side-channel-weakmap-1.0.2.tgz 4234ms (cache miss)
1386 http fetch GET 200 https://registry.npmjs.org/possible-typed-array-names/-/possible-typed-array-names-1.1.0.tgz 4216ms (cache miss)
1387 http fetch GET 200 https://registry.npmjs.org/get-stream/-/get-stream-6.0.1.tgz 4113ms (cache miss)
1388 http fetch GET 200 https://registry.npmjs.org/inherits/-/inherits-2.0.4.tgz 4143ms (cache miss)
1389 http fetch GET 200 https://registry.npmjs.org/hasown/-/hasown-2.0.2.tgz 4135ms (cache miss)
1390 http fetch GET 200 https://registry.npmjs.org/has-bigints/-/has-bigints-1.1.0.tgz 4136ms (cache miss)
1391 http fetch GET 200 https://registry.npmjs.org/get-package-type/-/get-package-type-0.1.0.tgz 4149ms (cache miss)
1392 http fetch GET 200 https://registry.npmjs.org/function-bind/-/function-bind-1.1.2.tgz 4146ms (cache miss)
1393 http fetch GET 200 https://registry.npmjs.org/http-errors/-/http-errors-2.0.1.tgz 4175ms (cache miss)
1394 http fetch GET 200 https://registry.npmjs.org/side-channel/-/side-channel-1.1.0.tgz 4309ms (cache miss)
1395 http fetch GET 200 https://registry.npmjs.org/set-function-length/-/set-function-length-1.2.2.tgz 4308ms (cache miss)
1396 http fetch GET 200 https://registry.npmjs.org/source-map-support/-/source-map-support-0.5.13.tgz 4323ms (cache miss)
1397 http fetch GET 200 https://registry.npmjs.org/mime-db/-/mime-db-1.52.0.tgz 4266ms (cache miss)
1398 http fetch GET 200 https://registry.npmjs.org/get-caller-file/-/get-caller-file-2.0.5.tgz 4189ms (cache miss)
1399 http fetch GET 200 https://registry.npmjs.org/get-proto/-/get-proto-1.0.1.tgz 4191ms (cache miss)
1400 http fetch GET 200 https://registry.npmjs.org/find-up/-/find-up-4.1.0.tgz 4184ms (cache miss)
1401 http fetch GET 200 https://registry.npmjs.org/has-property-descriptors/-/has-property-descriptors-1.0.2.tgz 4222ms (cache miss)
1402 http fetch GET 200 https://registry.npmjs.org/semver/-/semver-6.3.1.tgz 4355ms (cache miss)
1403 http fetch GET 200 https://registry.npmjs.org/leac/-/leac-0.6.0.tgz 4292ms (cache miss)
1404 http fetch GET 200 https://registry.npmjs.org/functions-have-names/-/functions-have-names-1.2.3.tgz 4233ms (cache miss)
1405 http fetch GET 200 https://registry.npmjs.org/fb-watchman/-/fb-watchman-2.0.2.tgz 4226ms (cache miss)
1406 http fetch GET 200 https://registry.npmjs.org/gensync/-/gensync-1.0.0-beta.2.tgz 4283ms (cache miss)
1407 http fetch GET 200 https://registry.npmjs.org/get-intrinsic/-/get-intrinsic-1.3.0.tgz 4299ms (cache miss)
1408 http fetch GET 200 https://registry.npmjs.org/fresh/-/fresh-0.5.2.tgz 4296ms (cache miss)
1409 http fetch GET 200 https://registry.npmjs.org/for-each/-/for-each-0.3.5.tgz 4295ms (cache miss)
1410 http fetch GET 200 https://registry.npmjs.org/forwarded/-/forwarded-0.2.0.tgz 4296ms (cache miss)
1411 http fetch GET 200 https://registry.npmjs.org/etag/-/etag-1.8.1.tgz 4346ms (cache miss)
1412 http fetch GET 200 https://registry.npmjs.org/fill-range/-/fill-range-7.1.1.tgz 4422ms (cache miss)
1413 http fetch GET 200 https://registry.npmjs.org/extend/-/extend-3.0.2.tgz 4416ms (cache miss)
1414 http fetch GET 200 https://registry.npmjs.org/fast-deep-equal/-/fast-deep-equal-3.1.3.tgz 4418ms (cache miss)
1415 http fetch GET 200 https://registry.npmjs.org/error-ex/-/error-ex-1.3.4.tgz 4410ms (cache miss)
1416 http fetch GET 200 https://registry.npmjs.org/es-errors/-/es-errors-1.3.0.tgz 4413ms (cache miss)
1417 http fetch GET 200 https://registry.npmjs.org/es-define-property/-/es-define-property-1.0.1.tgz 4415ms (cache miss)
1418 http fetch GET 200 https://registry.npmjs.org/ee-first/-/ee-first-1.1.1.tgz 4420ms (cache miss)
1419 http fetch GET 200 https://registry.npmjs.org/side-channel-list/-/side-channel-list-1.0.0.tgz 4608ms (cache miss)
1420 http fetch GET 200 https://registry.npmjs.org/duplexify/-/duplexify-4.1.3.tgz 4450ms (cache miss)
1421 http fetch GET 200 https://registry.npmjs.org/eastasianwidth/-/eastasianwidth-0.2.0.tgz 4468ms (cache miss)
1422 http fetch GET 200 https://registry.npmjs.org/detect-newline/-/detect-newline-3.1.0.tgz 4469ms (cache miss)
1423 http fetch GET 200 https://registry.npmjs.org/fs.realpath/-/fs.realpath-1.0.0.tgz 4508ms (cache miss)
1424 http fetch GET 200 https://registry.npmjs.org/domelementtype/-/domelementtype-2.3.0.tgz 4474ms (cache miss)
1425 http fetch GET 200 https://registry.npmjs.org/dom-serializer/-/dom-serializer-2.0.0.tgz 4475ms (cache miss)
1426 http fetch GET 200 https://registry.npmjs.org/escalade/-/escalade-3.2.0.tgz 4492ms (cache miss)
1427 http fetch GET 200 https://registry.npmjs.org/depd/-/depd-2.0.0.tgz 4485ms (cache miss)
1428 http fetch GET 200 https://registry.npmjs.org/escape-html/-/escape-html-1.0.3.tgz 4508ms (cache miss)
1429 http fetch GET 200 https://registry.npmjs.org/jest-resolve/-/jest-resolve-30.2.0.tgz 4593ms (cache miss)
1430 http fetch GET 200 https://registry.npmjs.org/es-object-atoms/-/es-object-atoms-1.1.1.tgz 4560ms (cache miss)
1431 http fetch GET 200 https://registry.npmjs.org/es-set-tostringtag/-/es-set-tostringtag-2.1.0.tgz 4561ms (cache miss)
1432 http fetch GET 200 https://registry.npmjs.org/end-of-stream/-/end-of-stream-1.4.5.tgz 4558ms (cache miss)
1433 http fetch GET 200 https://registry.npmjs.org/encodeurl/-/encodeurl-2.0.0.tgz 4560ms (cache miss)
1434 http fetch GET 200 https://registry.npmjs.org/emoji-regex/-/emoji-regex-9.2.2.tgz 4563ms (cache miss)
1435 http fetch GET 200 https://registry.npmjs.org/emittery/-/emittery-0.13.1.tgz 4566ms (cache miss)
1436 http fetch GET 200 https://registry.npmjs.org/cookie/-/cookie-0.7.2.tgz 4552ms (cache miss)
1437 http fetch GET 200 https://registry.npmjs.org/convert-source-map/-/convert-source-map-2.0.0.tgz 4552ms (cache miss)
1438 http fetch GET 200 https://registry.npmjs.org/combined-stream/-/combined-stream-1.0.8.tgz 4564ms (cache miss)
1439 http fetch GET 200 https://registry.npmjs.org/color-name/-/color-name-1.1.4.tgz 4589ms (cache miss)
1440 http fetch GET 200 https://registry.npmjs.org/collect-v8-coverage/-/collect-v8-coverage-1.0.3.tgz 4589ms (cache miss)
1441 http fetch GET 200 https://registry.npmjs.org/cliui/-/cliui-8.0.1.tgz 4589ms (cache miss)
1442 http fetch GET 200 https://registry.npmjs.org/define-properties/-/define-properties-1.2.1.tgz 4607ms (cache miss)
1443 http fetch GET 200 https://registry.npmjs.org/delayed-stream/-/delayed-stream-1.0.0.tgz 4613ms (cache miss)
1444 http fetch GET 200 https://registry.npmjs.org/object-keys/-/object-keys-1.1.1.tgz 4760ms (cache miss)
1445 http fetch GET 200 https://registry.npmjs.org/jest-runtime/-/jest-runtime-30.2.0.tgz 4724ms (cache miss)
1446 http fetch GET 200 https://registry.npmjs.org/ci-info/-/ci-info-4.3.1.tgz 4608ms (cache miss)
1447 http fetch GET 200 https://registry.npmjs.org/jest-changed-files/-/jest-changed-files-30.2.0.tgz 4715ms (cache miss)
1448 http fetch GET 200 https://registry.npmjs.org/char-regex/-/char-regex-1.0.2.tgz 4609ms (cache miss)
1449 http fetch GET 200 https://registry.npmjs.org/cors/-/cors-2.8.5.tgz 4640ms (cache miss)
1450 http fetch GET 200 https://registry.npmjs.org/escape-string-regexp/-/escape-string-regexp-2.0.0.tgz 4667ms (cache miss)
1451 http fetch GET 200 https://registry.npmjs.org/ipaddr.js/-/ipaddr.js-1.9.1.tgz 4721ms (cache miss)
1452 http fetch GET 200 https://registry.npmjs.org/cross-spawn/-/cross-spawn-7.0.6.tgz 4652ms (cache miss)
1453 http fetch GET 200 https://registry.npmjs.org/cookie-signature/-/cookie-signature-1.0.7.tgz 4655ms (cache miss)
1454 http fetch GET 200 https://registry.npmjs.org/call-bind-apply-helpers/-/call-bind-apply-helpers-1.0.2.tgz 4641ms (cache miss)
1455 http fetch GET 200 https://registry.npmjs.org/buffer-from/-/buffer-from-1.1.2.tgz 4648ms (cache miss)
1456 http fetch GET 200 https://registry.npmjs.org/domhandler/-/domhandler-5.0.3.tgz 4683ms (cache miss)
1457 http fetch GET 200 https://registry.npmjs.org/content-type/-/content-type-1.0.5.tgz 4675ms (cache miss)
1458 http fetch GET 200 https://registry.npmjs.org/dunder-proto/-/dunder-proto-1.0.1.tgz 4692ms (cache miss)
1459 http fetch GET 200 https://registry.npmjs.org/concat-map/-/concat-map-0.0.1.tgz 4676ms (cache miss)
1460 http fetch GET 200 https://registry.npmjs.org/bser/-/bser-2.1.1.tgz 4670ms (cache miss)
1461 http fetch GET 200 https://registry.npmjs.org/destroy/-/destroy-1.2.0.tgz 4700ms (cache miss)
1462 http fetch GET 200 https://registry.npmjs.org/bytes/-/bytes-3.1.2.tgz 4676ms (cache miss)
1463 http fetch GET 200 https://registry.npmjs.org/co/-/co-4.6.0.tgz 4691ms (cache miss)
1464 http fetch GET 200 https://registry.npmjs.org/clone/-/clone-2.1.2.tgz 4692ms (cache miss)
1465 http fetch GET 200 https://registry.npmjs.org/brace-expansion/-/brace-expansion-2.0.2.tgz 4698ms (cache miss)
1466 http fetch GET 200 https://registry.npmjs.org/babel-preset-current-node-syntax/-/babel-preset-current-node-syntax-1.2.0.tgz 4697ms (cache miss)
1467 http fetch GET 200 https://registry.npmjs.org/balanced-match/-/balanced-match-1.0.2.tgz 4699ms (cache miss)
1468 http fetch GET 200 https://registry.npmjs.org/chalk/-/chalk-4.1.2.tgz 4719ms (cache miss)
1469 http fetch GET 200 https://registry.npmjs.org/babel-plugin-jest-hoist/-/babel-plugin-jest-hoist-30.2.0.tgz 4713ms (cache miss)
1470 http fetch GET 200 https://registry.npmjs.org/dedent/-/dedent-1.7.1.tgz 4758ms (cache miss)
1471 http fetch GET 200 https://registry.npmjs.org/camelcase/-/camelcase-5.3.1.tgz 4750ms (cache miss)
1472 http fetch GET 200 https://registry.npmjs.org/babel-jest/-/babel-jest-30.2.0.tgz 4738ms (cache miss)
1473 http fetch GET 200 https://registry.npmjs.org/unicode-properties/-/unicode-properties-1.4.1.tgz 4985ms (cache miss)
1474 http fetch GET 200 https://registry.npmjs.org/callsites/-/callsites-3.1.0.tgz 4759ms (cache miss)
1475 http fetch GET 200 https://registry.npmjs.org/jest-mock/-/jest-mock-30.2.0.tgz 4879ms (cache miss)
1476 http fetch GET 200 https://registry.npmjs.org/async-retry/-/async-retry-1.3.3.tgz 4752ms (cache miss)
1477 http fetch GET 200 https://registry.npmjs.org/negotiator/-/negotiator-0.6.3.tgz 4925ms (cache miss)
1478 http fetch GET 200 https://registry.npmjs.org/array-flatten/-/array-flatten-1.1.1.tgz 4766ms (cache miss)
1479 http fetch GET 200 https://registry.npmjs.org/arrify/-/arrify-2.0.1.tgz 4768ms (cache miss)
1480 http fetch GET 200 https://registry.npmjs.org/buffer-equal-constant-time/-/buffer-equal-constant-time-1.0.1.tgz 4788ms (cache miss)
1481 http fetch GET 200 https://registry.npmjs.org/finalhandler/-/finalhandler-1.3.2.tgz 4858ms (cache miss)
1482 http fetch GET 200 https://registry.npmjs.org/ansi-regex/-/ansi-regex-6.2.2.tgz 4831ms (cache miss)
1483 http fetch GET 200 https://registry.npmjs.org/anymatch/-/anymatch-3.1.3.tgz 4835ms (cache miss)
1484 http fetch GET 200 https://registry.npmjs.org/agent-base/-/agent-base-7.1.4.tgz 4837ms (cache miss)
1485 http fetch GET 200 https://registry.npmjs.org/body-parser/-/body-parser-1.20.4.tgz 4865ms (cache miss)
1486 http fetch GET 200 https://registry.npmjs.org/content-disposition/-/content-disposition-0.5.4.tgz 4887ms (cache miss)
1487 http fetch GET 200 https://registry.npmjs.org/mime/-/mime-3.0.0.tgz 5031ms (cache miss)
1488 http fetch GET 200 https://registry.npmjs.org/babel-plugin-istanbul/-/babel-plugin-istanbul-7.0.1.tgz 4880ms (cache miss)
1489 http fetch GET 200 https://registry.npmjs.org/@types/stack-utils/-/stack-utils-2.0.3.tgz 4882ms (cache miss)
1490 http fetch GET 200 https://registry.npmjs.org/@types/tough-cookie/-/tough-cookie-4.0.5.tgz 4885ms (cache miss)
1491 http fetch GET 200 https://registry.npmjs.org/@types/serve-static/-/serve-static-1.15.10.tgz 4923ms (cache miss)
1492 http fetch GET 200 https://registry.npmjs.org/@types/send/-/send-1.2.1.tgz 4924ms (cache miss)
1493 http fetch GET 200 https://registry.npmjs.org/call-bind/-/call-bind-1.0.8.tgz 4969ms (cache miss)
1494 http fetch GET 200 https://registry.npmjs.org/available-typed-arrays/-/available-typed-arrays-1.0.7.tgz 4976ms (cache miss)
1495 http fetch GET 200 https://registry.npmjs.org/@types/mime/-/mime-1.3.5.tgz 4966ms (cache miss)
1496 http fetch GET 200 https://registry.npmjs.org/base64-js/-/base64-js-1.5.1.tgz 5000ms (cache miss)
1497 http fetch GET 200 https://registry.npmjs.org/ansi-styles/-/ansi-styles-4.3.0.tgz 4992ms (cache miss)
1498 http fetch GET 200 https://registry.npmjs.org/tr46/-/tr46-0.0.3.tgz 5252ms (cache miss)
1499 http fetch GET 200 https://registry.npmjs.org/@types/express/-/express-4.17.25.tgz 4994ms (cache miss)
1500 http fetch GET 200 https://registry.npmjs.org/jest-diff/-/jest-diff-30.2.0.tgz 5142ms (cache miss)
1501 http fetch GET 200 https://registry.npmjs.org/babel-preset-jest/-/babel-preset-jest-30.2.0.tgz 5022ms (cache miss)
1502 http fetch GET 200 https://registry.npmjs.org/ansi-escapes/-/ansi-escapes-4.3.2.tgz 5014ms (cache miss)
1503 http fetch GET 200 https://registry.npmjs.org/@types/istanbul-reports/-/istanbul-reports-3.0.4.tgz 5082ms (cache miss)
1504 http fetch GET 200 https://registry.npmjs.org/@types/yargs-parser/-/yargs-parser-21.0.3.tgz 5105ms (cache miss)
1505 http fetch GET 200 https://registry.npmjs.org/tslib/-/tslib-2.8.1.tgz 5364ms (cache miss)
1506 http fetch GET 200 https://registry.npmjs.org/@types/range-parser/-/range-parser-1.2.7.tgz 5111ms (cache miss)
1507 http fetch GET 200 https://registry.npmjs.org/selderee/-/selderee-0.11.0.tgz 5337ms (cache miss)
1508 http fetch GET 200 https://registry.npmjs.org/accepts/-/accepts-1.3.8.tgz 5130ms (cache miss)
1509 http fetch GET 200 https://registry.npmjs.org/@types/ms/-/ms-2.1.0.tgz 5126ms (cache miss)
1510 http fetch GET 200 https://registry.npmjs.org/jest-cli/-/jest-cli-30.2.0.tgz 5268ms (cache miss)
1511 http fetch GET 200 https://registry.npmjs.org/@types/babel__template/-/babel__template-7.4.4.tgz 5148ms (cache miss)
1512 http fetch GET 200 https://registry.npmjs.org/@types/long/-/long-4.0.2.tgz 5161ms (cache miss)
1513 http fetch GET 200 https://registry.npmjs.org/@types/http-errors/-/http-errors-2.0.5.tgz 5184ms (cache miss)
1514 http fetch GET 200 https://registry.npmjs.org/@types/request/-/request-2.48.13.tgz 5224ms (cache miss)
1515 http fetch GET 200 https://registry.npmjs.org/@ungap/structured-clone/-/structured-clone-1.3.0.tgz 5231ms (cache miss)
1516 http fetch GET 200 https://registry.npmjs.org/@types/istanbul-lib-coverage/-/istanbul-lib-coverage-2.0.6.tgz 5228ms (cache miss)
1517 http fetch GET 200 https://registry.npmjs.org/linebreak/-/linebreak-1.1.0.tgz 5400ms (cache miss)
1518 http fetch GET 200 https://registry.npmjs.org/@types/connect/-/connect-3.4.38.tgz 5233ms (cache miss)
1519 http fetch GET 200 https://registry.npmjs.org/@types/body-parser/-/body-parser-1.19.6.tgz 5245ms (cache miss)
1520 http fetch GET 200 https://registry.npmjs.org/jest-util/-/jest-util-30.2.0.tgz 5421ms (cache miss)
1521 http fetch GET 200 https://registry.npmjs.org/@protobufjs/utf8/-/utf8-1.1.0.tgz 5260ms (cache miss)
1522 http fetch GET 200 https://registry.npmjs.org/@types/cors/-/cors-2.8.19.tgz 5284ms (cache miss)
1523 http fetch GET 200 https://registry.npmjs.org/@types/babel__generator/-/babel__generator-7.27.0.tgz 5280ms (cache miss)
1524 http fetch GET 200 https://registry.npmjs.org/@types/jsonwebtoken/-/jsonwebtoken-9.0.10.tgz 5288ms (cache miss)
1525 http fetch GET 200 https://registry.npmjs.org/node-fetch/-/node-fetch-2.7.0.tgz 5487ms (cache miss)
1526 http fetch GET 200 https://registry.npmjs.org/@protobufjs/inquire/-/inquire-1.1.0.tgz 5283ms (cache miss)
1527 http fetch GET 200 https://registry.npmjs.org/@types/babel__core/-/babel__core-7.20.5.tgz 5296ms (cache miss)
1528 http fetch GET 200 https://registry.npmjs.org/@protobufjs/pool/-/pool-1.1.0.tgz 5292ms (cache miss)
1529 http fetch GET 200 https://registry.npmjs.org/@types/caseless/-/caseless-0.12.5.tgz 5302ms (cache miss)
1530 http fetch GET 200 https://registry.npmjs.org/jws/-/jws-4.0.1.tgz 5475ms (cache miss)
1531 http fetch GET 200 https://registry.npmjs.org/@types/express-serve-static-core/-/express-serve-static-core-4.19.7.tgz 5309ms (cache miss)
1532 http fetch GET 200 https://registry.npmjs.org/functional-red-black-tree/-/functional-red-black-tree-1.0.1.tgz 5411ms (cache miss)
1533 http fetch GET 200 https://registry.npmjs.org/@protobufjs/eventemitter/-/eventemitter-1.1.0.tgz 5302ms (cache miss)
1534 http fetch GET 200 https://registry.npmjs.org/@protobufjs/base64/-/base64-1.1.2.tgz 5301ms (cache miss)
1535 http fetch GET 200 https://registry.npmjs.org/@protobufjs/codegen/-/codegen-2.0.4.tgz 5302ms (cache miss)
1536 http fetch GET 200 https://registry.npmjs.org/@protobufjs/aspromise/-/aspromise-1.1.2.tgz 5302ms (cache miss)
1537 http fetch GET 200 https://registry.npmjs.org/@types/istanbul-lib-report/-/istanbul-lib-report-3.0.3.tgz 5321ms (cache miss)
1538 http fetch GET 200 https://registry.npmjs.org/@tootallnate/once/-/once-2.0.0.tgz 5317ms (cache miss)
1539 http fetch GET 200 https://registry.npmjs.org/@selderee/plugin-htmlparser2/-/plugin-htmlparser2-0.11.0.tgz 5337ms (cache miss)
1540 http fetch GET 200 https://registry.npmjs.org/@types/qs/-/qs-6.14.0.tgz 5421ms (cache miss)
1541 http fetch GET 200 https://registry.npmjs.org/@types/babel__traverse/-/babel__traverse-7.28.0.tgz 5419ms (cache miss)
1542 http fetch GET 200 https://registry.npmjs.org/html-to-text/-/html-to-text-9.0.5.tgz 5545ms (cache miss)
1543 http fetch GET 200 https://registry.npmjs.org/@jridgewell/resolve-uri/-/resolve-uri-3.1.2.tgz 5415ms (cache miss)
1544 http fetch GET 200 https://registry.npmjs.org/color-convert/-/color-convert-2.0.1.tgz 5480ms (cache miss)
1545 http fetch GET 200 https://registry.npmjs.org/@pkgr/core/-/core-0.2.9.tgz 5424ms (cache miss)
1546 http fetch GET 200 https://registry.npmjs.org/@protobufjs/path/-/path-1.1.2.tgz 5429ms (cache miss)
1547 http fetch GET 200 https://registry.npmjs.org/@jridgewell/remapping/-/remapping-2.3.5.tgz 5431ms (cache miss)
1548 http fetch GET 200 https://registry.npmjs.org/@protobufjs/float/-/float-1.0.2.tgz 5441ms (cache miss)
1549 http fetch GET 200 https://registry.npmjs.org/ecdsa-sig-formatter/-/ecdsa-sig-formatter-1.0.11.tgz 5525ms (cache miss)
1550 http fetch GET 200 https://registry.npmjs.org/long/-/long-5.3.2.tgz 5670ms (cache miss)
1551 http fetch GET 200 https://registry.npmjs.org/@protobufjs/fetch/-/fetch-1.1.0.tgz 5484ms (cache miss)
1552 http fetch GET 200 https://registry.npmjs.org/is-string/-/is-string-1.1.1.tgz 5636ms (cache miss)
1553 http fetch GET 200 https://registry.npmjs.org/is-shared-array-buffer/-/is-shared-array-buffer-1.0.4.tgz 5652ms (cache miss)
1554 http fetch GET 200 https://registry.npmjs.org/@jest/source-map/-/source-map-30.0.1.tgz 5499ms (cache miss)
1555 http fetch GET 200 https://registry.npmjs.org/jest-runner/-/jest-runner-30.2.0.tgz 5687ms (cache miss)
1556 http fetch GET 200 https://registry.npmjs.org/dfa/-/dfa-1.2.0.tgz 5614ms (cache miss)
1557 http fetch GET 200 https://registry.npmjs.org/@jest/pattern/-/pattern-30.0.1.tgz 5533ms (cache miss)
1558 http fetch GET 200 https://registry.npmjs.org/@istanbuljs/load-nyc-config/-/load-nyc-config-1.1.0.tgz 5530ms (cache miss)
1559 http fetch GET 200 https://registry.npmjs.org/@jest/types/-/types-30.2.0.tgz 5547ms (cache miss)
1560 http fetch GET 200 https://registry.npmjs.org/@istanbuljs/schema/-/schema-0.1.3.tgz 5536ms (cache miss)
1561 http fetch GET 200 https://registry.npmjs.org/@jest/get-type/-/get-type-30.1.0.tgz 5551ms (cache miss)
1562 http fetch GET 200 https://registry.npmjs.org/@isaacs/cliui/-/cliui-8.0.2.tgz 5548ms (cache miss)
1563 http fetch GET 200 https://registry.npmjs.org/@jest/fake-timers/-/fake-timers-30.2.0.tgz 5559ms (cache miss)
1564 http fetch GET 200 https://registry.npmjs.org/@sinonjs/fake-timers/-/fake-timers-13.0.5.tgz 5605ms (cache miss)
1565 http fetch GET 200 https://registry.npmjs.org/istanbul-lib-coverage/-/istanbul-lib-coverage-3.2.2.tgz 5777ms (cache miss)
1566 http fetch GET 200 https://registry.npmjs.org/limiter/-/limiter-1.1.5.tgz 5815ms (cache miss)
1567 http fetch GET 200 https://registry.npmjs.org/@google-cloud/paginator/-/paginator-5.0.2.tgz 5609ms (cache miss)
1568 http fetch GET 200 https://registry.npmjs.org/form-data/-/form-data-2.5.5.tgz 5743ms (cache miss)
1569 http fetch GET 200 https://registry.npmjs.org/@jest/test-sequencer/-/test-sequencer-30.2.0.tgz 5639ms (cache miss)
1570 http fetch GET 200 https://registry.npmjs.org/is-symbol/-/is-symbol-1.1.1.tgz 5817ms (cache miss)
1571 http fetch GET 200 https://registry.npmjs.org/@jest/console/-/console-30.2.0.tgz 5673ms (cache miss)
1572 http fetch GET 200 https://registry.npmjs.org/peberminta/-/peberminta-0.9.0.tgz 5928ms (cache miss)
1573 http fetch GET 200 https://registry.npmjs.org/@jest/diff-sequences/-/diff-sequences-30.0.1.tgz 5688ms (cache miss)
1574 http fetch GET 200 https://registry.npmjs.org/jest-snapshot/-/jest-snapshot-30.2.0.tgz 5902ms (cache miss)
1575 http fetch GET 200 https://registry.npmjs.org/@jest/globals/-/globals-30.2.0.tgz 5721ms (cache miss)
1576 http fetch GET 200 https://registry.npmjs.org/@jest/test-result/-/test-result-30.2.0.tgz 5729ms (cache miss)
1577 http fetch GET 200 https://registry.npmjs.org/@jest/environment/-/environment-30.2.0.tgz 5728ms (cache miss)
1578 http fetch GET 200 https://registry.npmjs.org/@babel/plugin-syntax-private-property-in-object/-/plugin-syntax-private-property-in-object-7.14.5.tgz 5753ms (cache miss)
1579 http fetch GET 200 https://registry.npmjs.org/object-is/-/object-is-1.1.6.tgz 6000ms (cache miss)
1580 http fetch GET 200 https://registry.npmjs.org/teeny-request/-/teeny-request-9.0.0.tgz 6059ms (cache miss)
1581 http fetch GET 200 https://registry.npmjs.org/istanbul-lib-instrument/-/istanbul-lib-instrument-6.0.3.tgz 5943ms (cache miss)
1582 http fetch GET 200 https://registry.npmjs.org/@types/yargs/-/yargs-17.0.35.tgz 5822ms (cache miss)
1583 http fetch GET 200 https://registry.npmjs.org/@babel/plugin-syntax-optional-chaining/-/plugin-syntax-optional-chaining-7.8.3.tgz 5775ms (cache miss)
1584 http fetch GET 200 https://registry.npmjs.org/@babel/plugin-syntax-top-level-await/-/plugin-syntax-top-level-await-7.14.5.tgz 5775ms (cache miss)
1585 http fetch GET 200 https://registry.npmjs.org/sprintf-js/-/sprintf-js-1.0.3.tgz 6070ms (cache miss)
1586 http fetch GET 200 https://registry.npmjs.org/@jest/transform/-/transform-30.2.0.tgz 5806ms (cache miss)
1587 http fetch GET 200 https://registry.npmjs.org/@babel/plugin-syntax-optional-catch-binding/-/plugin-syntax-optional-catch-binding-7.8.3.tgz 5789ms (cache miss)
1588 http fetch GET 200 https://registry.npmjs.org/@google-cloud/projectify/-/projectify-4.0.0.tgz 5803ms (cache miss)
1589 http fetch GET 200 https://registry.npmjs.org/html-escaper/-/html-escaper-2.0.2.tgz 5961ms (cache miss)
1590 http fetch GET 200 https://registry.npmjs.org/@jest/expect/-/expect-30.2.0.tgz 5822ms (cache miss)
1591 http fetch GET 200 https://registry.npmjs.org/expect/-/expect-30.2.0.tgz 5931ms (cache miss)
1592 http fetch GET 200 https://registry.npmjs.org/cjs-module-lexer/-/cjs-module-lexer-2.1.1.tgz 5892ms (cache miss)
1593 http fetch GET 200 https://registry.npmjs.org/@babel/plugin-syntax-numeric-separator/-/plugin-syntax-numeric-separator-7.10.4.tgz 5804ms (cache miss)
1594 http fetch GET 200 https://registry.npmjs.org/@babel/plugin-syntax-object-rest-spread/-/plugin-syntax-object-rest-spread-7.8.3.tgz 5808ms (cache miss)
1595 http fetch GET 200 https://registry.npmjs.org/@babel/plugin-syntax-nullish-coalescing-operator/-/plugin-syntax-nullish-coalescing-operator-7.8.3.tgz 5827ms (cache miss)
1596 http fetch GET 200 https://registry.npmjs.org/@babel/plugin-syntax-typescript/-/plugin-syntax-typescript-7.27.1.tgz 5854ms (cache miss)
1597 http fetch GET 200 https://registry.npmjs.org/@babel/plugin-syntax-class-static-block/-/plugin-syntax-class-static-block-7.14.5.tgz 5848ms (cache miss)
1598 http fetch GET 200 https://registry.npmjs.org/@firebase/app-check-interop-types/-/app-check-interop-types-0.3.3.tgz 5867ms (cache miss)
1599 http fetch GET 200 https://registry.npmjs.org/is-set/-/is-set-2.0.3.tgz 6067ms (cache miss)
1600 http fetch GET 200 https://registry.npmjs.org/internal-slot/-/internal-slot-1.1.0.tgz 6070ms (cache miss)
1601 http fetch GET 200 https://registry.npmjs.org/@babel/plugin-syntax-import-meta/-/plugin-syntax-import-meta-7.10.4.tgz 5913ms (cache miss)
1602 http fetch GET 200 https://registry.npmjs.org/@babel/plugin-syntax-bigint/-/plugin-syntax-bigint-7.8.3.tgz 5910ms (cache miss)
1603 http fetch GET 200 https://registry.npmjs.org/@babel/plugin-syntax-class-properties/-/plugin-syntax-class-properties-7.12.13.tgz 5914ms (cache miss)
1604 http fetch GET 200 https://registry.npmjs.org/istanbul-lib-source-maps/-/istanbul-lib-source-maps-5.0.6.tgz 6113ms (cache miss)
1605 http fetch GET 200 https://registry.npmjs.org/@babel/plugin-syntax-async-generators/-/plugin-syntax-async-generators-7.8.4.tgz 5913ms (cache miss)
1606 http fetch GET 200 https://registry.npmjs.org/picomatch/-/picomatch-2.3.1.tgz 6188ms (cache miss)
1607 http fetch GET 200 https://registry.npmjs.org/@firebase/logger/-/logger-0.5.0.tgz 5942ms (cache miss)
1608 http fetch GET 200 https://registry.npmjs.org/@babel/plugin-syntax-json-strings/-/plugin-syntax-json-strings-7.8.3.tgz 5937ms (cache miss)
1609 http fetch GET 200 https://registry.npmjs.org/@babel/plugin-syntax-logical-assignment-operators/-/plugin-syntax-logical-assignment-operators-7.10.4.tgz 5945ms (cache miss)
1610 http fetch GET 200 https://registry.npmjs.org/gopd/-/gopd-1.2.0.tgz 6110ms (cache miss)
1611 http fetch GET 200 https://registry.npmjs.org/@babel/helper-string-parser/-/helper-string-parser-7.27.1.tgz 5943ms (cache miss)
1612 http fetch GET 200 https://registry.npmjs.org/@babel/helper-validator-option/-/helper-validator-option-7.27.1.tgz 5973ms (cache miss)
1613 http fetch GET 200 https://registry.npmjs.org/scheduler/-/scheduler-0.27.0.tgz 6279ms (cache miss)
1614 http fetch GET 200 https://registry.npmjs.org/@babel/plugin-syntax-jsx/-/plugin-syntax-jsx-7.27.1.tgz 6023ms (cache miss)
1615 http fetch GET 200 https://registry.npmjs.org/jest-haste-map/-/jest-haste-map-30.2.0.tgz 6271ms (cache miss)
1616 http fetch GET 200 https://registry.npmjs.org/@babel/helper-globals/-/helper-globals-7.28.0.tgz 6057ms (cache miss)
1617 http fetch GET 200 https://registry.npmjs.org/@babel/helper-module-imports/-/helper-module-imports-7.27.1.tgz 6064ms (cache miss)
1618 http fetch GET 200 https://registry.npmjs.org/strip-ansi/-/strip-ansi-6.0.1.tgz 6123ms (cache miss)
1619 http fetch GET 200 https://registry.npmjs.org/strip-ansi/-/strip-ansi-6.0.1.tgz 6125ms (cache miss)
1620 http fetch GET 200 https://registry.npmjs.org/@babel/plugin-syntax-import-attributes/-/plugin-syntax-import-attributes-7.27.1.tgz 6160ms (cache miss)
1621 http fetch GET 200 https://registry.npmjs.org/esprima/-/esprima-4.0.1.tgz 6294ms (cache miss)
1622 http fetch GET 200 https://registry.npmjs.org/@firebase/database-types/-/database-types-1.0.16.tgz 6184ms (cache miss)
1623 http fetch GET 200 https://registry.npmjs.org/string-width/-/string-width-4.2.3.tgz 6131ms (cache miss)
1624 http fetch GET 200 https://registry.npmjs.org/emoji-regex/-/emoji-regex-8.0.0.tgz 6132ms (cache miss)
1625 http fetch GET 200 https://registry.npmjs.org/string-width/-/string-width-4.2.3.tgz 6131ms (cache miss)
1626 http fetch GET 200 https://registry.npmjs.org/define-data-property/-/define-data-property-1.1.4.tgz 6284ms (cache miss)
1627 http fetch GET 200 https://registry.npmjs.org/call-bound/-/call-bound-1.0.4.tgz 6269ms (cache miss)
1628 http fetch GET 200 https://registry.npmjs.org/@firebase/app-types/-/app-types-0.9.3.tgz 6220ms (cache miss)
1629 http fetch GET 200 https://registry.npmjs.org/ansi-regex/-/ansi-regex-5.0.1.tgz 6177ms (cache miss)
1630 http fetch GET 200 https://registry.npmjs.org/@firebase/auth-interop-types/-/auth-interop-types-0.2.4.tgz 6230ms (cache miss)
1631 http fetch GET 200 https://registry.npmjs.org/deepmerge/-/deepmerge-4.3.1.tgz 6419ms (cache miss)
1632 http fetch GET 200 https://registry.npmjs.org/browserslist/-/browserslist-4.28.1.tgz 6424ms (cache miss)
1633 http fetch GET 200 https://registry.npmjs.org/ansi-styles/-/ansi-styles-6.2.3.tgz 6299ms (cache miss)
1634 http fetch GET 200 https://registry.npmjs.org/array-buffer-byte-length/-/array-buffer-byte-length-1.0.2.tgz 6415ms (cache miss)
1635 http fetch GET 200 https://registry.npmjs.org/glob/-/glob-7.2.3.tgz 6300ms (cache miss)
1636 http fetch GET 200 https://registry.npmjs.org/@babel/compat-data/-/compat-data-7.28.5.tgz 6775ms (cache miss)
1637 http fetch GET 200 https://registry.npmjs.org/agent-base/-/agent-base-6.0.2.tgz 6765ms (cache miss)
1638 http fetch GET 200 https://registry.npmjs.org/strip-ansi/-/strip-ansi-6.0.1.tgz 6769ms (cache miss)
1639 http fetch GET 200 https://registry.npmjs.org/strip-ansi/-/strip-ansi-6.0.1.tgz 6771ms (cache miss)
1640 http fetch GET 200 https://registry.npmjs.org/@babel/helper-compilation-targets/-/helper-compilation-targets-7.27.2.tgz 6817ms (cache miss)
1641 http fetch GET 200 https://registry.npmjs.org/minimatch/-/minimatch-3.1.2.tgz 6789ms (cache miss)
1642 http fetch GET 200 https://registry.npmjs.org/brace-expansion/-/brace-expansion-1.1.12.tgz 6787ms (cache miss)
1643 http fetch GET 200 https://registry.npmjs.org/ansi-regex/-/ansi-regex-5.0.1.tgz 6791ms (cache miss)
1644 http fetch GET 200 https://registry.npmjs.org/ansi-regex/-/ansi-regex-5.0.1.tgz 6785ms (cache miss)
1645 http fetch GET 200 https://registry.npmjs.org/ansi-regex/-/ansi-regex-5.0.1.tgz 6783ms (cache miss)
1646 http fetch GET 200 https://registry.npmjs.org/ansi-regex/-/ansi-regex-5.0.1.tgz 6784ms (cache miss)
1647 http fetch GET 200 https://registry.npmjs.org/ms/-/ms-2.1.3.tgz 6789ms (cache miss)
1648 http fetch GET 200 https://registry.npmjs.org/fast-deep-equal/-/fast-deep-equal-2.0.1.tgz 6786ms (cache miss)
1649 http fetch GET 200 https://registry.npmjs.org/p-limit/-/p-limit-2.3.0.tgz 6785ms (cache miss)
1650 http fetch GET 200 https://registry.npmjs.org/yallist/-/yallist-4.0.0.tgz 6786ms (cache miss)
1651 http fetch GET 200 https://registry.npmjs.org/base64-js/-/base64-js-0.0.8.tgz 6786ms (cache miss)
1652 http fetch GET 200 https://registry.npmjs.org/istanbul-lib-report/-/istanbul-lib-report-3.0.1.tgz 7038ms (cache miss)
1653 http fetch GET 200 https://registry.npmjs.org/lru-cache/-/lru-cache-6.0.0.tgz 6873ms (cache miss)
1654 http fetch GET 200 https://registry.npmjs.org/@babel/code-frame/-/code-frame-7.27.1.tgz 6892ms (cache miss)
1655 http fetch GET 200 https://registry.npmjs.org/@google-cloud/promisify/-/promisify-4.0.0.tgz 6950ms (cache miss)
1656 http fetch GET 200 https://registry.npmjs.org/supports-color/-/supports-color-8.1.1.tgz 6888ms (cache miss)
1657 http fetch GET 200 https://registry.npmjs.org/execa/-/execa-5.1.1.tgz 7082ms (cache miss)
1658 http fetch GET 200 https://registry.npmjs.org/@jest/schemas/-/schemas-30.0.5.tgz 6989ms (cache miss)
1659 http fetch GET 200 https://registry.npmjs.org/ms/-/ms-2.1.3.tgz 6912ms (cache miss)
1660 http fetch GET 200 https://registry.npmjs.org/ms/-/ms-2.1.3.tgz 6903ms (cache miss)
1661 http fetch GET 200 https://registry.npmjs.org/ms/-/ms-2.1.3.tgz 6900ms (cache miss)
1662 http fetch GET 200 https://registry.npmjs.org/ms/-/ms-2.1.3.tgz 6906ms (cache miss)
1663 http fetch GET 200 https://registry.npmjs.org/ms/-/ms-2.1.3.tgz 6901ms (cache miss)
1664 http fetch GET 200 https://registry.npmjs.org/ms/-/ms-2.1.3.tgz 6900ms (cache miss)
1665 http fetch GET 200 https://registry.npmjs.org/ms/-/ms-2.1.3.tgz 6891ms (cache miss)
1666 http fetch GET 200 https://registry.npmjs.org/ms/-/ms-2.1.3.tgz 6892ms (cache miss)
1667 http fetch GET 200 https://registry.npmjs.org/regexp.prototype.flags/-/regexp.prototype.flags-1.5.4.tgz 7271ms (cache miss)
1668 http fetch GET 200 https://registry.npmjs.org/camelcase/-/camelcase-6.3.0.tgz 6933ms (cache miss)
1669 http fetch GET 200 https://registry.npmjs.org/agent-base/-/agent-base-6.0.2.tgz 7004ms (cache miss)
1670 http fetch GET 200 https://registry.npmjs.org/@babel/helper-plugin-utils/-/helper-plugin-utils-7.27.1.tgz 7077ms (cache miss)
1671 http fetch GET 200 https://registry.npmjs.org/electron-to-chromium/-/electron-to-chromium-1.5.267.tgz 7209ms (cache miss)
1672 http fetch GET 200 https://registry.npmjs.org/string-width/-/string-width-4.2.3.tgz 7023ms (cache miss)
1673 http fetch GET 200 https://registry.npmjs.org/emoji-regex/-/emoji-regex-8.0.0.tgz 7032ms (cache miss)
1674 http fetch GET 200 https://registry.npmjs.org/signal-exit/-/signal-exit-3.0.7.tgz 7035ms (cache miss)
1675 http fetch GET 200 https://registry.npmjs.org/ansi-regex/-/ansi-regex-5.0.1.tgz 7032ms (cache miss)
1676 http fetch GET 200 https://registry.npmjs.org/strip-ansi/-/strip-ansi-6.0.1.tgz 7093ms (cache miss)
1677 http fetch GET 200 https://registry.npmjs.org/wrap-ansi/-/wrap-ansi-7.0.0.tgz 7095ms (cache miss)
1678 http fetch GET 200 https://registry.npmjs.org/debug/-/debug-4.4.3.tgz 7113ms (cache miss)
1679 http fetch GET 200 https://registry.npmjs.org/debug/-/debug-4.4.3.tgz 7108ms (cache miss)
1680 http fetch GET 200 https://registry.npmjs.org/debug/-/debug-4.4.3.tgz 7099ms (cache miss)
1681 http fetch GET 200 https://registry.npmjs.org/debug/-/debug-4.4.3.tgz 7100ms (cache miss)
1682 http fetch GET 200 https://registry.npmjs.org/ansi-styles/-/ansi-styles-5.2.0.tgz 7127ms (cache miss)
1683 http fetch GET 200 https://registry.npmjs.org/package-json-from-dist/-/package-json-from-dist-1.0.1.tgz 7460ms (cache miss)
1684 http fetch GET 200 https://registry.npmjs.org/@types/send/-/send-0.17.6.tgz 7147ms (cache miss)
1685 http fetch GET 200 https://registry.npmjs.org/gcp-metadata/-/gcp-metadata-6.1.1.tgz 7399ms (cache miss)
1686 http fetch GET 200 https://registry.npmjs.org/@jest/expect-utils/-/expect-utils-30.2.0.tgz 7274ms (cache miss)
1687 http fetch GET 200 https://registry.npmjs.org/baseline-browser-mapping/-/baseline-browser-mapping-2.9.11.tgz 7343ms (cache miss)
1688 http fetch GET 200 https://registry.npmjs.org/jsonwebtoken/-/jsonwebtoken-9.0.3.tgz 7492ms (cache miss)
1689 http fetch GET 200 https://registry.npmjs.org/braces/-/braces-3.0.3.tgz 7379ms (cache miss)
1690 http fetch GET 200 https://registry.npmjs.org/deep-equal/-/deep-equal-2.2.3.tgz 7423ms (cache miss)
1691 http fetch GET 200 https://registry.npmjs.org/@tootallnate%2fonce 6708ms (cache miss)
1692 silly packumentCache corgi:https://registry.npmjs.org/@tootallnate%2fonce set size:undefined disposed:false
1693 http fetch GET 200 https://registry.npmjs.org/jest-worker/-/jest-worker-30.2.0.tgz 7617ms (cache miss)
1694 http fetch GET 200 https://registry.npmjs.org/event-target-shim/-/event-target-shim-5.0.1.tgz 7554ms (cache miss)
1695 http fetch GET 200 https://registry.npmjs.org/lodash 6867ms (cache miss)
1696 silly packumentCache corgi:https://registry.npmjs.org/lodash set size:undefined disposed:false
1697 warn deprecated glob@7.2.3: Glob versions prior to v9 are no longer supported
1698 http fetch GET 200 https://registry.npmjs.org/@jest/core/-/core-30.2.0.tgz 7599ms (cache miss)
1699 http fetch GET 200 https://registry.npmjs.org/jest-circus/-/jest-circus-30.2.0.tgz 7784ms (cache miss)
1700 http fetch GET 200 https://registry.npmjs.org/qs 7057ms (cache miss)
1701 silly packumentCache corgi:https://registry.npmjs.org/qs set size:undefined disposed:false
1702 http fetch GET 200 https://registry.npmjs.org/bignumber.js/-/bignumber.js-9.3.1.tgz 7840ms (cache miss)
1703 http fetch GET 200 https://registry.npmjs.org/es-get-iterator/-/es-get-iterator-1.1.3.tgz 7901ms (cache miss)
1704 http fetch GET 200 https://registry.npmjs.org/object.assign/-/object.assign-4.1.7.tgz 8072ms (cache miss)
1705 http fetch GET 200 https://registry.npmjs.org/faye-websocket/-/faye-websocket-0.11.4.tgz 7960ms (cache miss)
1706 http fetch GET 200 https://registry.npmjs.org/emoji-regex/-/emoji-regex-8.0.0.tgz 7786ms (cache miss)
1707 http fetch GET 200 https://registry.npmjs.org/minimatch 7216ms (cache miss)
1708 silly packumentCache corgi:https://registry.npmjs.org/minimatch set size:undefined disposed:false
1709 http fetch GET 200 https://registry.npmjs.org/debug/-/debug-4.4.3.tgz 7815ms (cache miss)
1710 http fetch GET 200 https://registry.npmjs.org/emoji-regex/-/emoji-regex-8.0.0.tgz 7884ms (cache miss)
1711 http fetch GET 200 https://registry.npmjs.org/debug/-/debug-4.4.3.tgz 7873ms (cache miss)
1712 http fetch GET 200 https://registry.npmjs.org/debug/-/debug-4.4.3.tgz 7913ms (cache miss)
1713 http fetch GET 200 https://registry.npmjs.org/@jest/reporters/-/reporters-30.2.0.tgz 8052ms (cache miss)
1714 http fetch GET 200 https://registry.npmjs.org/@babel/helper-validator-identifier/-/helper-validator-identifier-7.28.5.tgz 8055ms (cache miss)
1715 http fetch GET 200 https://registry.npmjs.org/abort-controller/-/abort-controller-3.0.0.tgz 8160ms (cache miss)
1716 http fetch GET 200 https://registry.npmjs.org/fast-xml-parser 7488ms (cache miss)
1717 silly packumentCache corgi:https://registry.npmjs.org/fast-xml-parser set size:undefined disposed:false
1718 http fetch GET 200 https://registry.npmjs.org/mime/-/mime-1.6.0.tgz 8083ms (cache miss)
1719 http fetch GET 200 https://registry.npmjs.org/debug/-/debug-2.6.9.tgz 8255ms (cache miss)
1720 http fetch GET 200 https://registry.npmjs.org/@jest/snapshot-utils/-/snapshot-utils-30.2.0.tgz 8197ms (cache miss)
1721 http fetch GET 200 https://registry.npmjs.org/synckit/-/synckit-0.11.11.tgz 8481ms (cache miss)
1722 http fetch GET 200 https://registry.npmjs.org/fast-json-stable-stringify/-/fast-json-stable-stringify-2.1.0.tgz 8515ms (cache miss)
1723 http fetch GET 200 https://registry.npmjs.org/@react-email/render/-/render-1.1.2.tgz 8462ms (cache miss)
1724 http fetch GET 200 https://registry.npmjs.org/minipass/-/minipass-7.1.2.tgz 8699ms (cache miss)
1725 http fetch GET 200 https://registry.npmjs.org/qs/-/qs-6.14.1.tgz 8825ms (cache miss)
1726 http fetch GET 200 https://registry.npmjs.org/picomatch/-/picomatch-4.0.3.tgz 8514ms (cache miss)
1727 silly packumentCache corgi:https://registry.npmjs.org/http-proxy-agent cache-miss
1728 http fetch GET 200 https://registry.npmjs.org/https-proxy-agent/-/https-proxy-agent-5.0.1.tgz 8622ms (cache miss)
1729 http fetch GET 200 https://registry.npmjs.org/@grpc/proto-loader/-/proto-loader-0.7.15.tgz 8723ms (cache miss)
1730 http fetch GET 200 https://registry.npmjs.org/google-logging-utils/-/google-logging-utils-0.0.2.tgz 8862ms (cache miss)
1731 http fetch GET 200 https://registry.npmjs.org/@pkgjs/parseargs/-/parseargs-0.11.0.tgz 8877ms (cache miss)
1732 http fetch GET 200 https://registry.npmjs.org/farmhash-modern/-/farmhash-modern-1.1.0.tgz 9019ms (cache miss)
1733 http fetch GET 200 https://registry.npmjs.org/asynckit/-/asynckit-0.4.0.tgz 8975ms (cache miss)
1734 http fetch GET 200 https://registry.npmjs.org/express/-/express-4.22.1.tgz 9062ms (cache miss)
1735 http fetch GET 200 https://registry.npmjs.org/json5/-/json5-2.2.3.tgz 9200ms (cache miss)
1736 http fetch GET 200 https://registry.npmjs.org/path-scurry/-/path-scurry-1.11.1.tgz 9305ms (cache miss)
1737 http fetch GET 200 https://registry.npmjs.org/napi-postinstall/-/napi-postinstall-0.3.4.tgz 9309ms (cache miss)
1738 http fetch GET 200 https://registry.npmjs.org/@grpc/proto-loader/-/proto-loader-0.8.0.tgz 9123ms (cache miss)
1739 http fetch GET 200 https://registry.npmjs.org/react/-/react-19.2.3.tgz 9470ms (cache miss)
1740 http fetch GET 200 https://registry.npmjs.org/jpeg-exif/-/jpeg-exif-1.1.4.tgz 9558ms (cache miss)
1741 http fetch GET 200 https://registry.npmjs.org/undici-types/-/undici-types-6.21.0.tgz 9727ms (cache miss)
1742 http fetch GET 200 https://registry.npmjs.org/@js-sdsl/ordered-map/-/ordered-map-4.4.2.tgz 9571ms (cache miss)
1743 http fetch GET 200 https://registry.npmjs.org/source-map/-/source-map-0.6.1.tgz 9872ms (cache miss)
1744 http fetch GET 200 https://registry.npmjs.org/@babel/template/-/template-7.27.2.tgz 9652ms (cache miss)
1745 http fetch GET 200 https://registry.npmjs.org/http-proxy-agent 1054ms (cache miss)
1746 silly packumentCache corgi:https://registry.npmjs.org/http-proxy-agent set size:undefined disposed:false
1747 http fetch GET 200 https://registry.npmjs.org/exit-x/-/exit-x-0.2.2.tgz 9832ms (cache miss)
1748 http fetch GET 200 https://registry.npmjs.org/lru-memoizer/-/lru-memoizer-2.3.0.tgz 9983ms (cache miss)
1749 http fetch GET 200 https://registry.npmjs.org/math-intrinsics/-/math-intrinsics-1.1.0.tgz 9994ms (cache miss)
1750 http fetch GET 200 https://registry.npmjs.org/jwks-rsa/-/jwks-rsa-3.2.0.tgz 9999ms (cache miss)
1751 http fetch GET 200 https://registry.npmjs.org/@babel/helper-module-transforms/-/helper-module-transforms-7.28.3.tgz 9847ms (cache miss)
1752 http fetch GET 200 https://registry.npmjs.org/readable-stream/-/readable-stream-3.6.2.tgz 10217ms (cache miss)
1753 silly packumentCache corgi:https://registry.npmjs.org/@google-cloud%2fstorage cache-miss
1754 http fetch GET 200 https://registry.npmjs.org/jackspeak/-/jackspeak-3.4.3.tgz 10236ms (cache miss)
1755 http fetch GET 200 https://registry.npmjs.org/gaxios/-/gaxios-6.7.1.tgz 10247ms (cache miss)
1756 http fetch GET 200 https://registry.npmjs.org/@unrs/resolver-binding-win32-x64-msvc/-/resolver-binding-win32-x64-msvc-1.11.1.tgz 10284ms (cache miss)
1757 http fetch GET 200 https://registry.npmjs.org/object-inspect/-/object-inspect-1.13.4.tgz 10500ms (cache miss)
1758 http fetch GET 200 https://registry.npmjs.org/@fastify/busboy/-/busboy-3.2.0.tgz 10293ms (cache miss)
1759 http fetch GET 200 https://registry.npmjs.org/@jridgewell/sourcemap-codec/-/sourcemap-codec-1.5.5.tgz 10334ms (cache miss)
1760 http fetch GET 200 https://registry.npmjs.org/restructure/-/restructure-2.0.1.tgz 10596ms (cache miss)
1761 http fetch GET 200 https://registry.npmjs.org/iconv-lite/-/iconv-lite-0.4.24.tgz 10566ms (cache miss)
1762 http fetch GET 200 https://registry.npmjs.org/signal-exit/-/signal-exit-4.1.0.tgz 10778ms (cache miss)
1763 http fetch GET 200 https://registry.npmjs.org/html-entities/-/html-entities-2.6.0.tgz 10910ms (cache miss)
1764 http fetch GET 200 https://registry.npmjs.org/argparse/-/argparse-1.0.10.tgz 10818ms (cache miss)
1765 http fetch GET 200 https://registry.npmjs.org/pako/-/pako-0.2.9.tgz 11025ms (cache miss)
1766 http fetch GET 200 https://registry.npmjs.org/@jridgewell/gen-mapping/-/gen-mapping-0.3.13.tgz 10817ms (cache miss)
1767 http fetch GET 200 https://registry.npmjs.org/@babel/parser/-/parser-7.28.5.tgz 10808ms (cache miss)
1768 http fetch GET 200 https://registry.npmjs.org/brotli/-/brotli-1.3.3.tgz 10956ms (cache miss)
1769 http fetch GET 200 https://registry.npmjs.org/@firebase/component/-/component-0.7.0.tgz 10890ms (cache miss)
1770 http fetch GET 200 https://registry.npmjs.org/lru-cache/-/lru-cache-10.4.3.tgz 10840ms (cache miss)
1771 http fetch GET 200 https://registry.npmjs.org/@google-cloud%2fstorage 993ms (cache miss)
1772 silly packumentCache corgi:https://registry.npmjs.org/@google-cloud%2fstorage set size:undefined disposed:false
1773 http fetch GET 200 https://registry.npmjs.org/type-fest/-/type-fest-0.21.3.tgz 11316ms (cache miss)
1774 silly packumentCache corgi:https://registry.npmjs.org/firebase-functions-test cache-miss
1775 http fetch GET 200 https://registry.npmjs.org/htmlparser2/-/htmlparser2-8.0.2.tgz 11344ms (cache miss)
1776 http fetch GET 200 https://registry.npmjs.org/crypto-js/-/crypto-js-4.2.0.tgz 11364ms (cache miss)
1777 http fetch GET 200 https://registry.npmjs.org/foreground-child/-/foreground-child-3.3.1.tgz 11548ms (cache miss)
1778 http fetch GET 200 https://registry.npmjs.org/proto3-json-serializer/-/proto3-json-serializer-2.0.2.tgz 11781ms (cache miss)
1779 http fetch GET 200 https://registry.npmjs.org/js-yaml/-/js-yaml-3.14.2.tgz 11843ms (cache miss)
1780 http fetch GET 200 https://registry.npmjs.org/@jridgewell/trace-mapping/-/trace-mapping-0.3.31.tgz 11688ms (cache miss)
1781 http fetch GET 200 https://registry.npmjs.org/istanbul-reports/-/istanbul-reports-3.2.0.tgz 11906ms (cache miss)
1782 http fetch GET 200 https://registry.npmjs.org/semver/-/semver-7.7.3.tgz 11658ms (cache miss)
1783 http fetch GET 200 https://registry.npmjs.org/semver/-/semver-7.7.3.tgz 11665ms (cache miss)
1784 http fetch GET 200 https://registry.npmjs.org/semver/-/semver-7.7.3.tgz 11675ms (cache miss)
1785 http fetch GET 200 https://registry.npmjs.org/semver/-/semver-7.7.3.tgz 11676ms (cache miss)
1786 http fetch GET 200 https://registry.npmjs.org/firebase-functions-test 682ms (cache miss)
1787 silly packumentCache corgi:https://registry.npmjs.org/firebase-functions-test set size:undefined disposed:false
1788 silly packumentCache corgi:https://registry.npmjs.org/test-exclude cache-miss
1789 silly packumentCache corgi:https://registry.npmjs.org/glob cache-miss
1790 http fetch GET 200 https://registry.npmjs.org/@sinonjs/commons/-/commons-3.0.1.tgz 11979ms (cache miss)
1791 http fetch GET 200 https://registry.npmjs.org/yargs/-/yargs-17.7.2.tgz 12301ms (cache miss)
1792 http fetch GET 200 https://registry.npmjs.org/test-exclude 234ms (cache miss)
1793 silly packumentCache corgi:https://registry.npmjs.org/test-exclude set size:undefined disposed:false
1794 http fetch GET 200 https://registry.npmjs.org/@babel/generator/-/generator-7.28.5.tgz 12188ms (cache miss)
1795 http fetch GET 200 https://registry.npmjs.org/glob 327ms (cache miss)
1796 silly packumentCache corgi:https://registry.npmjs.org/glob set size:undefined disposed:false
1797 http fetch GET 200 https://registry.npmjs.org/minimatch/-/minimatch-9.0.5.tgz 12644ms (cache miss)
1798 http fetch GET 200 https://registry.npmjs.org/node-forge/-/node-forge-1.3.3.tgz 12958ms (cache miss)
1799 silly packumentCache corgi:https://registry.npmjs.org/body-parser cache-miss
1800 silly packumentCache corgi:https://registry.npmjs.org/express cache-miss
1801 http fetch GET 200 https://registry.npmjs.org/pdfkit/-/pdfkit-0.15.2.tgz 13146ms (cache miss)
1802 http fetch GET 200 https://registry.npmjs.org/@bcoe/v8-coverage/-/v8-coverage-0.2.3.tgz 12895ms (cache miss)
1803 http fetch GET 200 https://registry.npmjs.org/body-parser 283ms (cache miss)
1804 silly packumentCache corgi:https://registry.npmjs.org/body-parser set size:undefined disposed:false
1805 http fetch GET 200 https://registry.npmjs.org/domutils/-/domutils-3.2.2.tgz 13189ms (cache miss)
1806 http fetch GET 200 https://registry.npmjs.org/png-js/-/png-js-1.0.0.tgz 13349ms (cache miss)
1807 http fetch GET 200 https://registry.npmjs.org/express 522ms (cache miss)
1808 silly packumentCache corgi:https://registry.npmjs.org/express set size:undefined disposed:false
1809 http fetch GET 200 https://registry.npmjs.org/@types/node/-/node-22.19.3.tgz 13505ms (cache miss)
1810 silly packumentCache corgi:https://registry.npmjs.org/teeny-request cache-miss
1811 http fetch GET 200 https://registry.npmjs.org/uuid/-/uuid-8.3.2.tgz 13493ms (cache miss)
1812 http fetch GET 200 https://registry.npmjs.org/glob/-/glob-10.5.0.tgz 13826ms (cache miss)
1813 http fetch GET 200 https://registry.npmjs.org/entities/-/entities-4.5.0.tgz 13896ms (cache miss)
1814 http fetch GET 200 https://registry.npmjs.org/teeny-request 246ms (cache miss)
1815 silly packumentCache corgi:https://registry.npmjs.org/teeny-request set size:undefined disposed:false
1816 silly packumentCache corgi:https://registry.npmjs.org/retry-request cache-miss
1817 http fetch GET 200 https://registry.npmjs.org/@babel/traverse/-/traverse-7.28.5.tgz 14030ms (cache miss)
1818 http fetch GET 200 https://registry.npmjs.org/uuid/-/uuid-9.0.1.tgz 14025ms (cache miss)
1819 http fetch GET 200 https://registry.npmjs.org/fast-xml-parser/-/fast-xml-parser-4.5.3.tgz 14209ms (cache miss)
1820 http fetch GET 200 https://registry.npmjs.org/retry-request 233ms (cache miss)
1821 silly packumentCache corgi:https://registry.npmjs.org/retry-request set size:undefined disposed:false
1822 http fetch GET 200 https://registry.npmjs.org/uuid/-/uuid-9.0.1.tgz 14069ms (cache miss)
1823 http fetch GET 200 https://registry.npmjs.org/uuid/-/uuid-9.0.1.tgz 14074ms (cache miss)
1824 silly packumentCache corgi:https://registry.npmjs.org/firebase-admin cache-miss
1825 http fetch GET 200 https://registry.npmjs.org/firebase-admin 309ms (cache miss)
1826 silly packumentCache corgi:https://registry.npmjs.org/firebase-admin set size:undefined disposed:false
1827 silly packumentCache corgi:https://registry.npmjs.org/google-gax cache-miss
1828 http fetch GET 200 https://registry.npmjs.org/protobufjs/-/protobufjs-7.5.4.tgz 15008ms (cache miss)
1829 http fetch GET 200 https://registry.npmjs.org/react-dom/-/react-dom-19.2.3.tgz 15162ms (cache miss)
1830 http fetch GET 200 https://registry.npmjs.org/google-gax 758ms (cache miss)
1831 silly packumentCache corgi:https://registry.npmjs.org/google-gax set size:undefined disposed:false
1832 http fetch GET 200 https://registry.npmjs.org/@firebase/database-compat/-/database-compat-2.1.0.tgz 15538ms (cache miss)
1833 http fetch GET 200 https://registry.npmjs.org/google-auth-library/-/google-auth-library-9.15.1.tgz 15704ms (cache miss)
1834 silly packumentCache corgi:https://registry.npmjs.org/firebase-functions cache-miss
1835 http fetch GET 200 https://registry.npmjs.org/@firebase/util/-/util-1.13.0.tgz 15948ms (cache miss)
1836 http fetch GET 200 https://registry.npmjs.org/prettier/-/prettier-3.7.4.tgz 16332ms (cache miss)
1837 http fetch GET 200 https://registry.npmjs.org/pure-rand/-/pure-rand-7.0.1.tgz 16338ms (cache miss)
1838 http fetch GET 200 https://registry.npmjs.org/firebase-functions 638ms (cache miss)
1839 silly packumentCache corgi:https://registry.npmjs.org/firebase-functions set size:undefined disposed:false
1840 silly packumentCache corgi:https://registry.npmjs.org/@google-cloud%2ffirestore cache-miss
1841 http fetch GET 200 https://registry.npmjs.org/@google-cloud/storage/-/storage-7.18.0.tgz 16281ms (cache miss)
1842 http fetch GET 200 https://registry.npmjs.org/@google-cloud%2ffirestore 480ms (cache miss)
1843 silly packumentCache corgi:https://registry.npmjs.org/@google-cloud%2ffirestore set size:undefined disposed:false
1844 http fetch GET 200 https://registry.npmjs.org/firebase-functions-test/-/firebase-functions-test-3.4.1.tgz 16946ms (cache miss)
1845 http fetch GET 200 https://registry.npmjs.org/@babel/core/-/core-7.28.5.tgz 16928ms (cache miss)
1846 http fetch GET 200 https://registry.npmjs.org/@swc/helpers/-/helpers-0.3.17.tgz 17037ms (cache miss)
1847 http fetch GET 200 https://registry.npmjs.org/fontkit/-/fontkit-1.9.0.tgz 17435ms (cache miss)
1848 http fetch GET 200 https://registry.npmjs.org/uuid/-/uuid-11.1.0.tgz 18148ms (cache miss)
1849 http fetch GET 200 https://registry.npmjs.org/@babel/types/-/types-7.28.5.tgz 18513ms (cache miss)
1850 http fetch GET 200 https://registry.npmjs.org/firebase-admin/-/firebase-admin-13.6.0.tgz 19673ms (cache miss)
1851 http fetch GET 200 https://registry.npmjs.org/@babel/helpers/-/helpers-7.28.4.tgz 19882ms (cache miss)
1852 http fetch GET 200 https://registry.npmjs.org/firebase-functions/-/firebase-functions-7.0.2.tgz 20084ms (cache miss)
1853 http fetch GET 200 https://registry.npmjs.org/@google-cloud/firestore/-/firestore-7.11.6.tgz 20211ms (cache miss)
1854 http fetch GET 200 https://registry.npmjs.org/@firebase/database/-/database-1.1.0.tgz 21195ms (cache miss)
1855 http fetch GET 200 https://registry.npmjs.org/jose/-/jose-4.15.9.tgz 21992ms (cache miss)
1856 http fetch GET 200 https://registry.npmjs.org/@types/lodash/-/lodash-4.17.21.tgz 22617ms (cache miss)
1857 http fetch GET 200 https://registry.npmjs.org/google-gax/-/google-gax-4.6.1.tgz 22871ms (cache miss)
1858 http fetch GET 200 https://registry.npmjs.org/typescript/-/typescript-4.9.5.tgz 24677ms (cache miss)
1859 http fetch GET 200 https://registry.npmjs.org/lodash/-/lodash-4.17.21.tgz 24746ms (cache miss)
1860 http fetch GET 200 https://registry.npmjs.org/@opentelemetry/api/-/api-1.9.0.tgz 25203ms (cache miss)
1861 http fetch GET 200 https://registry.npmjs.org/caniuse-lite/-/caniuse-lite-1.0.30001762.tgz 25348ms (cache miss)
1862 http fetch GET 200 https://registry.npmjs.org/@grpc/grpc-js/-/grpc-js-1.14.3.tgz 25533ms (cache miss)
1863 http fetch GET 200 https://registry.npmjs.org/@sinclair/typebox/-/typebox-0.34.46.tgz 28081ms (cache miss)
1864 info run @firebase/util@1.13.0 postinstall node_modules/@firebase/util node ./postinstall.js
1865 info run protobufjs@7.5.4 postinstall node_modules/protobufjs node scripts/postinstall
1866 info run unrs-resolver@1.11.1 postinstall node_modules/unrs-resolver napi-postinstall unrs-resolver 1.11.1 check
1867 info run @firebase/util@1.13.0 postinstall { code: 'EPERM', signal: undefined }
1868 info run protobufjs@7.5.4 postinstall { code: 'EPERM', signal: undefined }
1869 info run unrs-resolver@1.11.1 postinstall { code: 'EPERM', signal: undefined }
1870 warn cleanup Failed to remove some directories [
1870 warn cleanup   [
1870 warn cleanup     '\\\\?\\C:\\Users\\FRAN\\MAINTELLIGENCE\\Mainteligence\\functions\\node_modules\\@types',
1870 warn cleanup     [Error: EPERM: operation not permitted, rmdir 'C:\Users\FRAN\MAINTELLIGENCE\Mainteligence\functions\node_modules\@types\lodash\fp'] {
1870 warn cleanup       errno: -4048,
1870 warn cleanup       code: 'EPERM',
1870 warn cleanup       syscall: 'rmdir',
1870 warn cleanup       path: 'C:\\Users\\FRAN\\MAINTELLIGENCE\\Mainteligence\\functions\\node_modules\\@types\\lodash\\fp'
1870 warn cleanup     }
1870 warn cleanup   ],
1870 warn cleanup   [
1870 warn cleanup     '\\\\?\\C:\\Users\\FRAN\\MAINTELLIGENCE\\Mainteligence\\functions\\node_modules',
1870 warn cleanup     [Error: EPERM: operation not permitted, rmdir 'C:\Users\FRAN\MAINTELLIGENCE\Mainteligence\functions\node_modules\@jridgewell\resolve-uri\dist'] {
1870 warn cleanup       errno: -4048,
1870 warn cleanup       code: 'EPERM',
1870 warn cleanup       syscall: 'rmdir',
1870 warn cleanup       path: 'C:\\Users\\FRAN\\MAINTELLIGENCE\\Mainteligence\\functions\\node_modules\\@jridgewell\\resolve-uri\\dist'
1870 warn cleanup     }
1870 warn cleanup   ],
1870 warn cleanup   [
1870 warn cleanup     '\\\\?\\C:\\Users\\FRAN\\MAINTELLIGENCE\\Mainteligence\\functions\\node_modules\\@grpc',
1870 warn cleanup     [Error: EPERM: operation not permitted, rmdir 'C:\Users\FRAN\MAINTELLIGENCE\Mainteligence\functions\node_modules\@grpc\grpc-js'] {
1870 warn cleanup       errno: -4048,
1870 warn cleanup       code: 'EPERM',
1870 warn cleanup       syscall: 'rmdir',
1870 warn cleanup       path: 'C:\\Users\\FRAN\\MAINTELLIGENCE\\Mainteligence\\functions\\node_modules\\@grpc\\grpc-js'
1870 warn cleanup     }
1870 warn cleanup   ]
1870 warn cleanup ]
1871 verbose stack Error: spawn EPERM
1871 verbose stack     at ChildProcess.spawn (node:internal/child_process:421:11)
1871 verbose stack     at spawn (node:child_process:796:9)
1871 verbose stack     at promiseSpawn (C:\Program Files\nodejs\node_modules\npm\node_modules\@npmcli\promise-spawn\lib\index.js:39:16)
1871 verbose stack     at spawnWithShell (C:\Program Files\nodejs\node_modules\npm\node_modules\@npmcli\promise-spawn\lib\index.js:124:10)
1871 verbose stack     at promiseSpawn (C:\Program Files\nodejs\node_modules\npm\node_modules\@npmcli\promise-spawn\lib\index.js:12:12)
1871 verbose stack     at runScriptPkg (C:\Program Files\nodejs\node_modules\npm\node_modules\@npmcli\run-script\lib\run-script-pkg.js:79:13)
1871 verbose stack     at runScript (C:\Program Files\nodejs\node_modules\npm\node_modules\@npmcli\run-script\lib\run-script.js:9:12)
1871 verbose stack     at C:\Program Files\nodejs\node_modules\npm\node_modules\@npmcli\arborist\lib\arborist\rebuild.js:332:17
1871 verbose stack     at run (C:\Program Files\nodejs\node_modules\npm\node_modules\promise-call-limit\dist\commonjs\index.js:67:22)
1871 verbose stack     at C:\Program Files\nodejs\node_modules\npm\node_modules\promise-call-limit\dist\commonjs\index.js:84:9
1872 error code EPERM
1873 error syscall spawn
1874 error errno -4048
1875 error Error: spawn EPERM
1875 error     at ChildProcess.spawn (node:internal/child_process:421:11)
1875 error     at spawn (node:child_process:796:9)
1875 error     at promiseSpawn (C:\Program Files\nodejs\node_modules\npm\node_modules\@npmcli\promise-spawn\lib\index.js:39:16)
1875 error     at spawnWithShell (C:\Program Files\nodejs\node_modules\npm\node_modules\@npmcli\promise-spawn\lib\index.js:124:10)
1875 error     at promiseSpawn (C:\Program Files\nodejs\node_modules\npm\node_modules\@npmcli\promise-spawn\lib\index.js:12:12)
1875 error     at runScriptPkg (C:\Program Files\nodejs\node_modules\npm\node_modules\@npmcli\run-script\lib\run-script-pkg.js:79:13)
1875 error     at runScript (C:\Program Files\nodejs\node_modules\npm\node_modules\@npmcli\run-script\lib\run-script.js:9:12)
1875 error     at C:\Program Files\nodejs\node_modules\npm\node_modules\@npmcli\arborist\lib\arborist\rebuild.js:332:17
1875 error     at run (C:\Program Files\nodejs\node_modules\npm\node_modules\promise-call-limit\dist\commonjs\index.js:67:22)
1875 error     at C:\Program Files\nodejs\node_modules\npm\node_modules\promise-call-limit\dist\commonjs\index.js:84:9 {
1875 error   errno: -4048,
1875 error   code: 'EPERM',
1875 error   syscall: 'spawn'
1875 error }
1876 error
1876 error The operation was rejected by your operating system.
1876 error It's possible that the file was already in use (by a text editor or antivirus),
1876 error or that you lack permissions to access it.
1876 error
1876 error If you believe this might be a permissions issue, please double-check the
1876 error permissions of the file and its containing directories, or try running
1876 error the command again as root/Administrator.
1877 silly unfinished npm timer reify 1774404364804
1878 silly unfinished npm timer reify:build 1774404394255
1879 silly unfinished npm timer build 1774404394257
1880 silly unfinished npm timer build:deps 1774404394258
1881 silly unfinished npm timer build:run:postinstall 1774404394465
1882 silly unfinished npm timer build:run:postinstall:node_modules/@firebase/util 1774404394466
1883 silly unfinished npm timer build:run:postinstall:node_modules/protobufjs 1774404394514
1884 silly unfinished npm timer build:run:postinstall:node_modules/unrs-resolver 1774404394557
1885 verbose cwd C:\Users\FRAN\MAINTELLIGENCE\Mainteligence
1886 verbose os Windows_NT 10.0.19045
1887 verbose node v24.12.0
1888 verbose npm  v11.6.2
1889 notice
1889 notice New minor version of npm available! 11.6.2 -> 11.12.0
1889 notice Changelog: https://github.com/npm/cli/releases/tag/v11.12.0
1889 notice To update run: npm install -g npm@11.12.0
1889 notice  { force: true, Symbol(proc-log.meta): true }
1890 verbose exit -4048
1891 verbose code -4048
1892 error A complete log of this run can be found in: C:\Users\FRAN\MAINTELLIGENCE\Mainteligence\.npm-cache\_logs\2026-03-25T02_06_03_881Z-debug-0.log
