#include "WebUi.h"

#include <ArduinoJson.h>
#if defined(ARDUINO_ARCH_ESP8266)
#include <Updater.h>
#else
#include <Update.h>
#endif

#if defined(ARDUINO_ARCH_ESP32)
#include <esp_ota_ops.h>
#include <esp_partition.h>
#endif

#include "IndustrialApp.h"
#include "HomeKitBridge.h"

namespace industrial_v2 {

namespace {

bool gHttpOtaStarted = false;
String gHttpOtaErrorMessage;
static constexpr const char* kFsAppHtmlPath = "/webui/app.html";
static constexpr const char* kFsSetupHtmlPath = "/webui/setup.html";
static constexpr const char* kFsOtaHtmlPath = "/webui/ota.html";
static constexpr const char* kFsCustomProgramHtmlPath = "/webui/custom-program.html";

const uint8_t APP_HTML_GZ[] PROGMEM =
{
  0x1f, 0x8b, 0x08, 0x00, 0x00, 0x00, 0x00, 0x00, 0x02, 0xff, 0xe5, 0x7d, 0x7d, 0x7b, 0xdb, 0x38,
  0x92, 0xe7, 0xff, 0xf9, 0x14, 0x8c, 0xbb, 0x27, 0x14, 0xb7, 0x25, 0x59, 0x92, 0x9d, 0xc4, 0x2d,
  0x45, 0xf6, 0x39, 0x89, 0x33, 0xf1, 0x8d, 0x93, 0xf8, 0x6c, 0xa7, 0x7b, 0xe6, 0x72, 0xd9, 0x84,
  0x96, 0x28, 0x9b, 0x6d, 0x49, 0xd4, 0x8a, 0x54, 0x1c, 0xaf, 0xe2, 0xef, 0x7e, 0xbf, 0x2a, 0xbc,
  0x10, 0xe0, 0x9b, 0xa4, 0x74, 0xe6, 0x76, 0xf7, 0xf6, 0xe9, 0xa7, 0x63, 0x11, 0x28, 0x14, 0x80,
  0x42, 0xa1, 0xaa, 0x50, 0x00, 0x0a, 0x0f, 0x1e, 0x3c, 0x7b, 0x38, 0x8c, 0x06, 0xc9, 0xdd, 0x2c,
  0x70, 0xae, 0x93, 0xc9, 0x78, 0xff, 0xc1, 0x83, 0x67, 0xf4, 0xd7, 0x19, 0xfb, 0xd3, 0xab, 0xfe,
  0x56, 0x30, 0xdd, 0xe2, 0x94, 0xc0, 0x1f, 0xd2, 0xdf, 0x49, 0x90, 0xf8, 0xce, 0xe0, 0xda, 0x9f,
  0xc7, 0x41, 0xd2, 0xdf, 0x5a, 0x24, 0xa3, 0xc6, 0xde, 0x96, 0x4e, 0x9f, 0xfa, 0x93, 0xa0, 0xbf,
  0xf5, 0x25, 0x0c, 0x6e, 0x67, 0xd1, 0x3c, 0xd9, 0x72, 0x06, 0xd1, 0x34, 0x09, 0xa6, 0x80, 0xbb,
  0x0d, 0x87, 0xc9, 0x75, 0x7f, 0x18, 0x7c, 0x09, 0x07, 0x41, 0x83, 0x3f, 0xea, 0xe1, 0x34, 0x4c,
  0x42, 0x7f, 0xdc, 0x88, 0x07, 0xfe, 0x38, 0xe8, 0xb7, 0x19, 0x49, 0x12, 0x26, 0xe3, 0x60, 0xff,
  0xe4, 0xb5, 0x73, 0x3c, 0x1d, 0x2e, 0xe2, 0x64, 0x8e, 0x7c, 0xe7, 0xb7, 0xa7, 0xce, 0x49, 0x98,
  0x04, 0xcf, 0xb6, 0x45, 0x26, 0xa0, 0xe2, 0xe4, 0x8e, 0x7f, 0x74, 0xe7, 0x51, 0x94, 0x2c, 0x1b,
  0x8d, 0xcb, 0xab, 0xee, 0x4f, 0xad, 0xbd, 0xf6, 0x4e, 0xdb, 0xef, 0x35, 0x1a, 0x33, 0x7f, 0x1a,
  0x8c, 0xbb, 0x3f, 0xb5, 0x5b, 0x9d, 0x27, 0x3b, 0x2d, 0x7c, 0x87, 0xd3, 0x9b, 0xee, 0x4f, 0x41,
  0x30, 0xda, 0x1d, 0x3d, 0xc1, 0xd7, 0x64, 0x91, 0x04, 0xc3, 0xee, 0x4f, 0xbf, 0xee, 0xf8, 0xfe,
  0xe5, 0x2e, 0xbe, 0xc7, 0xe1, 0x34, 0xe8, 0xfe, 0xd4, 0x19, 0x3e, 0xde, 0x7b, 0xb2, 0x87, 0x4f,
  0x7f, 0x30, 0x40, 0x73, 0xbb, 0x3f, 0x8d, 0x46, 0xbf, 0xee, 0xec, 0xb6, 0x74, 0x42, 0x07, 0xf8,
  0xda, 0x97, 0x4f, 0xfd, 0x36, 0x52, 0x22, 0xa0, 0xdb, 0x1b, 0x04, 0xad, 0xbd, 0x11, 0x3e, 0x6e,
  0xfd, 0xf9, 0x94, 0xa0, 0x87, 0xed, 0x27, 0x84, 0x7d, 0x08, 0x82, 0x05, 0x73, 0x4a, 0x78, 0x7a,
  0xf9, 0xf4, 0x12, 0x09, 0xf1, 0xb5, 0x3f, 0x8c, 0x6e, 0xbb, 0x2d, 0xa7, 0xbd, 0x37, 0xfb, 0xea,
  0xec, 0xb6, 0xf0, 0xcf, 0xfc, 0xea, 0xd2, 0xaf, 0xb5, 0xea, 0xf4, 0x5f, 0xb3, 0xb3, 0xe7, 0xdd,
  0x3f, 0x78, 0xf0, 0x2f, 0xcb, 0xcb, 0xe8, 0x6b, 0x23, 0x0e, 0xff, 0x3d, 0x9c, 0x5e, 0x75, 0x2f,
  0xa3, 0xf9, 0x30, 0x98, 0x37, 0x90, 0x82, 0x1c, 0x1a, 0x85, 0x65, 0xe3, 0x36, 0xb8, 0xbc, 0x09,
  0x93, 0x46, 0x12, 0x7c, 0x4d, 0x08, 0x2a, 0x68, 0xf8, 0xc3, 0x3f, 0x40, 0x9c, 0x6e, 0xbb, 0xd5,
  0xfa, 0x0b, 0x80, 0x2e, 0xa3, 0xe1, 0xdd, 0x72, 0xe2, 0xcf, 0xaf, 0xc2, 0x69, 0xb7, 0xd5, 0x1b,
  0x81, 0xe2, 0x8d, 0x91, 0x3f, 0x09, 0xc7, 0x77, 0xdd, 0xad, 0x8b, 0x79, 0x70, 0xb9, 0x18, 0x5c,
  0x07, 0x89, 0xf3, 0xe6, 0x7c, 0xab, 0xbe, 0xf5, 0xd7, 0x70, 0x3c, 0x76, 0xce, 0xfd, 0x69, 0xbc,
  0x55, 0x8f, 0xf1, 0x6f, 0x23, 0x0e, 0xe6, 0xe1, 0xa8, 0x77, 0xe9, 0x0f, 0x6e, 0xae, 0xe6, 0xd1,
  0x62, 0x3a, 0xec, 0xce, 0xfd, 0x21, 0x8d, 0xc8, 0x15, 0xfd, 0x45, 0xb7, 0x6b, 0x83, 0x70, 0x3e,
  0x18, 0x07, 0x8e, 0x9f, 0x38, 0x49, 0x34, 0x73, 0xc6, 0xc1, 0x28, 0xa9, 0xff, 0xd4, 0xd9, 0xdd,
  0x1d, 0x3c, 0xfe, 0xd5, 0x69, 0xd5, 0x25, 0xc9, 0x9d, 0xdd, 0xce, 0x5f, 0xbc, 0x3a, 0xd1, 0xd1,
  0x9f, 0xa7, 0x25, 0xdb, 0xbb, 0x8f, 0x87, 0xc1, 0x95, 0x82, 0xa9, 0xff, 0xd4, 0x7e, 0xbc, 0xd3,
  0xda, 0x19, 0x38, 0x8f, 0xf7, 0xfe, 0x02, 0x0c, 0xed, 0xdd, 0xf6, 0xee, 0xc0, 0xeb, 0x0d, 0xa2,
  0x71, 0x34, 0xef, 0x7e, 0xf1, 0xe7, 0x35, 0x1e, 0x25, 0xaf, 0x37, 0x09, 0xa7, 0x8d, 0xeb, 0x20,
  0xbc, 0xba, 0xe6, 0xbe, 0x7d, 0xb9, 0xee, 0x45, 0x5f, 0x82, 0xf9, 0x68, 0x1c, 0xdd, 0x36, 0xbe,
  0x76, 0xaf, 0xc3, 0xe1, 0x30, 0x98, 0x52, 0x77, 0x17, 0x49, 0x12, 0x4d, 0xc1, 0x3d, 0xb3, 0x45,
  0x52, 0x8f, 0x83, 0x71, 0x30, 0x48, 0xea, 0x44, 0x1a, 0x7f, 0x1e, 0xf8, 0x4b, 0xea, 0x7d, 0x37,
  0x9c, 0x5e, 0xa3, 0x63, 0x09, 0x60, 0xfd, 0xe6, 0x65, 0x32, 0x5d, 0x0e, 0xc3, 0x78, 0x36, 0xf6,
  0xef, 0x90, 0x4e, 0xad, 0x6c, 0x8c, 0xc6, 0xc1, 0xd7, 0x9e, 0x3f, 0x0e, 0xaf, 0xa6, 0x0d, 0xb0,
  0xd5, 0x24, 0xee, 0xd2, 0x08, 0x07, 0xf3, 0x1e, 0xd1, 0x34, 0x1c, 0xdd, 0x35, 0x24, 0xcf, 0xaa,
  0x64, 0x26, 0xfb, 0x30, 0x18, 0x44, 0x73, 0x3f, 0x09, 0xa3, 0x69, 0x77, 0x1a, 0x4d, 0x03, 0x1a,
  0x1a, 0x4c, 0x87, 0x60, 0xbe, 0x9c, 0xf9, 0xc3, 0x21, 0x0d, 0x5b, 0x67, 0x17, 0x43, 0xcb, 0x83,
  0xdc, 0xc6, 0x20, 0xf7, 0x54, 0x95, 0x5c, 0x17, 0xfd, 0xd3, 0xb8, 0x9d, 0xfb, 0xb3, 0x2e, 0xfd,
  0xd3, 0xbb, 0xc2, 0x8f, 0x36, 0xc0, 0xd7, 0x69, 0x43, 0x3c, 0xf3, 0x31, 0x5f, 0x2e, 0x83, 0xe4,
  0x36, 0xe0, 0xce, 0x8b, 0x5a, 0xf7, 0x87, 0xe1, 0x97, 0xee, 0x28, 0x9c, 0xc7, 0x49, 0x63, 0x70,
  0x1d, 0x8e, 0x87, 0x4b, 0x22, 0x1c, 0x4f, 0xaa, 0x6e, 0x8b, 0x80, 0xda, 0x19, 0x76, 0x20, 0xa6,
  0xe9, 0x0e, 0xc6, 0xfe, 0x64, 0x56, 0xeb, 0xa0, 0x89, 0xf5, 0xdd, 0x2f, 0xb7, 0xf5, 0xdd, 0xce,
  0xec, 0xab, 0xd7, 0x1b, 0x07, 0x09, 0xaa, 0x6d, 0x50, 0x35, 0xd4, 0x8b, 0x66, 0x6b, 0x2f, 0x98,
  0x88, 0x1e, 0x27, 0x73, 0x70, 0xc8, 0x28, 0x9a, 0x4f, 0xba, 0x8b, 0xd9, 0x2c, 0x98, 0x0f, 0xfc,
  0x98, 0x7a, 0xdd, 0x8c, 0x17, 0x97, 0x4b, 0x73, 0xdc, 0x78, 0x3e, 0x61, 0xe4, 0xfc, 0xaf, 0xb2,
  0x01, 0x7b, 0x4f, 0xd0, 0x7f, 0x82, 0xa4, 0xbe, 0x6a, 0xf2, 0xc8, 0x09, 0x40, 0x54, 0xd2, 0xb4,
  0xb9, 0x9a, 0x87, 0x43, 0x41, 0x8c, 0x3d, 0x51, 0x02, 0xa3, 0x16, 0xd5, 0x9b, 0x3c, 0x7f, 0x97,
  0x06, 0x53, 0xe6, 0x58, 0x6b, 0xaf, 0x45, 0xac, 0xc5, 0xf3, 0xa8, 0xf3, 0xf8, 0x71, 0x5d, 0xfd,
  0xdf, 0x6c, 0xed, 0x7a, 0x45, 0xa9, 0x6d, 0xcf, 0xeb, 0x89, 0x59, 0xd5, 0x6d, 0xa3, 0x0d, 0x71,
  0x34, 0x0e, 0x87, 0x4e, 0x01, 0xdc, 0x9e, 0x02, 0x6b, 0x50, 0x4d, 0x8b, 0x98, 0xdb, 0xd5, 0xe3,
  0xa9, 0x29, 0x66, 0xb1, 0xe8, 0xb1, 0xf8, 0xf0, 0x54, 0x83, 0x75, 0x17, 0xcd, 0x5e, 0x34, 0xa8,
  0x6f, 0xf5, 0x26, 0x46, 0x71, 0x14, 0x5e, 0xf1, 0xc7, 0x32, 0xdf, 0xeb, 0x4e, 0x06, 0x7e, 0x49,
  0xff, 0x60, 0x96, 0x4f, 0x00, 0x97, 0x04, 0x60, 0x81, 0xf1, 0x62, 0x32, 0x8d, 0xbb, 0xf3, 0x60,
  0x16, 0xf8, 0x49, 0xcd, 0x5f, 0x24, 0x51, 0x63, 0x14, 0x26, 0x75, 0x8c, 0x35, 0xa8, 0x4d, 0x54,
  0xc0, 0x48, 0xb6, 0x47, 0x73, 0x8f, 0x9b, 0x12, 0x27, 0x7e, 0x92, 0x36, 0x65, 0x97, 0x1b, 0x6e,
  0xf5, 0x85, 0x93, 0x8c, 0x99, 0x4e, 0xfd, 0x7f, 0x52, 0x6f, 0x3f, 0xad, 0x77, 0x76, 0xeb, 0xcd,
  0xdd, 0xc7, 0xeb, 0x91, 0xe8, 0x89, 0x97, 0x4e, 0x49, 0x66, 0x68, 0x7f, 0x7a, 0x77, 0x8b, 0x0e,
  0x04, 0xbd, 0x5b, 0x94, 0x6e, 0x5c, 0x62, 0x0a, 0xde, 0x74, 0xf9, 0xdf, 0x06, 0x25, 0xa8, 0x86,
  0x39, 0x97, 0xba, 0xfb, 0x97, 0xe3, 0x68, 0x70, 0x63, 0x70, 0x25, 0x51, 0xa1, 0x57, 0xc0, 0x50,
  0x65, 0x3c, 0x58, 0xcc, 0xb1, 0x82, 0xdd, 0x21, 0x34, 0x21, 0x1a, 0x26, 0xdd, 0x27, 0x82, 0xb0,
  0x5c, 0x33, 0xe0, 0xa6, 0xcb, 0xb4, 0x3a, 0x66, 0x40, 0xfe, 0xbc, 0x15, 0x72, 0xe6, 0x69, 0x8b,
  0x66, 0x8c, 0x64, 0x3a, 0x4d, 0x3f, 0x89, 0x81, 0x53, 0x9d, 0xeb, 0x8e, 0x9e, 0x4e, 0x0e, 0xf8,
  0x58, 0x63, 0x10, 0xed, 0x27, 0x1e, 0xd9, 0xa8, 0xb1, 0x84, 0x38, 0x89, 0xa2, 0xf1, 0xa5, 0x3f,
  0x5f, 0xae, 0x14, 0x13, 0xad, 0x42, 0x31, 0x41, 0x28, 0x2e, 0xfd, 0xe1, 0x55, 0xa0, 0x5b, 0xfc,
  0x44, 0x09, 0x1e, 0x7b, 0xd4, 0x7f, 0xfd, 0xf5, 0x57, 0x7b, 0xd8, 0x49, 0x2d, 0x76, 0x3a, 0x97,
  0xeb, 0xce, 0x87, 0xcc, 0x38, 0x6d, 0x24, 0x2d, 0x36, 0xe6, 0x14, 0xee, 0x51, 0x33, 0xba, 0xb1,
  0xe4, 0x4b, 0x74, 0xe3, 0xa5, 0x79, 0xa4, 0x6d, 0xad, 0x5c, 0x4a, 0x30, 0xf2, 0x85, 0xfa, 0x95,
  0x10, 0xa4, 0xc3, 0xfd, 0x5f, 0x7d, 0xca, 0xe5, 0x89, 0xd5, 0x29, 0x98, 0x82, 0x20, 0x5b, 0x6f,
  0xa3, 0x59, 0xd7, 0xb1, 0x67, 0x1d, 0x89, 0xe9, 0x79, 0x34, 0x8e, 0x8b, 0x67, 0xf7, 0x66, 0xa8,
  0xdb, 0x4f, 0x34, 0x6a, 0x6b, 0xc8, 0x83, 0x29, 0x53, 0x67, 0x14, 0x06, 0xe3, 0x02, 0x29, 0x22,
  0x39, 0x95, 0x73, 0x61, 0xaf, 0x5d, 0x82, 0x8b, 0x7f, 0xf0, 0xe4, 0x4a, 0xd1, 0xb3, 0xca, 0x85,
  0xfe, 0x4b, 0x6a, 0x1f, 0xc8, 0x56, 0xec, 0x6f, 0xc1, 0xb2, 0x18, 0xdc, 0x40, 0x40, 0x6e, 0x7d,
  0xf4, 0xea, 0x12, 0x46, 0x2a, 0x64, 0xf9, 0xa5, 0xf5, 0xb2, 0xd0, 0x0d, 0x64, 0xb0, 0xf4, 0xf4,
  0x24, 0x23, 0x63, 0x88, 0x5b, 0x98, 0x91, 0x54, 0x9d, 0x0c, 0xcb, 0xc2, 0x84, 0x78, 0xd2, 0x1e,
  0xe6, 0xad, 0x85, 0x1c, 0x0f, 0x8b, 0x3c, 0x52, 0x17, 0x96, 0x29, 0xb1, 0xbb, 0x6b, 0xd2, 0x48,
  0x37, 0xc9, 0x34, 0x36, 0xc8, 0x30, 0xeb, 0xcd, 0x03, 0x26, 0x1a, 0xb8, 0x36, 0x09, 0x61, 0x92,
  0xea, 0x22, 0x4d, 0xd5, 0x4d, 0x7b, 0xba, 0x6e, 0xaa, 0xbd, 0xd3, 0x09, 0x5d, 0x46, 0x81, 0x92,
  0xae, 0xac, 0x45, 0x9e, 0x7c, 0x6b, 0x25, 0x37, 0x68, 0x4b, 0x20, 0x4b, 0xbf, 0x82, 0x12, 0x3c,
  0xc0, 0x6a, 0xac, 0x48, 0xb0, 0x29, 0xfa, 0xd0, 0x6f, 0x93, 0x5e, 0xfc, 0xad, 0x10, 0x0b, 0x13,
  0xb9, 0x61, 0xe2, 0x97, 0x56, 0x33, 0xd7, 0x31, 0x0f, 0xae, 0x1a, 0xc2, 0xf2, 0xca, 0x70, 0x6f,
  0xe1, 0xe4, 0x90, 0x93, 0xa1, 0xc5, 0x13, 0xc1, 0xa1, 0x39, 0xc2, 0x74, 0xdb, 0xcb, 0xc8, 0x41,
  0x39, 0x29, 0x58, 0x96, 0x8c, 0xc6, 0xfe, 0xd5, 0xca, 0xa1, 0x91, 0x73, 0x45, 0xd3, 0x7e, 0xcf,
  0x16, 0x98, 0xeb, 0x91, 0xbe, 0x55, 0xcc, 0x99, 0x19, 0x5e, 0xeb, 0xdd, 0x5e, 0xa3, 0x6a, 0x9e,
  0x44, 0x01, 0x66, 0x0b, 0x0b, 0x73, 0x63, 0x4e, 0xb6, 0x0b, 0xe7, 0xa4, 0xd5, 0x1b, 0x7b, 0x20,
  0x76, 0x8d, 0x81, 0xd8, 0xcd, 0x0c, 0xc4, 0xee, 0x06, 0x03, 0xa1, 0xd1, 0x37, 0x41, 0x2c, 0xff,
  0x72, 0x1c, 0x0c, 0x97, 0x11, 0x4d, 0xf4, 0xe4, 0xae, 0xdb, 0x7c, 0xda, 0x21, 0x08, 0x7f, 0x3e,
  0xf7, 0xef, 0x1a, 0xac, 0xa2, 0x53, 0x5d, 0x58, 0x36, 0x43, 0xd7, 0xb4, 0xa8, 0x32, 0x26, 0x07,
  0xec, 0x8d, 0x56, 0xbd, 0xb3, 0xc7, 0x26, 0x47, 0x5a, 0x25, 0xaf, 0xec, 0x96, 0xb6, 0x16, 0x97,
  0xb3, 0xf6, 0x3a, 0x9c, 0x92, 0x38, 0xc1, 0x42, 0x0f, 0x0d, 0x80, 0xec, 0x09, 0x96, 0x2b, 0x69,
  0xb9, 0xb1, 0xe6, 0xf1, 0x07, 0x64, 0xd9, 0xc7, 0xeb, 0xa9, 0x63, 0xd9, 0x4a, 0x2c, 0x88, 0x98,
  0xfc, 0xac, 0x7d, 0xb0, 0xc8, 0xd0, 0xf4, 0x22, 0x8a, 0xb0, 0x62, 0x91, 0x14, 0xa2, 0xf5, 0xc2,
  0x8a, 0x39, 0x9c, 0xb3, 0x70, 0x77, 0x78, 0xf1, 0x64, 0x0e, 0xa1, 0x57, 0x87, 0x3e, 0xbb, 0xec,
  0x3c, 0x79, 0xa2, 0x96, 0x4d, 0x3f, 0x75, 0x5a, 0xed, 0xc7, 0xad, 0xcb, 0xac, 0x31, 0xd3, 0x1b,
  0x2c, 0xe6, 0x31, 0xb2, 0x67, 0x51, 0xc8, 0x7c, 0x9f, 0xe5, 0xcd, 0x24, 0xc2, 0x7a, 0xb0, 0x21,
  0x3a, 0xdc, 0x9d, 0xf8, 0xd3, 0x70, 0xb6, 0x18, 0xf3, 0xba, 0x46, 0xf6, 0xa3, 0xe9, 0x8f, 0x93,
  0xe5, 0xea, 0xa6, 0xfd, 0xd4, 0x1e, 0xee, 0xfa, 0x8f, 0x7f, 0xc5, 0x5a, 0x6e, 0xf8, 0xd4, 0xff,
  0xb5, 0xe5, 0x15, 0x4a, 0x17, 0x42, 0x77, 0x75, 0x1d, 0xc5, 0x16, 0xc2, 0x9f, 0x5a, 0x97, 0x6d,
  0xbf, 0xd3, 0xde, 0x4c, 0x9c, 0x2b, 0x6c, 0x52, 0xc1, 0xaf, 0xd1, 0xbe, 0x41, 0x6b, 0x67, 0xb4,
  0x33, 0x22, 0xa2, 0x3d, 0xf5, 0x9f, 0xfa, 0x9a, 0x68, 0xa3, 0xd1, 0x48, 0xc8, 0x24, 0x0c, 0x73,
  0x63, 0x1e, 0xdd, 0xd6, 0x9b, 0x71, 0x30, 0x05, 0xbd, 0x1a, 0x09, 0x4d, 0x88, 0x02, 0x35, 0x2e,
  0x17, 0x33, 0xba, 0xc0, 0xf2, 0x7b, 0x75, 0x7a, 0x8a, 0xc5, 0xe2, 0x96, 0x32, 0x4b, 0xbd, 0x52,
  0x2a, 0xad, 0xa1, 0x1c, 0x57, 0xb0, 0x81, 0x31, 0x87, 0x1e, 0x67, 0x2c, 0xe2, 0x27, 0x60, 0xa2,
  0x4a, 0x2e, 0xd1, 0xbd, 0xe0, 0x79, 0xf3, 0x25, 0x58, 0x67, 0x38, 0x5a, 0xc3, 0xbd, 0xd1, 0xd3,
  0x3d, 0xb0, 0xcd, 0xee, 0xe5, 0xee, 0xaf, 0xe9, 0x42, 0x4b, 0xb1, 0xf2, 0xde, 0x10, 0xfe, 0x12,
  0xb6, 0xd9, 0xcd, 0xd1, 0xf8, 0x33, 0xa4, 0x96, 0x88, 0x48, 0x6b, 0x57, 0x49, 0xb2, 0xdd, 0x62,
  0x89, 0x5e, 0x49, 0xfe, 0x0d, 0xa5, 0xcb, 0x6c, 0x1e, 0xa4, 0x4a, 0xd8, 0x1e, 0x77, 0xb3, 0xe2,
  0x27, 0xed, 0x56, 0xfb, 0xe9, 0x46, 0xda, 0x28, 0xa3, 0x0b, 0x3a, 0x2d, 0x21, 0x9d, 0xbe, 0xaa,
  0x84, 0x9d, 0x0e, 0x25, 0xa8, 0xd6, 0x76, 0x59, 0x97, 0x4a, 0x82, 0x0f, 0xf7, 0x82, 0x76, 0xb0,
  0x6b, 0x29, 0x2a, 0x34, 0x93, 0x3b, 0xb4, 0xb1, 0xf0, 0x34, 0x17, 0xb9, 0x9b, 0xd9, 0xd2, 0x9d,
  0xcc, 0x88, 0x31, 0xbb, 0x59, 0xba, 0x40, 0xac, 0xb8, 0x5a, 0xc5, 0x52, 0x3e, 0x63, 0xe7, 0xae,
  0x6d, 0xd4, 0xb6, 0x85, 0x4d, 0x3b, 0x09, 0xa6, 0x0b, 0x9e, 0xd1, 0x85, 0x93, 0xbe, 0xda, 0x3c,
  0x49, 0x9b, 0xee, 0xc8, 0xce, 0xed, 0x6a, 0x3e, 0x24, 0x5b, 0xb2, 0x4e, 0x7d, 0xcd, 0xdb, 0xf1,
  0x05, 0xba, 0x63, 0x08, 0xaf, 0x69, 0x88, 0x05, 0x84, 0x99, 0xd3, 0xa9, 0xb0, 0x11, 0xab, 0x75,
  0x70, 0xb5, 0x94, 0x48, 0xab, 0x73, 0xe2, 0xc5, 0x04, 0x35, 0xde, 0x2d, 0x33, 0x62, 0xe2, 0x4f,
  0x2f, 0xc4, 0xed, 0x31, 0x41, 0x85, 0xff, 0x63, 0x12, 0xc0, 0xa5, 0xe8, 0xd4, 0x52, 0x07, 0xd1,
  0xaf, 0xc4, 0xa7, 0xde, 0x52, 0x2d, 0xca, 0x8a, 0xe9, 0x0c, 0xd2, 0xde, 0xaf, 0xeb, 0x19, 0xe9,
  0xd4, 0x2d, 0xa3, 0xd1, 0xbb, 0x5f, 0x83, 0x25, 0x19, 0xbf, 0x5e, 0xbd, 0x55, 0xc0, 0xac, 0x29,
  0xf8, 0xf3, 0x6d, 0x58, 0x5f, 0x92, 0xe5, 0xca, 0x16, 0x92, 0xed, 0x69, 0x87, 0xc9, 0x96, 0x71,
  0x3b, 0xb6, 0xd9, 0xed, 0x48, 0xff, 0x90, 0x85, 0xcc, 0x26, 0xcb, 0x30, 0x9c, 0x8b, 0x99, 0xd4,
  0x15, 0xf5, 0x58, 0x4c, 0x08, 0x97, 0x7a, 0x90, 0x0c, 0xae, 0xef, 0x73, 0xde, 0x39, 0xe5, 0xbe,
  0xd4, 0xde, 0xc9, 0x7b, 0xcb, 0x1d, 0xb7, 0x42, 0x5f, 0xdd, 0xc3, 0xe5, 0x98, 0x71, 0xb2, 0xe4,
  0xd8, 0x63, 0x17, 0xec, 0xc1, 0xfe, 0x57, 0x65, 0xbb, 0x36, 0xdb, 0x8f, 0xef, 0xd9, 0x9f, 0x68,
  0x30, 0x0d, 0x97, 0xb4, 0x80, 0x76, 0x01, 0xa4, 0xdc, 0x25, 0xc6, 0x2a, 0x52, 0x2e, 0x0a, 0xee,
  0xa5, 0x1f, 0x84, 0x7a, 0xde, 0x6d, 0x3b, 0x6d, 0x07, 0x0b, 0xb7, 0x41, 0xed, 0x71, 0xeb, 0x2f,
  0x4e, 0x83, 0x28, 0x22, 0xd9, 0x97, 0x29, 0xa0, 0x56, 0x02, 0xa6, 0x2a, 0xcc, 0xb9, 0x6a, 0xd7,
  0x76, 0x0b, 0xdf, 0x6b, 0xa3, 0xb1, 0x90, 0xe8, 0x3a, 0xdb, 0x21, 0xbb, 0xa5, 0xae, 0xbf, 0x84,
  0x43, 0xda, 0xe8, 0x87, 0xd9, 0x9a, 0x27, 0x8a, 0xea, 0xd2, 0x7d, 0x58, 0x62, 0xa5, 0x58, 0x7e,
  0xc5, 0xba, 0xe6, 0xe2, 0x7a, 0x2a, 0xd1, 0x2a, 0xf8, 0xb9, 0xd0, 0x29, 0x46, 0x46, 0x8e, 0xb9,
  0xc6, 0x5f, 0xb1, 0x98, 0x37, 0xc6, 0xeb, 0x49, 0x5a, 0xb2, 0x70, 0x61, 0xcd, 0xa8, 0x59, 0x03,
  0x1a, 0x89, 0x4f, 0x32, 0x8a, 0xaa, 0xc3, 0xe3, 0x90, 0x11, 0x1d, 0x98, 0x04, 0xcf, 0xb6, 0xd5,
  0x46, 0xcf, 0xb3, 0x6d, 0xb5, 0xfb, 0x44, 0x9b, 0x1d, 0x6a, 0x37, 0x0a, 0x8e, 0xf0, 0x07, 0x0f,
  0x1c, 0xe7, 0x19, 0xbc, 0xe1, 0xfc, 0x03, 0x3f, 0xaf, 0xdb, 0x65, 0x9b, 0x47, 0xc8, 0x91, 0x30,
  0x00, 0x77, 0xe0, 0x0c, 0x8f, 0xe3, 0xfe, 0x16, 0xb8, 0x6f, 0x6b, 0xff, 0x08, 0x0c, 0x44, 0x30,
  0x4e, 0xf0, 0x47, 0x30, 0x58, 0x60, 0x13, 0x6b, 0xb2, 0x18, 0x43, 0x09, 0x51, 0x5f, 0xb0, 0x7f,
  0x15, 0x41, 0xde, 0xc1, 0xf4, 0xf9, 0xe2, 0x37, 0x9d, 0xdf, 0x7c, 0xa0, 0xc4, 0xe0, 0x33, 0x46,
  0x67, 0xe6, 0xcf, 0x7d, 0xe7, 0xe8, 0xfc, 0x74, 0x0f, 0x46, 0xb9, 0x13, 0x87, 0x53, 0xe7, 0x4d,
  0x34, 0xbc, 0x5c, 0xc4, 0xce, 0x1d, 0x6d, 0x7a, 0x41, 0x1e, 0xd3, 0x06, 0x58, 0xe0, 0xbc, 0x8e,
  0x26, 0xc1, 0xdf, 0xc2, 0xa4, 0xf9, 0x6c, 0x5b, 0xb5, 0xd2, 0xf8, 0x65, 0xb4, 0x44, 0xb2, 0xf8,
  0x96, 0x6a, 0x24, 0x0d, 0x91, 0xca, 0x63, 0x16, 0xdf, 0x72, 0xc2, 0x61, 0x7f, 0x6b, 0x1a, 0x24,
  0x0d, 0xf1, 0xb9, 0xff, 0x16, 0x6e, 0x85, 0x68, 0x7e, 0x03, 0x22, 0x01, 0x74, 0x45, 0xb1, 0x49,
  0x34, 0x0c, 0x54, 0x39, 0x34, 0x33, 0x58, 0xab, 0xd0, 0x60, 0x1c, 0x2d, 0x86, 0xaa, 0xd4, 0x0b,
  0xfa, 0x30, 0x8a, 0xa9, 0x5e, 0x88, 0x91, 0xe1, 0x91, 0x30, 0xbb, 0x43, 0xe2, 0x85, 0xfa, 0xc2,
  0xa0, 0x52, 0xb3, 0xab, 0x3c, 0x96, 0x28, 0xb2, 0x3b, 0xfe, 0x17, 0xb1, 0x5f, 0xa7, 0xfb, 0x7d,
  0xdd, 0xd9, 0x7f, 0x03, 0x36, 0x06, 0xda, 0x4e, 0xc1, 0x78, 0x19, 0xcb, 0xc0, 0xad, 0xfd, 0x43,
  0xd8, 0x21, 0x98, 0xef, 0x43, 0xdf, 0xe1, 0xa1, 0xa2, 0x21, 0x88, 0xfd, 0x64, 0x31, 0xf7, 0xe7,
  0x70, 0x7d, 0x60, 0x78, 0xa6, 0x89, 0x3f, 0xa6, 0x1f, 0xf3, 0x70, 0x3a, 0x08, 0x67, 0xfe, 0xd8,
  0x18, 0x03, 0x1b, 0xab, 0x9a, 0x37, 0xaa, 0x11, 0x99, 0x3a, 0x89, 0xbb, 0xd3, 0x2c, 0x64, 0xb2,
  0x63, 0xc5, 0x81, 0x3a, 0xa4, 0xbe, 0x5c, 0xc1, 0x80, 0xe2, 0x69, 0xb2, 0xb5, 0x7f, 0xea, 0x43,
  0x85, 0xfb, 0xcf, 0xb6, 0x39, 0xdf, 0x2c, 0x20, 0x00, 0xb8, 0xc7, 0x56, 0x81, 0x14, 0x04, 0x40,
  0xd1, 0x8c, 0x89, 0xf4, 0xc5, 0x1f, 0x2f, 0xe0, 0x5a, 0xdb, 0xf6, 0x67, 0xb3, 0x03, 0x02, 0xee,
  0x4f, 0xfc, 0x10, 0x1b, 0xb0, 0x6f, 0xf0, 0xaf, 0x23, 0xa7, 0xfa, 0xb3, 0x6d, 0x01, 0xbb, 0x5e,
  0x79, 0xb1, 0xe7, 0x1a, 0x4e, 0x47, 0xd1, 0xd6, 0xfe, 0xf1, 0x94, 0x94, 0x38, 0x24, 0x32, 0x00,
  0x87, 0xe8, 0x03, 0xc9, 0xbe, 0x28, 0xc6, 0x36, 0xec, 0x97, 0x68, 0x33, 0xa4, 0x53, 0xc1, 0x7c,
  0xc0, 0x88, 0x4d, 0xb9, 0x24, 0x1c, 0xfa, 0x43, 0xc1, 0xf7, 0x34, 0xd2, 0x5f, 0xe8, 0x73, 0x33,
  0x74, 0x97, 0x91, 0x3f, 0x07, 0x8d, 0x5f, 0xb0, 0x5c, 0xc3, 0x08, 0x72, 0x03, 0x21, 0xbd, 0x06,
  0xfe, 0x66, 0x78, 0x98, 0x65, 0x25, 0xb3, 0x3a, 0xc7, 0xd1, 0x05, 0x06, 0x3f, 0xfa, 0x12, 0xc6,
  0x80, 0x2d, 0xc0, 0x03, 0x6e, 0xe6, 0x71, 0x48, 0x47, 0xdd, 0xe0, 0x0f, 0x7c, 0xf9, 0x7a, 0x4e,
  0x24, 0x53, 0x87, 0xd7, 0xb1, 0x5b, 0xce, 0xf5, 0x3c, 0x18, 0xa1, 0xc2, 0x01, 0xc4, 0x4b, 0x34,
  0x69, 0x00, 0x3b, 0x56, 0x3a, 0x13, 0x54, 0xc8, 0xdf, 0xce, 0xa9, 0xf8, 0x7e, 0xb6, 0xed, 0xaf,
  0x85, 0x05, 0x1b, 0xe8, 0x0b, 0xcc, 0x92, 0x73, 0xfa, 0xe3, 0x9c, 0x42, 0x5c, 0xf8, 0xe3, 0x75,
  0x8b, 0x46, 0x89, 0xbf, 0xb5, 0xff, 0xee, 0xe2, 0xd0, 0x79, 0x3f, 0x1b, 0x47, 0x44, 0x6d, 0x55,
  0xac, 0x8c, 0xc7, 0xcd, 0x99, 0xc3, 0x8c, 0x08, 0x47, 0x50, 0x7c, 0xbd, 0xb5, 0x7f, 0x86, 0xd9,
  0x7b, 0x67, 0x49, 0x27, 0x39, 0x5b, 0x4b, 0x26, 0x2f, 0xa9, 0x27, 0x81, 0x40, 0xee, 0xe5, 0x4b,
  0x4b, 0x32, 0x3f, 0x8d, 0x2b, 0x79, 0xad, 0x70, 0x76, 0x6b, 0xd5, 0x27, 0x2a, 0x20, 0x55, 0x15,
  0x6f, 0xed, 0x57, 0xb4, 0xcd, 0x28, 0x2b, 0xac, 0xc9, 0x54, 0x7c, 0x96, 0x8a, 0x9c, 0x7f, 0x5b,
  0x84, 0x83, 0x1b, 0xbb, 0xb5, 0xa2, 0xbd, 0xff, 0x8b, 0x32, 0x9c, 0x17, 0x6a, 0x8a, 0xe9, 0x16,
  0xda, 0xf5, 0x28, 0x6d, 0x6b, 0x09, 0x84, 0xbc, 0xb4, 0x30, 0x65, 0x84, 0xa8, 0x91, 0x44, 0xf0,
  0xd6, 0xfe, 0xef, 0x98, 0x34, 0x8e, 0x90, 0xc0, 0x42, 0x4a, 0x98, 0xb2, 0xc1, 0x04, 0xd4, 0xcc,
  0x69, 0x33, 0xe5, 0x9a, 0x95, 0x81, 0xb3, 0xd8, 0xa4, 0x67, 0xe6, 0xe2, 0x5f, 0x4e, 0x5b, 0xd7,
  0xc8, 0x2a, 0xde, 0xa8, 0x50, 0x03, 0x3b, 0xc2, 0xab, 0x3f, 0x5d, 0x4c, 0x2e, 0x83, 0xf9, 0x96,
  0x13, 0x27, 0xc1, 0xac, 0xbf, 0xd5, 0x6a, 0xb6, 0xb7, 0xfe, 0x5c, 0x23, 0x3a, 0x46, 0x2b, 0x3a,
  0x2b, 0x5b, 0xd1, 0x59, 0xbb, 0x19, 0x99, 0x2f, 0xa3, 0x49, 0xda, 0x70, 0x12, 0x43, 0x2e, 0x1d,
  0x16, 0x7c, 0x6e, 0x20, 0xce, 0x61, 0x31, 0xca, 0x49, 0x2b, 0xcd, 0x1a, 0x5b, 0x51, 0xcc, 0x98,
  0x89, 0x02, 0x27, 0x44, 0xce, 0x58, 0xd8, 0x84, 0xe0, 0x06, 0xe8, 0x22, 0xfa, 0x4c, 0x99, 0x47,
  0x14, 0xaa, 0x44, 0xe3, 0xc0, 0xd1, 0xa6, 0x9a, 0x77, 0x89, 0xc9, 0xc9, 0xd2, 0x8f, 0x4a, 0xc3,
  0x2f, 0xeb, 0x9c, 0x71, 0xd2, 0x86, 0x78, 0xae, 0x61, 0x6a, 0xd0, 0x39, 0x11, 0xec, 0x63, 0x04,
  0x40, 0x27, 0x2d, 0x0f, 0xe0, 0xc2, 0xa7, 0x73, 0xea, 0x87, 0xd0, 0x83, 0x57, 0xf1, 0x7a, 0x38,
  0x85, 0x9f, 0x4d, 0x0a, 0x0a, 0x50, 0x25, 0xc2, 0x04, 0x97, 0x68, 0x5f, 0x89, 0x4f, 0x81, 0x36,
  0x87, 0xad, 0x80, 0xb6, 0xe9, 0x10, 0x8f, 0xa3, 0xab, 0x70, 0xc0, 0x6e, 0x05, 0xc8, 0x31, 0x3e,
  0xce, 0x51, 0xc2, 0x52, 0x96, 0x2b, 0x60, 0x2b, 0x87, 0x41, 0x24, 0x2b, 0x7a, 0x39, 0x27, 0x94,
  0x58, 0xc9, 0xa1, 0x59, 0xd9, 0x67, 0x22, 0x13, 0xb6, 0xc4, 0xc5, 0x75, 0x88, 0x45, 0xb1, 0x14,
  0x1a, 0xf4, 0xf3, 0x3a, 0xba, 0x9d, 0x3a, 0xf8, 0x4d, 0xba, 0x05, 0x7f, 0x31, 0xb8, 0x70, 0x96,
  0xe0, 0x28, 0x8c, 0x9e, 0xc0, 0x04, 0x75, 0x01, 0x89, 0x35, 0x89, 0x48, 0x4e, 0x35, 0x0b, 0xeb,
  0x4f, 0xeb, 0x92, 0x16, 0xbb, 0xac, 0x21, 0xae, 0x9e, 0x51, 0x05, 0x6c, 0x58, 0xce, 0x88, 0xb1,
  0xff, 0x25, 0x68, 0x98, 0x95, 0x60, 0xb6, 0x21, 0xc9, 0x68, 0x9b, 0x22, 0x50, 0x6e, 0xe0, 0x0b,
  0x87, 0x5e, 0xea, 0x19, 0x39, 0x6f, 0xa0, 0x5b, 0x32, 0xc8, 0xcf, 0x38, 0xb1, 0x14, 0x67, 0xf9,
  0x14, 0xcd, 0x4a, 0xef, 0x4a, 0x29, 0x3d, 0x5f, 0xc0, 0xaa, 0x98, 0x04, 0x45, 0x72, 0xfa, 0x9c,
  0x97, 0x42, 0x01, 0x19, 0xda, 0x01, 0xba, 0x37, 0x8c, 0x4a, 0x65, 0xb5, 0xb9, 0x68, 0x92, 0xc4,
  0x32, 0x53, 0xf6, 0xbf, 0xbb, 0x75, 0xc2, 0x32, 0x2e, 0x68, 0xdb, 0x11, 0x37, 0xc8, 0x91, 0xc6,
  0xf2, 0xda, 0xcd, 0x12, 0xf8, 0xb0, 0xe0, 0xbf, 0xaa, 0x92, 0x4e, 0x96, 0xf1, 0xcb, 0x0c, 0x2b,
  0xce, 0x27, 0x10, 0xaf, 0xc6, 0x4e, 0x72, 0x8d, 0x05, 0xcc, 0x57, 0xb0, 0x8e, 0xc3, 0xd8, 0x9c,
  0xf7, 0x67, 0x27, 0xb1, 0x03, 0xf7, 0xce, 0x1c, 0xf6, 0x19, 0xb8, 0x97, 0x06, 0x2d, 0xa0, 0xe5,
  0x1d, 0x03, 0x0a, 0xdd, 0x5d, 0xc7, 0xe7, 0x60, 0xbc, 0xa0, 0x85, 0x3d, 0xce, 0x76, 0x4d, 0xaf,
  0x92, 0x6b, 0xc7, 0x9f, 0x0e, 0x1d, 0x38, 0xaa, 0x84, 0xb0, 0x86, 0x79, 0x05, 0x53, 0x8e, 0x69,
  0x50, 0x1b, 0x2d, 0x70, 0x74, 0x6c, 0xe6, 0x03, 0x24, 0x9a, 0x53, 0x8d, 0x73, 0x1c, 0x29, 0xf3,
  0xc9, 0x69, 0x34, 0xc6, 0x8a, 0x39, 0x98, 0x0e, 0x80, 0x33, 0x22, 0x4b, 0x35, 0xf6, 0x9a, 0x65,
  0x64, 0x4d, 0xd9, 0x61, 0xe5, 0xba, 0x40, 0x4e, 0x97, 0xac, 0x4d, 0x61, 0xe6, 0xa5, 0x42, 0x40,
  0x98, 0x8c, 0x09, 0x1b, 0x79, 0x2b, 0x57, 0x0d, 0x26, 0x0a, 0x41, 0x49, 0x9e, 0x2d, 0xb7, 0x38,
  0x2f, 0x06, 0x96, 0x0a, 0x27, 0xec, 0x77, 0x41, 0xaf, 0x30, 0xdf, 0xc3, 0xe4, 0x3a, 0x82, 0x8a,
  0x22, 0x57, 0xde, 0x04, 0xe8, 0x07, 0x8e, 0x10, 0xd4, 0x4d, 0x29, 0x9d, 0x1d, 0xf8, 0xc5, 0x17,
  0x58, 0x61, 0xdc, 0x39, 0xe1, 0xc8, 0xb9, 0x8b, 0x16, 0x74, 0x26, 0x12, 0x52, 0xd3, 0x99, 0x81,
  0x08, 0x75, 0x87, 0x6c, 0xb3, 0x19, 0x6a, 0x27, 0x2f, 0x29, 0x91, 0x8c, 0x1c, 0xaa, 0xe3, 0xe0,
  0x0b, 0x86, 0x4b, 0x9a, 0xce, 0xce, 0x65, 0x70, 0xed, 0x7f, 0x09, 0xa3, 0x79, 0x7e, 0x59, 0x62,
  0x34, 0xb1, 0x58, 0x60, 0x54, 0x0a, 0x8b, 0x4a, 0x41, 0x61, 0x89, 0x88, 0x0c, 0xed, 0xb2, 0xa2,
  0x7c, 0x1d, 0xd9, 0x90, 0x91, 0x0a, 0xaf, 0xe6, 0xb0, 0x82, 0x5f, 0x32, 0x73, 0x65, 0xf0, 0xad,
  0x6f, 0x61, 0x1a, 0x6c, 0xa0, 0xad, 0x77, 0x70, 0x68, 0xde, 0xc0, 0x4c, 0xad, 0xfc, 0x53, 0x05,
  0x07, 0x99, 0x40, 0xcb, 0x72, 0x1c, 0x45, 0x9d, 0x47, 0x31, 0xc4, 0x03, 0x18, 0x13, 0x4e, 0x80,
  0x20, 0x5e, 0x67, 0x39, 0xf9, 0x3e, 0xf6, 0x9d, 0x05, 0xad, 0xb1, 0x86, 0xe1, 0x55, 0x44, 0x6b,
  0x99, 0x01, 0xf8, 0x60, 0x4a, 0xd3, 0x39, 0xc2, 0xe8, 0x61, 0x2e, 0xe1, 0xf8, 0x5c, 0x44, 0x4a,
  0x82, 0x6a, 0x18, 0x46, 0x71, 0xd3, 0x79, 0x35, 0x5e, 0xfc, 0x11, 0x81, 0x2b, 0x06, 0xd0, 0xb4,
  0x53, 0xac, 0x79, 0xa2, 0xae, 0xf3, 0x02, 0x6e, 0x5c, 0xac, 0x3f, 0xa7, 0x8b, 0xe0, 0x8b, 0x9f,
  0x2e, 0x3e, 0xea, 0x60, 0x19, 0xfc, 0xf2, 0xe7, 0x75, 0xe7, 0xaf, 0x0b, 0xac, 0x74, 0x00, 0xa1,
  0xf3, 0x80, 0x17, 0x45, 0x86, 0x7e, 0xe9, 0xea, 0x34, 0xb3, 0xfe, 0xb4, 0x56, 0x9f, 0x26, 0x7d,
  0x06, 0x6c, 0x37, 0xbe, 0x50, 0xcd, 0x87, 0xf3, 0x27, 0x48, 0xac, 0x7e, 0x64, 0x17, 0xa6, 0xcf,
  0x94, 0xc7, 0x26, 0x4f, 0x6b, 0xc6, 0xc5, 0x0b, 0xb0, 0xe0, 0x3a, 0x1a, 0x63, 0x79, 0xdf, 0x77,
  0x23, 0xb4, 0x72, 0x1a, 0xfe, 0x3b, 0xf3, 0xca, 0xf1, 0xb0, 0xdf, 0x6c, 0x36, 0xbf, 0xa1, 0x79,
  0x41, 0x22, 0x7f, 0x0b, 0x89, 0xf2, 0xb7, 0xe0, 0x8e, 0xbf, 0x68, 0x7e, 0xc0, 0x01, 0xe3, 0xcf,
  0x2e, 0xa2, 0x9b, 0x60, 0x4a, 0x49, 0x2e, 0x18, 0x58, 0xd5, 0xb7, 0x62, 0xa9, 0xb2, 0x06, 0x47,
  0xa7, 0x46, 0x8f, 0xb0, 0xc3, 0x8a, 0x08, 0x51, 0x38, 0x12, 0x4e, 0x4d, 0x8c, 0xaf, 0xb7, 0x21,
  0xbb, 0x0b, 0x66, 0x17, 0xd2, 0xd4, 0xaa, 0x6d, 0x6b, 0xff, 0x24, 0x08, 0xe6, 0x0e, 0xda, 0xbc,
  0xf0, 0xc7, 0x6b, 0x20, 0x35, 0xe6, 0xa2, 0x8d, 0xa6, 0x94, 0x31, 0x4a, 0x27, 0x52, 0x95, 0xcd,
  0x04, 0x7f, 0x01, 0x09, 0x27, 0xc9, 0xad, 0x70, 0xe4, 0x3b, 0xcc, 0x46, 0x71, 0x59, 0x69, 0xc3,
  0xa3, 0x58, 0xe9, 0x05, 0x29, 0xe5, 0x3e, 0x93, 0x3d, 0x1a, 0x84, 0xe4, 0x9d, 0x91, 0xe0, 0x1c,
  0x0f, 0x0b, 0xec, 0xfe, 0xca, 0xf2, 0x16, 0xf3, 0x6d, 0x5d, 0x2e, 0xe6, 0xb0, 0x47, 0xa1, 0xab,
  0x2e, 0x2b, 0x15, 0xe4, 0x8a, 0x36, 0x32, 0xbf, 0x72, 0xe3, 0x0e, 0xe9, 0xd7, 0x1a, 0xad, 0xd2,
  0x25, 0xec, 0xe6, 0x70, 0xf2, 0x27, 0x1c, 0x99, 0xff, 0x44, 0xc8, 0xbe, 0xbf, 0x41, 0x72, 0x09,
  0x7d, 0x13, 0xdc, 0x6d, 0xed, 0x0b, 0xa9, 0xe9, 0x60, 0x06, 0xad, 0x6a, 0x94, 0x51, 0xca, 0x6e,
  0xd6, 0xe1, 0xf9, 0xf9, 0xd1, 0x45, 0x03, 0x93, 0xed, 0xcf, 0xb4, 0x49, 0x4f, 0x5d, 0xec, 0x45,
  0xdd, 0xd0, 0xd1, 0xff, 0xe7, 0x2a, 0xc1, 0xe1, 0xc9, 0xbc, 0xaa, 0x75, 0xd9, 0xf2, 0x76, 0x13,
  0xc9, 0x29, 0x8d, 0x83, 0xd4, 0x58, 0x3f, 0x48, 0xec, 0x3f, 0xa2, 0xa1, 0x8b, 0xf9, 0xd8, 0x6c,
  0xe6, 0xfb, 0xf9, 0x78, 0xfd, 0x46, 0x52, 0x59, 0xbb, 0x89, 0xd7, 0x49, 0x32, 0x8b, 0xbb, 0xdb,
  0xdb, 0xa0, 0xe3, 0x76, 0x18, 0x25, 0x62, 0x5c, 0x34, 0xf6, 0x3f, 0xd3, 0xe2, 0xf8, 0x6e, 0x3a,
  0x10, 0x8d, 0x3d, 0xc7, 0xaf, 0x75, 0xda, 0xa9, 0x4b, 0xac, 0xd1, 0x44, 0xc2, 0xf9, 0x67, 0x5a,
  0x37, 0xc3, 0xd2, 0xb3, 0x31, 0x81, 0xd8, 0x3d, 0xc5, 0x0f, 0xb8, 0xd0, 0xa1, 0x19, 0x61, 0x00,
  0x3a, 0x6f, 0xe2, 0x55, 0x8d, 0x54, 0x05, 0x33, 0xeb, 0x76, 0x78, 0xfc, 0xfb, 0x5b, 0xd8, 0xe3,
  0x68, 0xa9, 0x25, 0xbc, 0xf8, 0x6d, 0x75, 0x04, 0x27, 0x58, 0x90, 0x96, 0x31, 0xc4, 0xff, 0x39,
  0x5a, 0x41, 0xc8, 0xbf, 0x32, 0xbd, 0x50, 0x21, 0x64, 0x37, 0xb4, 0x59, 0xb0, 0xaa, 0x8c, 0xf3,
  0xb6, 0x0a, 0x96, 0x4b, 0x96, 0x11, 0x82, 0x2d, 0x11, 0x0d, 0x4d, 0xfd, 0xc7, 0x77, 0xce, 0x38,
  0xd2, 0x2e, 0xf6, 0x78, 0x30, 0x0f, 0x67, 0xe4, 0xa6, 0x84, 0x94, 0x8e, 0x13, 0xe7, 0xfc, 0xe8,
  0xe4, 0xe8, 0xc5, 0xc5, 0x79, 0x7f, 0x49, 0x66, 0x24, 0x2d, 0x45, 0xbb, 0xcb, 0x56, 0xd7, 0x7d,
  0x29, 0xcf, 0x74, 0xb9, 0xf5, 0x76, 0xd7, 0x4d, 0x17, 0x7f, 0x6e, 0xbd, 0xd3, 0x75, 0x4f, 0x17,
  0xf1, 0xb5, 0xe8, 0x9f, 0x5b, 0xdf, 0xe9, 0xba, 0x42, 0x37, 0xb8, 0xf5, 0xdd, 0xae, 0x2b, 0x1c,
  0x97, 0xee, 0x7d, 0xfd, 0x36, 0x1c, 0x85, 0xef, 0xe3, 0xe0, 0xe5, 0xf5, 0x60, 0xd6, 0x5d, 0x02,
  0xc3, 0xcb, 0xd7, 0x2f, 0x4e, 0xdd, 0x3a, 0xf0, 0x9e, 0x27, 0x6c, 0xfb, 0x1e, 0x9f, 0x02, 0x08,
  0xbb, 0x21, 0xd8, 0x9c, 0xbb, 0x12, 0x75, 0x02, 0xe8, 0x05, 0xbe, 0x19, 0xe8, 0x35, 0xf6, 0x31,
  0x91, 0x3f, 0xe1, 0x1d, 0x10, 0xdd, 0xa4, 0x77, 0xa3, 0x11, 0xb7, 0xe6, 0xec, 0xe2, 0xbd, 0x73,
  0x0e, 0x6e, 0x0a, 0xe6, 0xdc, 0x9a, 0x8b, 0x17, 0xa7, 0xfa, 0x73, 0x47, 0x7c, 0xc2, 0x50, 0x01,
  0x10, 0xb7, 0xe8, 0x7c, 0x4c, 0xa6, 0x29, 0x12, 0xde, 0x04, 0x6e, 0xfd, 0xb1, 0xf5, 0xed, 0xbc,
  0xbe, 0xbb, 0x84, 0x82, 0x72, 0x0c, 0x04, 0xaa, 0x4e, 0x2c, 0xcb, 0x87, 0xef, 0x68, 0x57, 0x72,
  0xa7, 0xc3, 0x55, 0xbf, 0x39, 0xff, 0xdd, 0xe1, 0x0b, 0x12, 0x4e, 0xed, 0x1a, 0x7b, 0x4c, 0x58,
  0xeb, 0xdf, 0x7a, 0xdc, 0x96, 0x93, 0x34, 0x83, 0x4c, 0x72, 0xca, 0xf4, 0x80, 0x85, 0x5d, 0x44,
  0x9d, 0x62, 0x62, 0x1e, 0x8e, 0x6f, 0xfd, 0xbb, 0xd8, 0x79, 0x37, 0xe5, 0xd6, 0xbf, 0x02, 0xb7,
  0x47, 0xb7, 0x30, 0xe8, 0x50, 0xa0, 0xcd, 0x1d, 0x90, 0x29, 0xca, 0xc7, 0xd5, 0x51, 0xe8, 0x76,
  0x8a, 0xd1, 0xbd, 0x0c, 0x46, 0x30, 0x4e, 0xc5, 0xc0, 0x1c, 0x8e, 0xfd, 0x39, 0xa8, 0x7f, 0xdf,
  0x53, 0x63, 0x7b, 0x78, 0x76, 0x76, 0xf8, 0x8f, 0x4f, 0x7a, 0x84, 0xc5, 0x52, 0xf1, 0x02, 0xf3,
  0x2a, 0x66, 0x44, 0x6f, 0xe1, 0x61, 0x17, 0x48, 0xce, 0xdb, 0x7b, 0xcf, 0x3b, 0x2d, 0x46, 0xf2,
  0xf2, 0xf5, 0x45, 0x5b, 0xb4, 0x04, 0xbf, 0x3a, 0x1d, 0xa6, 0xe2, 0xbb, 0xe9, 0x36, 0x53, 0x1f,
  0x04, 0x7c, 0x7b, 0xf1, 0xc2, 0xad, 0x3f, 0x01, 0x13, 0xd0, 0xdf, 0xa7, 0xf4, 0x17, 0x13, 0xd1,
  0xad, 0xef, 0x75, 0x5d, 0x9e, 0xe3, 0x53, 0xe2, 0x84, 0x5f, 0xd1, 0x14, 0xfc, 0x88, 0xae, 0xb0,
  0xb5, 0x45, 0x07, 0x78, 0x9c, 0xda, 0x6f, 0x8d, 0xfd, 0xdf, 0xc8, 0xbb, 0xee, 0x69, 0x12, 0x5f,
  0x40, 0x74, 0x9f, 0x05, 0x57, 0x21, 0x26, 0xf3, 0x9c, 0xc8, 0x1d, 0x33, 0x0b, 0xb4, 0x61, 0xff,
  0x52, 0xda, 0x3c, 0x72, 0x70, 0x04, 0xa7, 0x71, 0x19, 0x26, 0x1e, 0x37, 0xaa, 0xa3, 0xd3, 0x63,
  0xa7, 0xb6, 0xd3, 0x11, 0x19, 0x9a, 0x43, 0xc2, 0xf9, 0x1c, 0xdd, 0xfa, 0x71, 0x08, 0x5f, 0x2f,
  0x26, 0x3f, 0xb4, 0x69, 0x3f, 0x00, 0x5f, 0x3a, 0xa6, 0xe7, 0x18, 0xcb, 0xe3, 0x77, 0x6f, 0xcf,
  0xfb, 0x1f, 0x1e, 0x3c, 0x58, 0x86, 0xc3, 0xae, 0x1b, 0xf2, 0x9e, 0x49, 0x72, 0xe7, 0xd6, 0xd9,
  0x58, 0xc3, 0x40, 0xc8, 0x04, 0x5e, 0x7e, 0x1f, 0xe2, 0xbc, 0x5f, 0x1c, 0xbb, 0x75, 0x21, 0xb0,
  0xba, 0x1f, 0x5c, 0xb2, 0x42, 0xdf, 0x62, 0x4d, 0xe3, 0xd6, 0x5d, 0x7f, 0x08, 0xa9, 0x8a, 0x69,
  0x3a, 0x57, 0xbf, 0x4f, 0x7d, 0x02, 0x75, 0x61, 0xdf, 0x83, 0xbf, 0xde, 0x0c, 0xa7, 0xe9, 0xc7,
  0xbb, 0xc4, 0xc7, 0x6f, 0xec, 0x13, 0x9c, 0xca, 0x55, 0x28, 0xbe, 0xd8, 0x85, 0x77, 0x3c, 0xfa,
  0x1d, 0x73, 0xfd, 0x4d, 0x18, 0x63, 0xc3, 0xec, 0x0a, 0x89, 0x31, 0x8e, 0xff, 0x0e, 0x17, 0xe0,
  0xce, 0x33, 0x72, 0xa7, 0xcc, 0x93, 0xd7, 0x11, 0xce, 0x84, 0xb8, 0x1f, 0xef, 0xeb, 0xb2, 0xb5,
  0xe8, 0x84, 0xdc, 0xd6, 0x31, 0x5a, 0xfc, 0xc2, 0x4a, 0xd4, 0x4d, 0x25, 0x29, 0x72, 0x1e, 0x87,
  0x54, 0x17, 0xfd, 0x94, 0xad, 0x33, 0x64, 0x8b, 0xfc, 0x12, 0x42, 0xe5, 0x58, 0x7f, 0x2e, 0x2e,
  0xb1, 0x2a, 0x7e, 0xe3, 0xc7, 0x37, 0x32, 0xe1, 0xaf, 0x30, 0x59, 0x31, 0xe9, 0xe4, 0xd7, 0xcb,
  0x69, 0xdc, 0x4e, 0x7f, 0x76, 0xa8, 0xef, 0x33, 0xa3, 0x57, 0x37, 0x41, 0x30, 0x3b, 0x9c, 0x1d,
  0x4d, 0xe5, 0x14, 0x63, 0x38, 0xd9, 0xbe, 0x0b, 0xf8, 0x90, 0xb0, 0x86, 0x3f, 0x0f, 0x06, 0x46,
  0x87, 0x78, 0xb3, 0xe9, 0x05, 0x5c, 0x48, 0xba, 0x37, 0xcf, 0x29, 0xc5, 0x39, 0x13, 0x3e, 0x27,
  0x1e, 0x84, 0xe3, 0x77, 0xc2, 0xc3, 0x65, 0xf4, 0x8d, 0xe7, 0xf4, 0x21, 0x9f, 0x78, 0x7b, 0x0d,
  0xa9, 0x81, 0x8a, 0x58, 0x1f, 0x9e, 0xc2, 0x31, 0xb2, 0x98, 0xa9, 0xaf, 0x97, 0x70, 0x0d, 0x2c,
  0xe0, 0x0d, 0x79, 0x43, 0xfd, 0x16, 0xb3, 0xf7, 0x14, 0x77, 0xd1, 0xa2, 0x21, 0x27, 0x0c, 0xe3,
  0xf6, 0xde, 0x65, 0xa7, 0xf5, 0xbb, 0x1f, 0x26, 0xfc, 0xed, 0xf3, 0x9c, 0x3b, 0x84, 0x20, 0xc3,
  0xe6, 0xd5, 0xb9, 0x4f, 0x4b, 0xb6, 0x38, 0xdb, 0xd0, 0xd3, 0x90, 0x06, 0x55, 0x36, 0xf4, 0x94,
  0xb6, 0x99, 0xa1, 0xdc, 0x78, 0xe4, 0x74, 0xcb, 0x44, 0x3b, 0x18, 0x4e, 0xb4, 0x52, 0xfe, 0x96,
  0xf5, 0xd3, 0x47, 0x06, 0xa9, 0xf0, 0xa1, 0xa5, 0x78, 0xc5, 0xb7, 0x43, 0x82, 0x86, 0xbb, 0xff,
  0x02, 0x9e, 0x9f, 0x4b, 0xe1, 0x17, 0x30, 0xea, 0x31, 0xa4, 0x91, 0xc6, 0x4e, 0x93, 0xd8, 0x80,
  0xfe, 0x7b, 0xbb, 0xa5, 0xb3, 0x30, 0x89, 0x4a, 0x72, 0x84, 0xac, 0x79, 0x13, 0x4e, 0x7f, 0x8b,
  0xc6, 0x09, 0xba, 0xfe, 0x77, 0x96, 0x48, 0x76, 0xa6, 0xff, 0xb5, 0x22, 0x13, 0x25, 0x49, 0x38,
  0x15, 0xe0, 0x44, 0x31, 0x95, 0x63, 0xb1, 0x30, 0x79, 0x8a, 0xc9, 0x61, 0x65, 0x72, 0x70, 0xea,
  0x3d, 0x36, 0x3a, 0x69, 0xe8, 0x38, 0x1a, 0xb1, 0x70, 0x34, 0x0a, 0x68, 0xd1, 0x07, 0x37, 0x82,
  0xa8, 0x8d, 0x34, 0x06, 0x8b, 0x6d, 0xf1, 0x09, 0xc9, 0x6f, 0x7c, 0x91, 0x79, 0xcb, 0x9f, 0x2f,
  0x69, 0x18, 0xde, 0x50, 0x75, 0xaa, 0x72, 0x93, 0x0d, 0x84, 0x06, 0x50, 0x26, 0x96, 0x00, 0x93,
  0x89, 0x2f, 0xa5, 0x3b, 0xc6, 0x4a, 0x3c, 0xc7, 0xb1, 0x30, 0xd9, 0x57, 0xfc, 0x12, 0xaa, 0xe7,
  0xdd, 0x54, 0x2b, 0x92, 0x34, 0xb5, 0x63, 0xa6, 0xa6, 0x3a, 0x4d, 0x7d, 0xb0, 0x46, 0x32, 0xe9,
  0x42, 0x1e, 0x94, 0x94, 0x22, 0xda, 0x9f, 0xb2, 0xed, 0xbc, 0xc2, 0x79, 0x96, 0x4b, 0x9c, 0xf2,
  0x72, 0x9e, 0x43, 0xe1, 0x5e, 0x05, 0x06, 0x7d, 0x84, 0x74, 0x61, 0xd8, 0xe3, 0x88, 0xaa, 0x81,
  0x01, 0xfa, 0xce, 0xf2, 0x0d, 0x88, 0xb4, 0x43, 0xe1, 0x1c, 0x10, 0x1f, 0x2f, 0x95, 0x77, 0x40,
  0x7c, 0x3e, 0xb7, 0xdc, 0x03, 0x99, 0x34, 0x98, 0xc5, 0x22, 0x85, 0x0c, 0x5a, 0xfd, 0x81, 0x06,
  0x4d, 0x70, 0xdb, 0x27, 0xf8, 0x2d, 0x98, 0xc7, 0xcc, 0x95, 0x94, 0xf8, 0xc2, 0x9f, 0xf9, 0x97,
  0xe1, 0x18, 0x7b, 0x8a, 0xcc, 0x91, 0x3e, 0xe9, 0xe1, 0xe3, 0x29, 0x2c, 0xa8, 0xc5, 0x3c, 0xb8,
  0x18, 0xc7, 0x12, 0x0d, 0xb6, 0x2b, 0x82, 0x0b, 0x6c, 0xa6, 0x91, 0x57, 0x48, 0x36, 0x80, 0x4c,
  0x5c, 0x08, 0x85, 0x68, 0x3a, 0x34, 0xa7, 0x86, 0xd0, 0x00, 0x96, 0x64, 0x90, 0x67, 0x3a, 0x2e,
  0xe8, 0xfc, 0x1b, 0x1d, 0xe8, 0xe0, 0xd9, 0x01, 0xa9, 0x62, 0x4f, 0x40, 0x29, 0x7e, 0x19, 0x16,
  0x15, 0xa4, 0x66, 0x90, 0xfe, 0x78, 0x8f, 0xbb, 0xce, 0x4c, 0x0c, 0xf1, 0x79, 0x16, 0x4c, 0xe0,
  0x73, 0xca, 0x24, 0xd2, 0x0e, 0xb0, 0xfe, 0xb8, 0x80, 0x30, 0x7c, 0x93, 0x22, 0x3b, 0xa7, 0x3b,
  0xd2, 0x69, 0xe6, 0x60, 0x66, 0x27, 0x18, 0xe6, 0x4f, 0x5a, 0x47, 0xb2, 0x78, 0xee, 0x63, 0x78,
  0xb3, 0xfd, 0x83, 0xfc, 0xc8, 0x76, 0x4f, 0x8a, 0x14, 0xa7, 0x76, 0xba, 0xb8, 0x1c, 0x87, 0xf1,
  0xb5, 0xf3, 0x8b, 0x23, 0xf4, 0xa0, 0x67, 0x74, 0x32, 0x6f, 0x05, 0xa4, 0xcd, 0x33, 0xf4, 0x65,
  0x6c, 0x74, 0x12, 0x2c, 0x97, 0x4f, 0x56, 0x76, 0x92, 0xca, 0x49, 0x33, 0xa0, 0x14, 0xa8, 0x94,
  0x4c, 0xfe, 0x88, 0x13, 0x40, 0x1f, 0xb5, 0x12, 0x3d, 0x3d, 0xfc, 0xeb, 0xd1, 0xa7, 0x97, 0x47,
  0xaf, 0x60, 0x14, 0x3d, 0x78, 0x40, 0x8e, 0xe6, 0xee, 0xb2, 0x78, 0x22, 0x93, 0x33, 0x8f, 0x0c,
  0xe0, 0x3f, 0xb9, 0x9f, 0xe3, 0xd6, 0x95, 0xeb, 0x95, 0x65, 0x42, 0x2a, 0x3f, 0x3e, 0xd6, 0x09,
  0x17, 0x6f, 0x16, 0x77, 0x93, 0xf9, 0x22, 0xe0, 0x4f, 0xa9, 0x3a, 0xd2, 0x04, 0x9e, 0x1f, 0xdd,
  0x91, 0x3f, 0x8e, 0xc5, 0xf7, 0xa9, 0xb1, 0x14, 0x31, 0x92, 0x69, 0x59, 0x60, 0x7c, 0x9e, 0x8b,
  0xbd, 0x74, 0x23, 0x45, 0xb8, 0x68, 0x19, 0x2f, 0x0d, 0x63, 0x7a, 0x96, 0x43, 0x77, 0xbf, 0x62,
  0x9b, 0x5d, 0x11, 0x43, 0xee, 0x4a, 0x50, 0x6e, 0x80, 0xcd, 0x9c, 0x59, 0x54, 0x87, 0xc5, 0x42,
  0x07, 0x36, 0x2e, 0x79, 0x72, 0xcb, 0x0d, 0x83, 0x60, 0x0a, 0xf7, 0xa7, 0x4f, 0x07, 0x49, 0xe9,
  0xf0, 0x0c, 0x9d, 0x64, 0xb1, 0x88, 0x60, 0xf6, 0x3b, 0x6d, 0x9f, 0xea, 0xb8, 0xd1, 0x62, 0xee,
  0xb9, 0x26, 0x44, 0x55, 0xc7, 0x35, 0x90, 0xea, 0x77, 0x4a, 0x3e, 0xd1, 0x6d, 0x86, 0xa7, 0x7e,
  0x4b, 0x9f, 0x79, 0xda, 0xe9, 0x92, 0x53, 0x27, 0xaa, 0xc7, 0x05, 0x06, 0x15, 0x16, 0x9e, 0xe0,
  0x74, 0xd3, 0x6e, 0xa1, 0xcd, 0x10, 0x1f, 0x54, 0x19, 0x86, 0x03, 0xf6, 0x90, 0xd1, 0x09, 0x12,
  0x7b, 0xdc, 0x53, 0x43, 0xcd, 0xb6, 0x82, 0x36, 0xa3, 0xc5, 0x0f, 0xe7, 0x02, 0x56, 0xe1, 0x26,
  0xff, 0x1b, 0x87, 0x66, 0xfc, 0x2f, 0xfe, 0xf4, 0xdf, 0xe9, 0x4c, 0x14, 0x38, 0x9a, 0x06, 0x92,
  0xce, 0xd0, 0x28, 0xaa, 0x9c, 0x4b, 0xd7, 0xb5, 0x03, 0x49, 0xe6, 0xe0, 0x96, 0xcf, 0xbf, 0x2d,
  0xb0, 0xac, 0x70, 0x78, 0x1b, 0xd4, 0x87, 0xc5, 0x53, 0xc7, 0x8e, 0x06, 0x0e, 0xa4, 0x32, 0xa7,
  0xd0, 0x2e, 0x06, 0x6f, 0xb1, 0x0d, 0x84, 0x06, 0x27, 0xdc, 0x88, 0xbf, 0x30, 0xe3, 0xbc, 0x18,
  0x72, 0xd3, 0x8f, 0x6d, 0x52, 0x19, 0x46, 0x95, 0x69, 0xb7, 0xd8, 0xe6, 0xc6, 0x7f, 0x30, 0xdd,
  0x84, 0x98, 0x29, 0x21, 0x9c, 0x92, 0xde, 0x82, 0x54, 0x90, 0x88, 0x41, 0x84, 0xf9, 0x00, 0x53,
  0x72, 0x20, 0x28, 0x42, 0x12, 0x80, 0x3a, 0x4f, 0x46, 0xb2, 0x9a, 0x1f, 0xce, 0x11, 0x66, 0xd4,
  0x30, 0x84, 0x82, 0xa1, 0x9c, 0x09, 0x97, 0xf1, 0x67, 0x63, 0x22, 0x27, 0x66, 0x13, 0xaa, 0xc3,
  0x8a, 0x60, 0xc7, 0xa9, 0x61, 0xbd, 0xda, 0xc0, 0xf2, 0xd6, 0xab, 0x3b, 0xbb, 0x4e, 0x8d, 0xd7,
  0xb3, 0xf0, 0x8d, 0x35, 0xde, 0x04, 0x1e, 0xe8, 0xfb, 0xd8, 0xa9, 0x89, 0x55, 0xad, 0x67, 0xd3,
  0xd3, 0xd4, 0x45, 0x86, 0xe0, 0xfe, 0x0f, 0xa6, 0x20, 0x4b, 0x8a, 0x94, 0x80, 0xf9, 0x0d, 0x18,
  0x45, 0xbf, 0x95, 0x3b, 0x32, 0xe2, 0xf8, 0xa4, 0x98, 0xbb, 0x58, 0x6f, 0x6a, 0xd1, 0xf4, 0x27,
  0x64, 0x4e, 0x49, 0x6f, 0xb5, 0x50, 0x59, 0xb7, 0xb3, 0x42, 0xea, 0x3c, 0x78, 0x90, 0xae, 0xe0,
  0x5e, 0xbc, 0x3f, 0x3b, 0x3b, 0x7a, 0x7b, 0xf1, 0x89, 0x94, 0x50, 0xbf, 0x36, 0x0d, 0x6e, 0x69,
  0x77, 0xf5, 0x1c, 0xeb, 0xe4, 0xc1, 0xf5, 0x29, 0x75, 0x2e, 0x86, 0x2f, 0x61, 0xc0, 0xd6, 0x0f,
  0x0e, 0xea, 0x52, 0xaa, 0xd7, 0xbc, 0x0a, 0x92, 0x9a, 0x4b, 0x12, 0xc5, 0xf5, 0xbe, 0x7d, 0x73,
  0x49, 0x61, 0xb9, 0x1e, 0xce, 0x31, 0x9f, 0x44, 0xb7, 0xc1, 0xfc, 0x05, 0x0c, 0xab, 0x9a, 0x07,
  0xec, 0x23, 0x2c, 0x15, 0x84, 0x1b, 0x49, 0xec, 0x2c, 0xe0, 0x00, 0x61, 0x00, 0xfb, 0xad, 0xe6,
  0x2d, 0x71, 0x4a, 0x7b, 0x31, 0x9f, 0xa6, 0x5a, 0xef, 0x83, 0xd9, 0x84, 0x8f, 0xdf, 0xbe, 0xe9,
  0x8c, 0x26, 0xa1, 0xbe, 0x37, 0x50, 0x49, 0xea, 0x3d, 0xbf, 0x3b, 0x1e, 0xd6, 0xc0, 0x55, 0x0a,
  0x93, 0x5a, 0x84, 0xe2, 0xb0, 0xee, 0x74, 0x58, 0x93, 0x40, 0xfd, 0x7d, 0xf9, 0xa3, 0x09, 0x5f,
  0x54, 0xbf, 0x1f, 0xf2, 0x35, 0x44, 0xd3, 0x11, 0xf1, 0xea, 0xf8, 0xe8, 0xe4, 0xe5, 0x79, 0x9f,
  0x7a, 0x0c, 0xb5, 0x5d, 0x5b, 0x6b, 0xa9, 0x51, 0xff, 0xaf, 0xb6, 0x4e, 0xa8, 0x57, 0x9a, 0x36,
  0x79, 0x5f, 0x45, 0x5c, 0x58, 0x82, 0xfd, 0x04, 0x15, 0xa5, 0xec, 0xfc, 0x42, 0x83, 0x29, 0xe7,
  0x7b, 0x28, 0x84, 0x2f, 0xaa, 0xa8, 0x34, 0xbb, 0xc4, 0x06, 0x13, 0xa5, 0x32, 0x99, 0x1f, 0x3d,
  0xcd, 0xf0, 0x17, 0x47, 0x7f, 0xbf, 0x38, 0x3c, 0x3b, 0x3a, 0x2c, 0x60, 0x80, 0x95, 0x96, 0xba,
  0x65, 0x94, 0x1b, 0x38, 0x4f, 0xb1, 0x3d, 0xf1, 0xfb, 0xbb, 0xb3, 0x97, 0x79, 0x9c, 0xa6, 0x27,
  0xc3, 0x70, 0x1b, 0x58, 0x8b, 0x7c, 0xdb, 0x91, 0x91, 0x5f, 0x43, 0x18, 0x15, 0x3d, 0x7f, 0xf7,
  0xee, 0x24, 0x5f, 0x49, 0xa9, 0x8b, 0xa4, 0xd0, 0x29, 0x92, 0xf5, 0x29, 0xac, 0x5a, 0xfc, 0x6f,
  0xb2, 0x2e, 0xcb, 0xad, 0xa0, 0xd6, 0x5c, 0xb7, 0x58, 0xab, 0x0c, 0xa3, 0xbf, 0xdc, 0xd5, 0x4f,
  0x6f, 0x0e, 0xff, 0x7e, 0x72, 0xf4, 0xb6, 0xbf, 0x54, 0xde, 0xa2, 0xee, 0x4e, 0xbb, 0xae, 0xdd,
  0x45, 0xb8, 0xe5, 0x57, 0xd7, 0x54, 0xee, 0x76, 0x76, 0xea, 0xca, 0x51, 0xd3, 0xdd, 0xf9, 0xb5,
  0xae, 0x48, 0xde, 0x7d, 0x22, 0xd3, 0xa5, 0x73, 0x86, 0x0a, 0xd9, 0xde, 0x19, 0x95, 0x22, 0xdd,
  0x33, 0xea, 0x93, 0xfc, 0x33, 0xc6, 0xef, 0x0e, 0xd7, 0xa6, 0x07, 0x8f, 0xaa, 0x33, 0x46, 0x8f,
  0x3e, 0x73, 0x4b, 0xc6, 0xee, 0xee, 0xd3, 0x7a, 0xba, 0x66, 0x94, 0x5f, 0x7a, 0xd1, 0x28, 0xbf,
  0xed, 0x11, 0xef, 0x3e, 0x6d, 0xd7, 0x33, 0xcc, 0x88, 0x8b, 0x03, 0x0c, 0x28, 0xd9, 0x51, 0x7d,
  0x66, 0x96, 0x8e, 0xd4, 0xe5, 0x0c, 0x9b, 0x12, 0xe4, 0x7d, 0x86, 0x9e, 0xaf, 0x8f, 0xdf, 0x5a,
  0x3e, 0x76, 0xb7, 0xd5, 0x57, 0x6e, 0xdc, 0xba, 0xd3, 0xee, 0xa7, 0x4b, 0x85, 0xba, 0xd3, 0xe9,
  0xa7, 0x0e, 0xf6, 0xba, 0xb3, 0xd3, 0x17, 0xfe, 0x75, 0x68, 0xfb, 0xbe, 0x70, 0xaf, 0x43, 0xa7,
  0xe5, 0x97, 0x7d, 0xa6, 0xe3, 0xbb, 0x8b, 0x5b, 0x6e, 0xc3, 0x20, 0xe6, 0xeb, 0x94, 0x3e, 0x99,
  0x6d, 0x83, 0x68, 0x86, 0xdb, 0x3f, 0x73, 0x02, 0xf7, 0x7b, 0x4e, 0xbb, 0xd1, 0xd9, 0x7d, 0x2a,
  0x2e, 0x63, 0x90, 0xa9, 0xe2, 0xb3, 0xb6, 0x8c, 0xb1, 0xf5, 0xf0, 0x05, 0xe6, 0x06, 0xa0, 0x70,
  0x03, 0xe5, 0x0f, 0xd2, 0xa1, 0x53, 0x87, 0xd4, 0xd0, 0x78, 0x9b, 0xb5, 0xb4, 0xae, 0xd4, 0x74,
  0x8d, 0x93, 0xf3, 0x19, 0x86, 0x1d, 0x21, 0xa0, 0x3b, 0x3c, 0x53, 0xb6, 0xf4, 0x7c, 0x6c, 0xef,
  0xcc, 0x7d, 0xa9, 0x91, 0xe1, 0x8f, 0xe0, 0xc3, 0x55, 0xc8, 0x10, 0xae, 0x4c, 0x42, 0x3b, 0xa3,
  0x65, 0xe1, 0x40, 0xd8, 0x49, 0x5c, 0x05, 0x9f, 0xbd, 0x9a, 0x05, 0x7c, 0xfa, 0x01, 0x6d, 0x8c,
  0x74, 0x65, 0x79, 0x9f, 0x6e, 0x6a, 0x66, 0xb1, 0xd9, 0x39, 0x20, 0x9f, 0x17, 0xce, 0xea, 0x53,
  0x13, 0xb8, 0x2e, 0x89, 0xc1, 0x59, 0xe0, 0xf8, 0x45, 0xdb, 0xe1, 0xe3, 0x32, 0xca, 0xbb, 0x8a,
  0x83, 0x17, 0x1d, 0x4e, 0x49, 0xfd, 0xaa, 0xba, 0xa2, 0x9c, 0x87, 0xf6, 0x87, 0xd7, 0x93, 0xaa,
  0x34, 0x4d, 0x36, 0x3a, 0x06, 0xf2, 0xd7, 0x53, 0xf8, 0x06, 0x47, 0xb0, 0x2e, 0x06, 0x11, 0x53,
  0x89, 0x0e, 0xe9, 0x52, 0xa5, 0xb6, 0x5d, 0x9c, 0xba, 0xed, 0xdd, 0xc3, 0x18, 0x57, 0x8a, 0x78,
  0xcc, 0x2c, 0xfb, 0xd9, 0x68, 0x25, 0x13, 0x1e, 0xcc, 0x4e, 0x86, 0x90, 0x44, 0x17, 0xd3, 0xd1,
  0x2c, 0x70, 0x23, 0x75, 0x10, 0x6e, 0xa2, 0x14, 0x69, 0x91, 0x4a, 0x84, 0xb9, 0x45, 0x18, 0x2c,
  0x0f, 0x7e, 0xd7, 0xf9, 0x42, 0x00, 0x7f, 0x04, 0x6c, 0xb3, 0xc2, 0x78, 0xa5, 0x35, 0x01, 0x04,
  0x40, 0x38, 0x89, 0x8c, 0x9a, 0x6b, 0x5f, 0x51, 0xdc, 0x83, 0x1d, 0xfb, 0x07, 0x58, 0xb0, 0xd9,
  0x6a, 0xfd, 0xe6, 0xf4, 0xf7, 0xf1, 0x23, 0x53, 0x99, 0xa5, 0x62, 0xd7, 0xaf, 0xcc, 0xff, 0x5a,
  0x5e, 0x59, 0xa7, 0xf9, 0x58, 0x54, 0xd6, 0x79, 0xdc, 0xaa, 0x3b, 0x8f, 0x55, 0xd5, 0xd8, 0x0e,
  0x2c, 0xe8, 0xa9, 0x54, 0xd4, 0x25, 0x35, 0xf3, 0xe0, 0x8a, 0x01, 0x29, 0xee, 0x60, 0xda, 0x3f,
  0x07, 0x37, 0x6c, 0xca, 0x7a, 0xb8, 0x41, 0x25, 0x45, 0x1d, 0x93, 0x95, 0xb4, 0x8d, 0x5a, 0xda,
  0xd4, 0x99, 0xec, 0xd6, 0xce, 0x9b, 0xa3, 0x8b, 0xc3, 0xfe, 0x52, 0x9b, 0x51, 0xdd, 0x25, 0xef,
  0xad, 0x92, 0xc5, 0x7f, 0xfc, 0x96, 0x9c, 0xdc, 0xc7, 0x6f, 0x3b, 0xfc, 0xef, 0x0e, 0xff, 0xbb,
  0x4b, 0xde, 0x1b, 0x6d, 0x67, 0x19, 0xc0, 0x67, 0x47, 0x27, 0x04, 0x8d, 0x3f, 0x1d, 0xf1, 0x67,
  0x47, 0xfc, 0xe1, 0x02, 0x06, 0xe7, 0xa6, 0x25, 0xce, 0x09, 0xfe, 0x9c, 0xa0, 0xcf, 0x09, 0xf6,
  0xdc, 0x80, 0x94, 0xfb, 0x4b, 0x06, 0x28, 0x6f, 0xe5, 0x32, 0xbc, 0xfe, 0xb5, 0xa3, 0x7f, 0xed,
  0x8a, 0x5f, 0x69, 0xf1, 0x9c, 0x69, 0x97, 0xc1, 0x85, 0x7c, 0x89, 0x4b, 0xfe, 0xda, 0xd1, 0xbf,
  0x76, 0xc5, 0x2f, 0x8d, 0x2b, 0x67, 0x0b, 0xda, 0xa8, 0xae, 0x17, 0x13, 0x81, 0x49, 0xfe, 0xd8,
  0x51, 0x3f, 0x76, 0xf9, 0x87, 0x46, 0x53, 0x38, 0x4b, 0x2c, 0x4c, 0xbf, 0x81, 0x55, 0x04, 0x43,
  0x0a, 0x84, 0xf6, 0xf7, 0x4e, 0xe6, 0x7b, 0xd7, 0xfc, 0xce, 0xd6, 0x62, 0x4f, 0x8f, 0x4c, 0x2d,
  0xb8, 0xd6, 0x69, 0xd5, 0x62, 0x7e, 0xef, 0x64, 0xbe, 0x77, 0xcd, 0xef, 0x82, 0xbe, 0x28, 0x16,
  0xb5, 0xaa, 0x10, 0x0e, 0x64, 0x66, 0x41, 0x51, 0x47, 0x26, 0x61, 0x27, 0x9b, 0xb0, 0x6b, 0x25,
  0x14, 0x74, 0xa6, 0xb4, 0x1a, 0xd1, 0x36, 0xa3, 0x1a, 0x23, 0x61, 0x27, 0x9b, 0xb0, 0x6b, 0x25,
  0x7c, 0x2c, 0xda, 0x45, 0x34, 0x79, 0xee, 0x82, 0x77, 0xd7, 0x50, 0xf0, 0xa2, 0xa3, 0x7e, 0xec,
  0xa8, 0x1f, 0xbb, 0xfc, 0xe3, 0x63, 0xf9, 0xee, 0xe1, 0x77, 0x22, 0x2a, 0xd8, 0x80, 0x34, 0xd1,
  0xb0, 0x5f, 0x2d, 0x89, 0x04, 0x2a, 0xe3, 0x63, 0xc7, 0xfc, 0xd8, 0xd5, 0x1f, 0x1f, 0x57, 0xee,
  0x6e, 0xfe, 0x08, 0xe4, 0xe6, 0xea, 0xc0, 0xc0, 0xf8, 0x5a, 0xf5, 0xfa, 0x75, 0xa7, 0x88, 0x58,
  0x9b, 0x96, 0xca, 0xef, 0x7f, 0x9a, 0x65, 0xd2, 0x16, 0xbe, 0xee, 0x94, 0x75, 0xff, 0xcf, 0x60,
  0xb0, 0xd7, 0x25, 0xa6, 0xd4, 0x53, 0xed, 0x3d, 0x53, 0x63, 0x7b, 0xa6, 0xc6, 0xf6, 0xac, 0x90,
  0x49, 0xfe, 0x14, 0xa6, 0xac, 0x45, 0x78, 0x72, 0xf8, 0xfc, 0xe8, 0x84, 0x4c, 0x42, 0xe3, 0xa8,
  0x84, 0x7b, 0x8e, 0x73, 0xbe, 0xc7, 0xa7, 0x8e, 0x70, 0xf6, 0x9b, 0xe7, 0x23, 0xdc, 0x77, 0xe2,
  0xe2, 0x28, 0xdc, 0xea, 0x22, 0x33, 0xb7, 0x37, 0x24, 0xb7, 0xff, 0x1d, 0xfe, 0xc6, 0x55, 0xef,
  0x70, 0xea, 0x29, 0xeb, 0x86, 0xbd, 0xfb, 0xea, 0xec, 0x43, 0x2c, 0x5c, 0xfd, 0xb6, 0xeb, 0x5f,
  0x98, 0x8f, 0x56, 0x96, 0x65, 0xe8, 0x49, 0xe3, 0x4d, 0x1e, 0x3f, 0x1e, 0x92, 0x9b, 0xbd, 0x7c,
  0xf6, 0xb8, 0xf4, 0x49, 0xfe, 0x2b, 0xb7, 0x70, 0x96, 0x8a, 0x6c, 0xa6, 0x4e, 0x35, 0x87, 0x6b,
  0x3c, 0xc2, 0x9a, 0xaa, 0x30, 0x0a, 0x19, 0xd0, 0x02, 0x2a, 0x60, 0x54, 0x17, 0x5f, 0x66, 0xab,
  0xf2, 0x99, 0xb9, 0x36, 0xe5, 0xcd, 0x42, 0x89, 0xc3, 0xae, 0xac, 0x18, 0xac, 0xa0, 0x3d, 0x19,
  0x06, 0x72, 0xf9, 0xdb, 0x6c, 0x53, 0x31, 0x40, 0xae, 0x5d, 0xd9, 0x4d, 0x0f, 0x72, 0xc6, 0xca,
  0x2b, 0x51, 0xd4, 0x38, 0x03, 0xbe, 0x02, 0x32, 0x8f, 0xd5, 0xda, 0x31, 0x11, 0x67, 0x75, 0xe0,
  0xe4, 0xce, 0x62, 0x2c, 0x86, 0x22, 0x88, 0x94, 0xc5, 0xdf, 0x1c, 0x9e, 0xc2, 0xb7, 0x74, 0x7c,
  0xf6, 0x89, 0xcd, 0x94, 0xfe, 0xb2, 0x90, 0x0f, 0x2a, 0x3c, 0x22, 0xa5, 0x23, 0xbd, 0xc2, 0x1f,
  0x52, 0x34, 0xb2, 0xe5, 0xde, 0x90, 0xb2, 0xd1, 0xab, 0xf6, 0x85, 0x14, 0x8f, 0x54, 0x85, 0x27,
  0xa4, 0x80, 0x2c, 0xe7, 0x2f, 0x0e, 0x4f, 0x0e, 0xcf, 0x14, 0x5d, 0xf2, 0x83, 0x54, 0x35, 0xd8,
  0x65, 0x03, 0x51, 0x3e, 0x94, 0x66, 0x0b, 0xde, 0xbd, 0x7c, 0xfe, 0xfe, 0xfc, 0x13, 0x7b, 0x4e,
  0x84, 0x09, 0xf9, 0xfc, 0x1f, 0x9f, 0xce, 0x8e, 0xfe, 0x7a, 0x7c, 0x7e, 0x71, 0x74, 0x56, 0x39,
  0x4e, 0xa5, 0xd4, 0x2e, 0x14, 0x01, 0xdf, 0x3d, 0x4e, 0x65, 0xf4, 0x2e, 0x9a, 0xd0, 0x95, 0xe3,
  0x94, 0xeb, 0xb3, 0xa0, 0xb9, 0xee, 0xec, 0xa7, 0xbf, 0x1d, 0xfd, 0xc3, 0xf4, 0xe8, 0xac, 0xd8,
  0x4e, 0x2c, 0x1b, 0x8b, 0xe2, 0xdd, 0xc6, 0x7a, 0xd5, 0x68, 0x18, 0xce, 0x96, 0xfc, 0x70, 0x70,
  0xab, 0x3e, 0xac, 0xf4, 0x08, 0xae, 0xf0, 0xe0, 0xad, 0x72, 0x25, 0xe6, 0x8a, 0xa7, 0x5b, 0xa3,
  0xe7, 0xaf, 0xdf, 0x9d, 0x5d, 0x7c, 0x82, 0xd7, 0xeb, 0xe2, 0xfc, 0xe2, 0x0c, 0xfc, 0x0a, 0xdf,
  0x74, 0xdf, 0x55, 0x47, 0x44, 0x17, 0x71, 0x63, 0xc0, 0x2b, 0xb2, 0x71, 0xbb, 0x11, 0x27, 0xb8,
  0xeb, 0x13, 0x35, 0x76, 0x77, 0x1e, 0xb7, 0x10, 0xa5, 0x66, 0xb7, 0xd5, 0x6a, 0xf8, 0x3b, 0xa3,
  0xbd, 0x51, 0x93, 0xfd, 0x05, 0xca, 0x81, 0x1c, 0x37, 0xe1, 0xec, 0x29, 0x38, 0xf8, 0xea, 0x66,
  0xea, 0x3b, 0xff, 0xc7, 0xdb, 0x17, 0x3f, 0xb6, 0x2a, 0x72, 0xdb, 0x50, 0x2d, 0xb8, 0xb7, 0xe0,
  0xf0, 0x9a, 0x87, 0xf4, 0xe6, 0xb8, 0xff, 0x41, 0x38, 0xe8, 0x73, 0xff, 0x7e, 0x34, 0x41, 0x5f,
  0x86, 0xf3, 0xe4, 0xae, 0xcf, 0xe9, 0x32, 0x19, 0xfb, 0xbc, 0xc2, 0x23, 0xd0, 0x5f, 0xde, 0x9b,
  0xae, 0xf6, 0x60, 0x6c, 0xba, 0xc5, 0x71, 0x86, 0x7b, 0x81, 0xcb, 0x1b, 0x09, 0xf9, 0xeb, 0x8f,
  0xc8, 0xd5, 0x36, 0x4d, 0x94, 0xe7, 0xdc, 0x74, 0xaa, 0xf3, 0x65, 0xe9, 0xda, 0x04, 0xdb, 0x88,
  0x30, 0xf3, 0xeb, 0x37, 0x70, 0xa1, 0xf7, 0x5d, 0xd7, 0x5b, 0x0a, 0x7a, 0x4c, 0xd1, 0xcc, 0x3e,
  0xd0, 0xba, 0x0c, 0xe5, 0x7a, 0x3d, 0x4a, 0x68, 0xd2, 0x65, 0x87, 0x17, 0x32, 0xfa, 0xb9, 0x2c,
  0x28, 0x32, 0x38, 0xa6, 0x45, 0x93, 0x23, 0xed, 0xf4, 0x19, 0x53, 0xbf, 0xef, 0x06, 0x34, 0xc4,
  0xee, 0x81, 0x2b, 0x63, 0x96, 0xba, 0x5d, 0x95, 0x11, 0xdd, 0x50, 0xea, 0xde, 0x25, 0xc2, 0x8d,
  0x0f, 0xdd, 0xae, 0xfb, 0xd3, 0xf0, 0x32, 0x78, 0x1a, 0x5c, 0xba, 0x66, 0xdb, 0x78, 0x33, 0x06,
  0x61, 0x33, 0x6a, 0x38, 0x10, 0xae, 0xfb, 0x65, 0x5a, 0x2c, 0x1f, 0x90, 0x81, 0x2d, 0x03, 0xfc,
  0x8b, 0x88, 0x22, 0x7c, 0xfc, 0xb6, 0xb6, 0x5d, 0xfb, 0x70, 0xd8, 0xf8, 0xdf, 0x1f, 0xbd, 0xed,
  0xab, 0xba, 0xeb, 0xfc, 0xdc, 0xc6, 0xd6, 0x84, 0xce, 0xf9, 0xd7, 0xe6, 0x76, 0x7d, 0xd0, 0xdf,
  0x1f, 0x60, 0xb3, 0xe2, 0x3d, 0xc5, 0xfa, 0x11, 0x9b, 0x15, 0x36, 0x35, 0xe8, 0x48, 0x00, 0x2f,
  0x13, 0xa8, 0xce, 0x3a, 0xdf, 0xc2, 0xf7, 0x96, 0xe1, 0xa8, 0x66, 0x6e, 0x1a, 0x34, 0xaf, 0xfd,
  0x98, 0x9b, 0xe4, 0xc9, 0x26, 0x1d, 0x52, 0xa4, 0xbf, 0x66, 0x18, 0xf3, 0xdf, 0x9a, 0x28, 0x74,
  0xc0, 0x7f, 0x9a, 0x7f, 0x60, 0x86, 0xd6, 0xdc, 0xba, 0xe3, 0x7a, 0x5d, 0xd7, 0xed, 0x49, 0x78,
  0xce, 0x72, 0x0e, 0x0e, 0x1c, 0xd7, 0xee, 0x6e, 0xf4, 0x96, 0x0f, 0x18, 0x4b, 0x0c, 0x6a, 0x0c,
  0xfa, 0x56, 0xaa, 0xc2, 0x21, 0x12, 0x51, 0xe9, 0x2b, 0x0a, 0x36, 0x1f, 0xd4, 0xa6, 0xde, 0xc1,
  0x94, 0x43, 0x64, 0x6b, 0x74, 0x61, 0x2c, 0xb6, 0xdf, 0x88, 0xd7, 0xce, 0xf9, 0xc6, 0x75, 0x30,
  0xac, 0x29, 0xac, 0x74, 0x15, 0xfb, 0xad, 0x1a, 0xdd, 0xc1, 0xe8, 0xaa, 0x61, 0x9c, 0xec, 0xa0,
  0x90, 0x72, 0x0a, 0xa6, 0xaf, 0x00, 0x0f, 0x74, 0xeb, 0x54, 0x4a, 0x53, 0x34, 0xa8, 0xab, 0x33,
  0x34, 0x5f, 0x36, 0x53, 0x64, 0x07, 0x07, 0x2d, 0xdd, 0x64, 0xc6, 0xd7, 0xef, 0x3f, 0xb6, 0x08,
  0x3e, 0x49, 0x44, 0xc7, 0xea, 0xb8, 0xbb, 0x12, 0x26, 0x71, 0xbf, 0xad, 0x07, 0x5a, 0x84, 0x40,
  0xe8, 0x4f, 0xe1, 0x88, 0xfe, 0xf6, 0x4d, 0x77, 0xf7, 0xad, 0xff, 0x56, 0x51, 0xd8, 0x6d, 0x34,
  0xdc, 0xae, 0x45, 0x1c, 0x8c, 0xec, 0xab, 0xf0, 0x2b, 0xba, 0x29, 0x90, 0xd1, 0xd0, 0xfa, 0x74,
  0xd0, 0xdc, 0x49, 0xb7, 0xa3, 0xe0, 0x91, 0x3e, 0x9c, 0x85, 0x35, 0x9c, 0x3c, 0xaf, 0x8b, 0xb0,
  0x09, 0x31, 0x66, 0x91, 0xa2, 0x0a, 0x52, 0xf0, 0x09, 0x77, 0xe0, 0x35, 0xac, 0xd0, 0x69, 0x84,
  0xb9, 0xce, 0xbb, 0x94, 0x38, 0x8c, 0x2e, 0x61, 0xef, 0x7b, 0xe0, 0x05, 0x82, 0x6a, 0x52, 0xb4,
  0x96, 0x47, 0x8f, 0x1e, 0xf2, 0x6f, 0x11, 0x27, 0x24, 0xf6, 0x96, 0xe6, 0x57, 0x7f, 0xe9, 0xca,
  0x49, 0xd2, 0x20, 0x2f, 0x04, 0x58, 0x9c, 0x8e, 0x6e, 0x87, 0x62, 0x33, 0x6d, 0xfb, 0x0f, 0x78,
  0xca, 0x70, 0x92, 0x52, 0x54, 0x0b, 0xaf, 0x64, 0xdf, 0xbf, 0xc5, 0xd1, 0x39, 0x67, 0x44, 0x21,
  0x8c, 0x54, 0xe3, 0x62, 0x8f, 0x6a, 0x7b, 0x88, 0x5c, 0x84, 0x0e, 0xf6, 0x96, 0xc9, 0x35, 0xae,
  0x7d, 0x3b, 0xa4, 0x24, 0x8e, 0x68, 0x4e, 0xd5, 0x44, 0x09, 0xca, 0xa5, 0x09, 0x59, 0xc3, 0x66,
  0x1c, 0xfd, 0x8e, 0x59, 0xbe, 0x5f, 0x20, 0xc5, 0xbb, 0x97, 0x84, 0x44, 0xb2, 0xc5, 0x66, 0xca,
  0xf1, 0xfe, 0x9c, 0xe2, 0x9f, 0xfc, 0x8d, 0x37, 0xcd, 0xb8, 0x90, 0xa2, 0x82, 0x20, 0xfc, 0x79,
  0x42, 0xb7, 0xaa, 0x65, 0x16, 0x36, 0xfa, 0x72, 0x9b, 0x7c, 0x68, 0x9b, 0xe0, 0x71, 0x71, 0xd5,
  0x32, 0x88, 0x6b, 0x34, 0xa7, 0xd1, 0x8c, 0x5c, 0x2a, 0x87, 0x48, 0x2d, 0xca, 0xd1, 0x97, 0x15,
  0x66, 0xd8, 0x8a, 0x50, 0xd3, 0x89, 0xb0, 0x14, 0x21, 0x17, 0x92, 0xa4, 0x00, 0xcb, 0x08, 0x71,
  0xbf, 0xa8, 0x7c, 0x01, 0x7e, 0x8a, 0xf7, 0x59, 0x9c, 0x35, 0x91, 0x1b, 0x22, 0xba, 0x56, 0x71,
  0x31, 0x5c, 0xcd, 0x51, 0x97, 0xe2, 0x2f, 0x5b, 0xb3, 0x13, 0xbb, 0x98, 0x18, 0x56, 0xde, 0xb1,
  0x25, 0xc6, 0xd6, 0x33, 0x49, 0x04, 0x33, 0xe0, 0x79, 0x94, 0x46, 0x39, 0xc0, 0x1c, 0x12, 0xe9,
  0xa8, 0x71, 0x1a, 0xcc, 0x5f, 0x5f, 0xbc, 0x81, 0x36, 0x71, 0x7b, 0xef, 0x2e, 0xff, 0xa0, 0x34,
  0x52, 0x25, 0xf0, 0xcd, 0xd7, 0xe4, 0x61, 0xe8, 0xa6, 0xf2, 0xc4, 0x7b, 0x08, 0x06, 0x3a, 0x3f,
  0x02, 0xf7, 0xd5, 0x6a, 0x1f, 0xc4, 0xa4, 0xe0, 0x55, 0xdd, 0x47, 0xaf, 0xbf, 0x9f, 0x32, 0x28,
  0x6d, 0x6e, 0x6a, 0xd9, 0x3e, 0xc0, 0x9d, 0xb3, 0x24, 0x90, 0xe2, 0x1d, 0x94, 0xe6, 0x6c, 0x54,
  0x2e, 0x7e, 0x88, 0x19, 0xda, 0xe7, 0x7f, 0x55, 0x92, 0x29, 0xbc, 0x19, 0xbb, 0x6a, 0x28, 0x0d,
  0xc2, 0x74, 0xf8, 0x82, 0x82, 0xee, 0xd7, 0x04, 0xac, 0x77, 0xef, 0xe5, 0x09, 0xc0, 0xf6, 0xe4,
  0x73, 0x11, 0x70, 0x40, 0xd3, 0x80, 0x76, 0x66, 0x98, 0x02, 0x56, 0x3c, 0x02, 0xb4, 0x83, 0x32,
  0x6c, 0x12, 0xa4, 0xea, 0x2f, 0xed, 0x2c, 0xf1, 0x58, 0x80, 0x67, 0x0f, 0x86, 0xc1, 0xd7, 0xb4,
  0xab, 0x02, 0x49, 0x69, 0x57, 0xe5, 0xa1, 0x7f, 0x04, 0x83, 0xe3, 0x1f, 0x4d, 0xbe, 0xae, 0x40,
  0xbb, 0x43, 0x7d, 0x57, 0x47, 0x71, 0x74, 0x7f, 0x11, 0xa8, 0x0f, 0x5c, 0x47, 0xc4, 0x73, 0xc4,
  0x24, 0x4c, 0x4b, 0x98, 0x94, 0x90, 0x8b, 0x1b, 0x14, 0xe0, 0x56, 0xfc, 0xd2, 0xf6, 0x7e, 0x71,
  0x9d, 0xb4, 0xf8, 0xbb, 0xb7, 0x28, 0xf9, 0xee, 0xd5, 0xab, 0xb4, 0x30, 0x2e, 0x0f, 0x63, 0x16,
  0x50, 0xdf, 0x00, 0xde, 0xe7, 0x7f, 0x55, 0x16, 0xae, 0x25, 0x62, 0x9a, 0xdf, 0xf4, 0x6b, 0xd4,
  0x17, 0x43, 0x85, 0xd3, 0x6e, 0xbd, 0xd1, 0xfd, 0x0f, 0x5c, 0xe8, 0x63, 0xff, 0x61, 0x2e, 0xa9,
  0x57, 0x44, 0xe9, 0x7b, 0x41, 0x4b, 0x73, 0x94, 0x44, 0x7d, 0x99, 0x51, 0xa2, 0x16, 0xe3, 0x22,
  0xc8, 0xb0, 0xc6, 0x83, 0xab, 0x34, 0x98, 0x94, 0x04, 0x9f, 0xad, 0x6b, 0x75, 0x80, 0xc4, 0x05,
  0x8d, 0xcb, 0xfd, 0x9f, 0x85, 0xf3, 0xe0, 0x1e, 0x37, 0x45, 0xf6, 0x39, 0x62, 0x12, 0x52, 0xb8,
  0xdc, 0xbd, 0x8c, 0x8a, 0x24, 0xae, 0x6b, 0x7c, 0xce, 0x33, 0x03, 0x19, 0x93, 0xb1, 0x20, 0x92,
  0xb7, 0xa4, 0xf1, 0xe7, 0xc0, 0x26, 0x90, 0x14, 0xe9, 0x90, 0x7f, 0xd0, 0x0d, 0x72, 0x4f, 0x11,
  0xb3, 0x8b, 0x3c, 0x22, 0xf0, 0x50, 0x53, 0x89, 0xe6, 0x4c, 0x7e, 0x43, 0xb8, 0x40, 0x92, 0x7b,
  0xf5, 0x14, 0x12, 0x57, 0x32, 0x24, 0x4c, 0x38, 0x3b, 0x1c, 0x0e, 0x21, 0xc0, 0x48, 0x02, 0x45,
  0xa3, 0x91, 0x10, 0x24, 0x06, 0xe4, 0xf9, 0xf9, 0xf1, 0x4b, 0x05, 0x2b, 0x0f, 0x32, 0x05, 0x43,
  0xda, 0xfe, 0xfb, 0xf6, 0x4d, 0x24, 0xfa, 0x33, 0xf1, 0x95, 0xad, 0xe2, 0x50, 0x57, 0xe1, 0xcf,
  0x88, 0xf8, 0x62, 0x07, 0xf4, 0xa0, 0x96, 0x29, 0x25, 0xf9, 0x06, 0xda, 0x1b, 0xb5, 0x5b, 0x08,
  0x70, 0x31, 0x04, 0x4b, 0xe5, 0xcf, 0x3f, 0x2f, 0x45, 0x89, 0xd1, 0x3c, 0x08, 0x28, 0xe9, 0xdb,
  0xb7, 0xd6, 0x3d, 0x4e, 0x99, 0xaa, 0x64, 0xb8, 0x3e, 0x54, 0xea, 0x67, 0xb3, 0x34, 0x2e, 0x51,
  0xab, 0xfa, 0xb1, 0x11, 0x26, 0x2b, 0x07, 0xe7, 0x22, 0x64, 0x8d, 0x4b, 0xc7, 0xe8, 0xc7, 0x76,
  0x37, 0x4f, 0x10, 0xac, 0xcb, 0xa8, 0x0c, 0x03, 0x98, 0x50, 0xd2, 0xfb, 0x98, 0xab, 0x5b, 0xc4,
  0x16, 0x6e, 0x79, 0xda, 0x5d, 0xe1, 0x27, 0x60, 0x99, 0x84, 0x90, 0x38, 0xd0, 0x3b, 0x92, 0x18,
  0x1f, 0xa5, 0x71, 0xa2, 0xf5, 0x3d, 0x4c, 0x56, 0x9e, 0xc4, 0x3a, 0x12, 0x17, 0x19, 0x7c, 0xe0,
  0x71, 0x73, 0xa2, 0x08, 0x94, 0xc6, 0x39, 0xf4, 0x60, 0x78, 0xf0, 0x99, 0x3c, 0x45, 0xaa, 0x69,
  0x85, 0x83, 0xa0, 0x47, 0xf1, 0xfe, 0x73, 0xb7, 0x56, 0x40, 0xf5, 0xcf, 0x87, 0xa7, 0x1a, 0x41,
  0x96, 0xf4, 0x28, 0x42, 0xd7, 0x6d, 0xc4, 0xc8, 0x73, 0x7b, 0x8c, 0xa9, 0xce, 0xcd, 0xd4, 0x13,
  0x35, 0xd3, 0x2e, 0x52, 0x24, 0x85, 0xd5, 0x09, 0xe1, 0xde, 0x55, 0x22, 0xdf, 0xb3, 0x0c, 0x1e,
  0xa2, 0x40, 0x1a, 0x54, 0x0c, 0x55, 0x4e, 0xb2, 0x36, 0xaf, 0xcb, 0x87, 0x2a, 0x75, 0xa5, 0x94,
  0x2f, 0x49, 0x2a, 0x60, 0xb3, 0xed, 0x73, 0x25, 0x7a, 0x5e, 0x21, 0x08, 0x83, 0x2b, 0x8d, 0x3f,
  0x46, 0xd4, 0xe7, 0x4d, 0x4d, 0xab, 0x06, 0x71, 0xfe, 0x48, 0x57, 0x41, 0x43, 0xc8, 0x49, 0xe7,
  0x4a, 0x1b, 0x73, 0x6d, 0xa2, 0x60, 0x01, 0x39, 0x4a, 0x54, 0x7c, 0x0e, 0x51, 0x81, 0x7c, 0x97,
  0x07, 0xda, 0xd4, 0xa4, 0xce, 0xc8, 0x77, 0x33, 0xc0, 0x43, 0xa1, 0x78, 0x17, 0xf0, 0xe4, 0x10,
  0x8c, 0x25, 0xaf, 0xd0, 0x6f, 0x72, 0x17, 0xe2, 0x00, 0xc0, 0xb7, 0x6f, 0x1f, 0x3e, 0x4a, 0x08,
  0xec, 0x69, 0xc8, 0x7c, 0xfc, 0x0a, 0x71, 0xd0, 0xec, 0xce, 0xc8, 0x64, 0x89, 0xa8, 0xca, 0xf3,
  0x07, 0x35, 0xd7, 0x2c, 0xce, 0xbb, 0x4c, 0x0a, 0x82, 0x3f, 0xb2, 0x10, 0xc6, 0xfe, 0x4f, 0x3f,
  0x35, 0x4c, 0x8d, 0x54, 0x86, 0x85, 0xf8, 0xa9, 0xd1, 0x92, 0x2a, 0xec, 0xb7, 0x7a, 0xe1, 0xb3,
  0xdd, 0x5e, 0xf8, 0xcb, 0x2f, 0xaa, 0xcf, 0x7c, 0xe5, 0x4f, 0xdb, 0xb6, 0x46, 0xc1, 0x0f, 0xe1,
  0x47, 0xb6, 0x6a, 0x05, 0x98, 0xb8, 0xe8, 0x20, 0x76, 0xd3, 0xfa, 0x5c, 0xa6, 0xdf, 0xff, 0xd5,
  0x20, 0xc3, 0x09, 0x89, 0xd6, 0xbe, 0x09, 0x75, 0xe0, 0xf2, 0x02, 0x03, 0xfc, 0x77, 0x61, 0xd2,
  0x8b, 0xf6, 0xce, 0x33, 0x70, 0x00, 0x71, 0x5e, 0x28, 0x18, 0xc4, 0xfb, 0x2d, 0x55, 0x86, 0x10,
  0xcf, 0xa4, 0x9a, 0xa2, 0xaf, 0x26, 0x33, 0xa4, 0x71, 0x82, 0x5d, 0xce, 0x4a, 0xc7, 0xe9, 0x73,
  0xc5, 0xed, 0xea, 0x17, 0x08, 0xf5, 0x40, 0xa1, 0x37, 0x7e, 0x5e, 0x86, 0xbf, 0xb4, 0xef, 0x85,
  0xe4, 0xe7, 0x30, 0x84, 0x3f, 0x2f, 0x75, 0x77, 0xee, 0xbb, 0x0e, 0xab, 0x0d, 0x1e, 0x66, 0x90,
  0x43, 0x18, 0xe9, 0xc2, 0x1e, 0x27, 0x83, 0x5e, 0xa5, 0x7b, 0xf7, 0x02, 0x86, 0xba, 0x26, 0xb4,
  0x4b, 0x8a, 0xee, 0xb5, 0xc4, 0x81, 0xe1, 0x2f, 0xc0, 0x20, 0x52, 0xbd, 0x7b, 0xe7, 0x2f, 0x99,
  0x62, 0xc7, 0xfc, 0x50, 0x83, 0x28, 0x2a, 0x98, 0x80, 0x86, 0x23, 0x55, 0xd0, 0xd9, 0x6a, 0x58,
  0x89, 0x4a, 0x78, 0xc1, 0x56, 0xa5, 0xf0, 0x9f, 0x0b, 0x34, 0x6c, 0xf4, 0x95, 0x63, 0x96, 0xa6,
  0xda, 0x15, 0x8b, 0x09, 0x36, 0x01, 0xd5, 0xfc, 0x80, 0x9d, 0xaa, 0x07, 0x45, 0x08, 0x2c, 0x39,
  0x28, 0x0f, 0xfb, 0x86, 0x49, 0xa8, 0x22, 0x40, 0x41, 0xd4, 0x14, 0x25, 0x4a, 0x3b, 0x4d, 0x70,
  0xb3, 0x4a, 0x3e, 0xc0, 0xf8, 0xf7, 0x36, 0x43, 0xdf, 0x29, 0xc4, 0xdf, 0x29, 0xa9, 0xa0, 0xb3,
  0x41, 0x0d, 0xc2, 0xa6, 0xf5, 0xb2, 0x09, 0x4d, 0x6b, 0xa9, 0x90, 0x4e, 0x33, 0x65, 0xd0, 0xf2,
  0x3c, 0x59, 0xcc, 0x60, 0x2c, 0x05, 0x74, 0xc2, 0x5c, 0x9e, 0x67, 0xff, 0x0d, 0x9b, 0xcd, 0x7c,
  0x3e, 0xe5, 0xae, 0xa6, 0x56, 0x38, 0xca, 0x48, 0x7a, 0xf4, 0xc8, 0x5e, 0x4b, 0x4b, 0x09, 0xcb,
  0xa7, 0x4e, 0xce, 0xb4, 0x20, 0xf0, 0x1e, 0x3d, 0x2a, 0xce, 0x68, 0x8a, 0x58, 0x2f, 0x98, 0x82,
  0xbb, 0xde, 0xd2, 0x74, 0xb4, 0x60, 0x05, 0x57, 0x5c, 0xa2, 0xc4, 0xd8, 0x32, 0xc7, 0xfc, 0x72,
  0x01, 0x56, 0xe0, 0xe6, 0xbc, 0x22, 0xef, 0x80, 0xe9, 0x18, 0xc0, 0xb5, 0x56, 0xa9, 0x39, 0x10,
  0x7c, 0xb8, 0x9f, 0x6e, 0x83, 0xb3, 0x5f, 0xa2, 0xa7, 0x73, 0x29, 0x2e, 0xd4, 0x8a, 0xb9, 0x0b,
  0x58, 0x82, 0x32, 0xe7, 0xaf, 0x88, 0x3d, 0x6a, 0x3c, 0x5c, 0xe0, 0x6a, 0x28, 0x65, 0x7d, 0xa2,
  0x9a, 0x3e, 0xfe, 0x4f, 0x6b, 0x62, 0x43, 0xae, 0xb4, 0x2a, 0xce, 0x15, 0x95, 0xf1, 0x4f, 0xb3,
  0x36, 0xe3, 0xb5, 0x02, 0x37, 0x05, 0x30, 0x95, 0x92, 0xe5, 0x8d, 0xd1, 0x4d, 0x31, 0xa7, 0x0b,
  0x97, 0x21, 0x87, 0xa2, 0x6a, 0x0e, 0x93, 0x29, 0xee, 0x97, 0xfb, 0x47, 0x70, 0x10, 0x36, 0x6d,
  0xbc, 0x58, 0x88, 0xbc, 0x93, 0xab, 0x72, 0xeb, 0xbe, 0x68, 0x86, 0xa0, 0x33, 0x84, 0xfc, 0x12,
  0xce, 0x43, 0x0a, 0xcb, 0x61, 0x3b, 0xf8, 0xb3, 0xb4, 0x27, 0x97, 0x22, 0x43, 0x55, 0x79, 0x9b,
  0xa5, 0x23, 0x89, 0x84, 0x50, 0xa6, 0xe8, 0x6f, 0xa2, 0x0b, 0x0a, 0x4d, 0x96, 0x41, 0x35, 0xcf,
  0x7f, 0x50, 0x10, 0x1f, 0xbd, 0x83, 0x82, 0x44, 0xab, 0xa3, 0x13, 0x6e, 0xfa, 0xef, 0xaa, 0x65,
  0x0a, 0xe8, 0x20, 0xd3, 0x91, 0xb4, 0xb0, 0x68, 0x97, 0x2e, 0x2f, 0x68, 0x4e, 0xe5, 0x5f, 0xe1,
  0xcd, 0x8b, 0x7e, 0x8d, 0xe4, 0x56, 0x9d, 0x07, 0x10, 0xd0, 0x62, 0x1d, 0x55, 0xe7, 0x97, 0x4f,
  0x70, 0xa0, 0x4b, 0x1c, 0xad, 0x1b, 0xd2, 0x5a, 0x84, 0xef, 0x67, 0x0b, 0x0c, 0xf4, 0x56, 0xc6,
  0x3a, 0x6c, 0xe2, 0x30, 0xa4, 0xc9, 0x27, 0xfa, 0xa9, 0x0d, 0x18, 0x27, 0x12, 0xb7, 0x50, 0x54,
  0xea, 0xe5, 0x0d, 0x55, 0x50, 0xda, 0x3c, 0xd7, 0x37, 0xa5, 0xf5, 0xb0, 0xfc, 0xd6, 0xe0, 0xd7,
  0x37, 0x4d, 0x56, 0x9f, 0xae, 0x7a, 0xb3, 0xc5, 0x4d, 0x33, 0x64, 0x67, 0xfa, 0x70, 0xd9, 0x8e,
  0x03, 0x7f, 0x5a, 0x93, 0xdf, 0xb2, 0x28, 0x44, 0x88, 0xea, 0xe5, 0x52, 0xde, 0xa0, 0xa7, 0x42,
  0x6a, 0x92, 0x28, 0xc2, 0xf4, 0xd5, 0x8f, 0x5e, 0x19, 0xd0, 0x31, 0x2f, 0xe6, 0xa4, 0x34, 0x13,
  0xcb, 0x51, 0x01, 0x7b, 0x8f, 0xad, 0xd5, 0xc0, 0xc2, 0x2d, 0x3b, 0x2b, 0x16, 0x75, 0x02, 0xc6,
  0xe8, 0x75, 0xf2, 0x35, 0x29, 0xed, 0x35, 0xad, 0xa8, 0x54, 0xa7, 0x01, 0x67, 0xdb, 0x7d, 0xb8,
  0xe4, 0x64, 0x90, 0x5d, 0x8c, 0x33, 0x7a, 0x7b, 0x53, 0x07, 0xa4, 0x2c, 0x93, 0x53, 0x52, 0x04,
  0xca, 0x79, 0xf7, 0xcc, 0x22, 0xa0, 0x86, 0x35, 0x3d, 0x1e, 0x3d, 0x2a, 0x76, 0x04, 0x7a, 0x26,
  0x3f, 0xc4, 0xb8, 0x19, 0x3b, 0x08, 0x7e, 0x2b, 0x9a, 0xae, 0x29, 0x33, 0x5b, 0x68, 0x2d, 0x36,
  0xb7, 0x73, 0x24, 0xaf, 0xdb, 0xb8, 0x89, 0x5b, 0x25, 0x7e, 0x9b, 0xfd, 0xcb, 0x67, 0x94, 0x0d,
  0x67, 0x55, 0x98, 0xc9, 0xca, 0xd4, 0x08, 0x3f, 0x59, 0xbc, 0x5a, 0xde, 0x3a, 0x0c, 0x27, 0x9d,
  0xd6, 0x32, 0x54, 0x76, 0xdf, 0xa5, 0x38, 0x31, 0x6e, 0x2e, 0x1b, 0x31, 0xb9, 0xfb, 0x2e, 0xa2,
  0x6e, 0xcb, 0x1c, 0x12, 0xf7, 0x4d, 0xb1, 0xe3, 0x9e, 0x7a, 0x31, 0x06, 0x3e, 0x4b, 0xae, 0xd4,
  0x8f, 0xa1, 0xf8, 0x45, 0xb5, 0x69, 0x9d, 0x26, 0x71, 0xad, 0xe6, 0x7c, 0x33, 0xc2, 0xd7, 0xb8,
  0x26, 0x88, 0x6c, 0x17, 0x92, 0x2f, 0x64, 0x34, 0xec, 0x17, 0x22, 0x18, 0x36, 0xf9, 0x3f, 0x0a,
  0x83, 0xaf, 0x17, 0x14, 0x97, 0xb1, 0xcf, 0xcd, 0xae, 0x99, 0xd9, 0x22, 0x1a, 0x7a, 0xdf, 0x5d,
  0xf1, 0x12, 0x4e, 0x69, 0xc9, 0x33, 0x0e, 0xa3, 0x8e, 0xf2, 0xad, 0x62, 0xf4, 0x3a, 0x8c, 0x3f,
  0xda, 0x4c, 0x88, 0x77, 0xeb, 0xed, 0x4e, 0xbd, 0x2d, 0x5e, 0xd0, 0x71, 0x7b, 0x0f, 0x2c, 0xfa,
  0xd1, 0x0b, 0x9d, 0xeb, 0x11, 0x90, 0x20, 0x73, 0x7a, 0x54, 0x57, 0x9f, 0x62, 0x3b, 0x59, 0x57,
  0x57, 0x2a, 0xa4, 0x27, 0x39, 0x95, 0x88, 0x05, 0xb9, 0x1c, 0xf5, 0xfb, 0xcf, 0xf9, 0x0a, 0x7e,
  0x5f, 0x4b, 0xed, 0x2b, 0xec, 0xbf, 0x67, 0xd4, 0x7f, 0xfa, 0xb8, 0x54, 0x41, 0xdb, 0xd9, 0x0c,
  0x5e, 0x4f, 0xb0, 0x3a, 0x69, 0x01, 0x29, 0x60, 0x45, 0x18, 0x13, 0x37, 0x9f, 0xcd, 0xc1, 0x4c,
  0xdc, 0x76, 0x41, 0x8e, 0xb4, 0x1f, 0x0d, 0x29, 0x21, 0x7d, 0x55, 0xb0, 0xf0, 0xf2, 0xd0, 0x39,
  0xc9, 0x6b, 0xc9, 0x87, 0x15, 0xf0, 0xa5, 0x42, 0xd8, 0x20, 0x93, 0x65, 0x74, 0x28, 0x34, 0x1a,
  0xcc, 0x56, 0x8f, 0x35, 0x55, 0xaa, 0x6e, 0x0b, 0x0d, 0xa9, 0x27, 0x6b, 0x59, 0xf1, 0xa4, 0x3b,
  0xd6, 0xf6, 0xf6, 0xdb, 0x75, 0xa5, 0x71, 0x52, 0xfd, 0x6f, 0x63, 0xf1, 0x6c, 0xb6, 0x93, 0x12,
  0x5b, 0x73, 0x4b, 0x5d, 0x55, 0xee, 0x65, 0xd8, 0x79, 0x4e, 0xe1, 0xe1, 0xd7, 0x14, 0x08, 0x04,
  0xba, 0x8a, 0xa1, 0x19, 0x68, 0x23, 0x8e, 0x4e, 0x4b, 0x94, 0xb0, 0xb4, 0xde, 0x38, 0x73, 0xe5,
  0xf1, 0x21, 0x17, 0xeb, 0x31, 0x79, 0x00, 0xe3, 0x73, 0x41, 0xed, 0xeb, 0xb3, 0xbb, 0x06, 0x5f,
  0x8b, 0xdf, 0x19, 0x7a, 0x23, 0x86, 0x4f, 0x4b, 0x14, 0x73, 0xbc, 0x91, 0x9f, 0x65, 0x79, 0x23,
  0xcb, 0x70, 0x9e, 0x17, 0x70, 0xbb, 0x01, 0x98, 0x63, 0xf7, 0x9b, 0x94, 0xc9, 0xcb, 0xc0, 0x2a,
  0xb8, 0x3c, 0xa5, 0x8e, 0xc9, 0xe6, 0x29, 0xa2, 0x32, 0x3e, 0xd7, 0xe5, 0xea, 0xb7, 0x19, 0x16,
  0x37, 0x0c, 0xd9, 0x6a, 0xee, 0xf6, 0x32, 0x4c, 0x27, 0xd9, 0x39, 0x65, 0x95, 0xba, 0xae, 0x24,
  0x65, 0x68, 0x12, 0xe8, 0x06, 0xdf, 0x0b, 0x10, 0x53, 0x9d, 0xc5, 0x76, 0x47, 0x10, 0xaf, 0x46,
  0x5a, 0x4c, 0xf2, 0x6f, 0x6e, 0x1d, 0x41, 0x65, 0x52, 0xdb, 0xce, 0xb8, 0xb4, 0x90, 0x35, 0x41,
  0x6c, 0x15, 0x4b, 0xef, 0xa9, 0xad, 0xc7, 0x80, 0x04, 0x69, 0xf2, 0x1e, 0x7d, 0xbb, 0x56, 0xa6,
  0x39, 0x25, 0xca, 0x1b, 0xa0, 0x8a, 0xe4, 0x7a, 0x40, 0x38, 0x3c, 0xd3, 0x2e, 0x94, 0x0e, 0x78,
  0x7e, 0x86, 0x88, 0x4c, 0xb5, 0xd4, 0x98, 0x27, 0x15, 0xbe, 0xba, 0xd5, 0x04, 0x55, 0x65, 0x16,
  0x6c, 0x60, 0x91, 0x48, 0x0f, 0x1a, 0x1c, 0x33, 0xeb, 0x10, 0x8b, 0xe0, 0xca, 0x84, 0x4f, 0x8a,
  0x69, 0x03, 0xc9, 0xa3, 0xc1, 0x2d, 0x1a, 0xcb, 0xa6, 0x0a, 0x10, 0xf6, 0xc8, 0x11, 0xab, 0x6b,
  0x1e, 0xb0, 0x96, 0x86, 0x7a, 0xd8, 0xc3, 0x4a, 0xa1, 0x20, 0xca, 0xa4, 0x83, 0x9e, 0xd9, 0x7c,
  0xb3, 0x51, 0x1a, 0x3b, 0x6f, 0x62, 0xf3, 0x8b, 0xa7, 0x8b, 0xdc, 0x22, 0x3e, 0xd1, 0xbb, 0x70,
  0x3a, 0x18, 0xf0, 0x66, 0xdb, 0x71, 0xba, 0x98, 0xb5, 0x2f, 0x67, 0x54, 0x94, 0x83, 0x30, 0x69,
  0x63, 0x34, 0x22, 0x85, 0xe3, 0xbe, 0x17, 0x6d, 0xda, 0x29, 0x90, 0x7b, 0xfd, 0x2b, 0x34, 0xc4,
  0x99, 0x94, 0x38, 0x59, 0xa9, 0x56, 0xb4, 0xce, 0x09, 0x37, 0x11, 0xb9, 0x61, 0xb9, 0xb4, 0x0d,
  0x0b, 0x05, 0x6d, 0xb8, 0x52, 0xc6, 0x8a, 0x89, 0x13, 0xae, 0x10, 0xb1, 0xe1, 0x06, 0xb2, 0x15,
  0x8c, 0xa4, 0x25, 0x9d, 0x2d, 0x3a, 0x84, 0xe2, 0x59, 0x4f, 0x78, 0x08, 0xd8, 0x15, 0xaa, 0x4b,
  0x02, 0x99, 0xe3, 0x13, 0x56, 0x09, 0x6f, 0x01, 0xbf, 0xbe, 0xe4, 0xa6, 0x75, 0x67, 0xda, 0x22,
  0x9a, 0xa3, 0x52, 0x04, 0xeb, 0xe9, 0x55, 0x17, 0x28, 0xcd, 0x91, 0x25, 0x02, 0x90, 0xcb, 0x08,
  0xa7, 0x6f, 0x0a, 0xef, 0x50, 0xf2, 0x49, 0x9a, 0x34, 0xb7, 0xf0, 0x00, 0xe1, 0x7f, 0x52, 0xc2,
  0xb9, 0xae, 0x24, 0x99, 0x71, 0x8c, 0x6a, 0x63, 0xfa, 0x2c, 0x57, 0xc0, 0xa7, 0xcd, 0x10, 0xbc,
  0xc9, 0x42, 0xd9, 0x6a, 0x29, 0x80, 0xc5, 0x52, 0xbc, 0xd8, 0x41, 0x46, 0x05, 0x38, 0x27, 0xa3,
  0xd6, 0x6e, 0x52, 0x65, 0xb6, 0x99, 0x2a, 0xab, 0x50, 0x64, 0x95, 0x6a, 0xec, 0x46, 0x2b, 0xaf,
  0x72, 0xd5, 0x45, 0x7d, 0xb4, 0xd4, 0x56, 0xce, 0x29, 0x5a, 0xe4, 0x0f, 0xd5, 0x67, 0xa5, 0xb4,
  0x1f, 0xd4, 0x53, 0x58, 0xca, 0x1d, 0xa9, 0x39, 0xdf, 0xd6, 0xf9, 0x04, 0xe7, 0x74, 0x32, 0x0e,
  0xae, 0xff, 0x46, 0x1e, 0x2d, 0xcb, 0xc5, 0xf4, 0x50, 0x36, 0xaa, 0xf7, 0x9f, 0xc4, 0xc1, 0x54,
  0xe9, 0x82, 0x15, 0x07, 0x5b, 0x35, 0x7f, 0x7d, 0x97, 0x33, 0xea, 0x76, 0xcd, 0x85, 0x44, 0xa1,
  0xc3, 0xdc, 0x35, 0xf2, 0x0a, 0xdc, 0xe4, 0x1b, 0x3b, 0xca, 0xd7, 0xf2, 0x84, 0x57, 0xfb, 0xc2,
  0x37, 0x74, 0x01, 0xad, 0x74, 0x00, 0x7d, 0xb7, 0xfb, 0xe7, 0xc1, 0xe6, 0xee, 0x94, 0x2a, 0x67,
  0xca, 0x77, 0xb9, 0x52, 0x8a, 0x1d, 0x29, 0xa4, 0x09, 0x72, 0x58, 0x8f, 0xd7, 0xd6, 0x2d, 0x29,
  0x74, 0xa5, 0x76, 0xf9, 0x2e, 0xff, 0x49, 0xa5, 0xf7, 0xa4, 0xcc, 0x77, 0x92, 0xa6, 0xc3, 0xb8,
  0xe7, 0xf3, 0x95, 0xee, 0x2f, 0x05, 0x4e, 0x90, 0xac, 0x83, 0xc5, 0x38, 0x7e, 0x6a, 0x41, 0xd7,
  0x4b, 0x9d, 0xb0, 0xb9, 0xfe, 0x57, 0xb9, 0x46, 0x30, 0x1b, 0x2b, 0xce, 0x9f, 0xeb, 0x63, 0xad,
  0xdf, 0xbe, 0xad, 0x82, 0xb2, 0x1a, 0xe1, 0x69, 0x93, 0xa0, 0x40, 0x76, 0xd7, 0xd2, 0xa6, 0x15,
  0xa8, 0xe6, 0xfb, 0x07, 0xd5, 0x9e, 0x93, 0x63, 0xa5, 0xa2, 0x1f, 0x7c, 0x87, 0xe7, 0xa4, 0xd2,
  0x6f, 0xf2, 0x7d, 0x5e, 0x93, 0x12, 0x9f, 0x89, 0xab, 0xae, 0xa5, 0xe4, 0x70, 0xaf, 0xcf, 0xc2,
  0x06, 0xf8, 0x1a, 0x3c, 0xbc, 0xa9, 0x4f, 0xa4, 0xda, 0x23, 0x52, 0xea, 0x0f, 0x31, 0x32, 0x52,
  0x3e, 0xd6, 0x92, 0x34, 0xe7, 0x2b, 0x29, 0x3c, 0x3d, 0x9d, 0xef, 0x5e, 0xa5, 0x5b, 0xe3, 0x3f,
  0x82, 0x47, 0x8d, 0xc6, 0x95, 0x32, 0x69, 0xa5, 0x43, 0xc4, 0xe6, 0xd3, 0x2a, 0x87, 0x48, 0x91,
  0xaf, 0xe3, 0xbf, 0x8d, 0xab, 0xe3, 0xbb, 0xf6, 0xc1, 0x8d, 0x98, 0x27, 0x7a, 0xf4, 0x0f, 0xe4,
  0xe6, 0xb8, 0x36, 0xac, 0xba, 0xc6, 0xe4, 0xfe, 0xa1, 0x3b, 0xe4, 0xd7, 0xc9, 0x64, 0xfc, 0x0a,
  0xd7, 0x19, 0x6c, 0xde, 0x5f, 0x69, 0x12, 0x08, 0xd3, 0xa7, 0xa8, 0xe9, 0x96, 0xa5, 0xb3, 0xc1,
  0x12, 0xdb, 0x5c, 0x60, 0x67, 0xec, 0xc9, 0xb0, 0x6c, 0x82, 0x8a, 0x8c, 0xac, 0xa9, 0x69, 0x4e,
  0x4b, 0x63, 0x34, 0xe5, 0x81, 0x51, 0x73, 0x95, 0x53, 0x34, 0x92, 0xe8, 0x96, 0xb9, 0x27, 0xbf,
  0x41, 0x77, 0x6c, 0x7f, 0x4c, 0x69, 0xa3, 0x8b, 0xcf, 0x48, 0x8b, 0xca, 0xcc, 0xf3, 0xd1, 0x75,
  0x22, 0xff, 0xc7, 0xdc, 0x3e, 0xdb, 0x86, 0x2e, 0x19, 0xfb, 0xa0, 0x74, 0x26, 0xd5, 0x1a, 0x60,
  0xfc, 0xb6, 0x7d, 0x17, 0xa5, 0xbe, 0x97, 0x7b, 0xab, 0x8b, 0x96, 0xdf, 0x85, 0xc6, 0x2f, 0x1a,
  0xa9, 0xab, 0x0d, 0x7d, 0x3a, 0x00, 0x4f, 0x63, 0xe2, 0x1e, 0x88, 0x51, 0x39, 0x68, 0x77, 0x5b,
  0x5e, 0xb7, 0xa6, 0xef, 0x87, 0xb4, 0xbc, 0x35, 0xc6, 0x49, 0x2f, 0xed, 0x33, 0xa1, 0x8d, 0xbe,
  0x87, 0xe5, 0xd4, 0x3b, 0x26, 0x2b, 0x47, 0x29, 0x5c, 0x4f, 0xec, 0x6b, 0x99, 0x26, 0x62, 0xf8,
  0xc8, 0xf5, 0xa0, 0x28, 0x0c, 0xdb, 0xf4, 0x44, 0x1c, 0xd7, 0xc9, 0x81, 0xac, 0xd9, 0xe9, 0x3f,
  0x35, 0x95, 0x4a, 0x3b, 0xc5, 0x73, 0x2c, 0x13, 0xd2, 0xc9, 0x90, 0x3c, 0xea, 0xe9, 0x23, 0x1c,
  0x2d, 0xcd, 0x8e, 0xa6, 0x54, 0xaa, 0x07, 0xea, 0x47, 0x97, 0xe9, 0xe9, 0xa6, 0xb4, 0x28, 0x29,
  0xe0, 0x15, 0xfa, 0xc8, 0xfe, 0xd9, 0x24, 0xde, 0x44, 0xdd, 0xfe, 0x27, 0xf1, 0xfa, 0xd8, 0x6a,
  0x3b, 0x2c, 0xd3, 0xd8, 0xc5, 0xac, 0x53, 0xe6, 0xed, 0xa9, 0x96, 0x81, 0xf7, 0x86, 0xe0, 0xfb,
  0xaf, 0xed, 0xb2, 0x11, 0xe7, 0xf0, 0x54, 0x08, 0x2c, 0x76, 0xc1, 0xa4, 0x37, 0x38, 0xa6, 0xe6,
  0x5d, 0x30, 0x33, 0xaa, 0xb9, 0x3a, 0xe7, 0x3a, 0xc4, 0x47, 0x9f, 0xa0, 0x0e, 0xa6, 0xfa, 0xee,
  0x17, 0x8e, 0x08, 0xba, 0x2d, 0xb7, 0xab, 0x14, 0x8b, 0x71, 0xfe, 0x2f, 0x45, 0xe0, 0xf5, 0x3e,
  0xfc, 0x80, 0xb8, 0xe8, 0x1f, 0xb5, 0xe4, 0x27, 0x85, 0xae, 0xae, 0x88, 0xd8, 0xf6, 0x04, 0x62,
  0x7e, 0xce, 0xef, 0x84, 0x4b, 0x01, 0xa7, 0x7a, 0x3f, 0x7f, 0x20, 0x13, 0x80, 0x9e, 0x92, 0xe9,
  0x6f, 0xfd, 0xbc, 0xc4, 0x9f, 0xfb, 0xad, 0x8f, 0x9f, 0xf9, 0xb8, 0x21, 0x95, 0xf2, 0x98, 0x86,
  0xe2, 0xa5, 0xc6, 0x3e, 0x75, 0x2d, 0x73, 0x89, 0x22, 0x48, 0x98, 0x3e, 0xaf, 0x19, 0x80, 0xa7,
  0x9c, 0x80, 0xf5, 0x7e, 0x6c, 0xcd, 0xe2, 0x4f, 0x7e, 0x90, 0xde, 0xe8, 0xfb, 0x73, 0x7a, 0x98,
  0xd2, 0xc3, 0x63, 0x95, 0x37, 0xf7, 0x2c, 0xb0, 0x1f, 0x72, 0x79, 0x4f, 0x63, 0x0c, 0x29, 0xee,
  0xb2, 0x78, 0x9c, 0xa2, 0x2f, 0xaf, 0xf2, 0xb5, 0xcd, 0x5c, 0x8a, 0xdf, 0x60, 0xe5, 0x76, 0x32,
  0xb9, 0x22, 0xe0, 0xb6, 0xca, 0xdd, 0x31, 0x73, 0x39, 0x1c, 0xc4, 0x45, 0xf4, 0x46, 0xe7, 0xee,
  0x9a, 0xb9, 0xc2, 0x63, 0xa4, 0xb2, 0x1e, 0x9b, 0x59, 0xc2, 0x40, 0x7d, 0x23, 0x8e, 0xf7, 0xf7,
  0x8d, 0x6a, 0xbe, 0x7d, 0x33, 0xb0, 0xd2, 0x87, 0x40, 0x92, 0x96, 0x5d, 0xc4, 0x81, 0x0e, 0x39,
  0xd1, 0x37, 0x5a, 0x4f, 0xb0, 0x16, 0x16, 0x55, 0x10, 0x25, 0x33, 0x7c, 0x91, 0x89, 0x80, 0xfd,
  0xb0, 0x66, 0x90, 0xc8, 0x42, 0x23, 0xd4, 0x78, 0x71, 0x69, 0x3b, 0x60, 0x36, 0xe1, 0x58, 0xd5,
  0x87, 0x2a, 0x6c, 0x22, 0xd2, 0xb6, 0xc4, 0x52, 0xd9, 0xa1, 0x2a, 0x2c, 0x69, 0x14, 0xee, 0x87,
  0x26, 0x99, 0xbc, 0x0a, 0x22, 0x64, 0x82, 0x26, 0x3c, 0xcc, 0x0c, 0x4d, 0x55, 0x65, 0xf9, 0xfb,
  0xe1, 0x1b, 0x94, 0xb6, 0xa3, 0x28, 0x7c, 0x5f, 0xc1, 0xcd, 0x6b, 0xcd, 0x06, 0x9f, 0xdc, 0xa0,
  0x68, 0xfe, 0xda, 0xfe, 0x26, 0x85, 0x33, 0x57, 0xfb, 0x0b, 0x8a, 0x6a, 0x06, 0xa7, 0x70, 0xb5,
  0x42, 0x48, 0xa4, 0x6f, 0x42, 0xba, 0x6a, 0xf7, 0xc1, 0x8a, 0xfb, 0xaa, 0x77, 0x7c, 0xdc, 0x47,
  0x8f, 0x08, 0x4a, 0xea, 0x35, 0x80, 0x69, 0x66, 0x51, 0xca, 0x92, 0xb2, 0x6d, 0xdf, 0x87, 0x00,
  0xe8, 0xca, 0x63, 0x7e, 0x4e, 0x2d, 0xe6, 0xc8, 0x2e, 0x22, 0x24, 0x1d, 0x85, 0x01, 0x9e, 0xc9,
  0xc0, 0xeb, 0x35, 0x23, 0x82, 0x9f, 0x87, 0xee, 0x71, 0x78, 0x61, 0x7f, 0xea, 0xfc, 0x81, 0x98,
  0xb7, 0xf4, 0xe4, 0x20, 0x3a, 0xb5, 0x2d, 0xfd, 0x28, 0x28, 0xc5, 0x1b, 0x5f, 0xdb, 0x3a, 0xba,
  0x49, 0xd3, 0xcd, 0x6c, 0x63, 0x99, 0x93, 0xab, 0xbc, 0x6d, 0x66, 0x1c, 0x42, 0x11, 0xc3, 0xf8,
  0x5a, 0x44, 0x46, 0x44, 0xe0, 0xe3, 0xa6, 0xc3, 0x73, 0xee, 0x65, 0xdf, 0x9c, 0xc4, 0xd4, 0x2e,
  0xe8, 0x29, 0x3a, 0x12, 0x2e, 0xc2, 0x01, 0xf6, 0xe8, 0xf6, 0x2c, 0x50, 0xc4, 0xd4, 0xa5, 0x60,
  0xfa, 0x05, 0xb1, 0x0b, 0x11, 0x16, 0x8d, 0x22, 0xcb, 0x03, 0x29, 0x35, 0x9a, 0x26, 0x2f, 0x63,
  0xc2, 0x9b, 0x6b, 0x7d, 0x33, 0xd6, 0xa1, 0x19, 0xe8, 0xb0, 0xa0, 0xf9, 0x7a, 0x5e, 0x57, 0x34,
  0xdf, 0x78, 0x20, 0x28, 0xdf, 0x7e, 0x11, 0x5b, 0x4f, 0x87, 0x48, 0x4c, 0x1f, 0x6a, 0x19, 0x1a,
  0x31, 0x14, 0x65, 0x64, 0xc0, 0x6c, 0xfc, 0xc4, 0x02, 0x2b, 0x28, 0x5f, 0x3b, 0xf8, 0x09, 0xfd,
  0x46, 0x24, 0x71, 0x51, 0xb3, 0x44, 0xc5, 0xbd, 0x8b, 0x0a, 0xe3, 0x43, 0xa3, 0x6b, 0xaa, 0x79,
  0x74, 0x5c, 0x30, 0x32, 0x22, 0x45, 0x53, 0x7c, 0x68, 0x44, 0x84, 0xd6, 0x35, 0xb3, 0xad, 0x52,
  0xa0, 0xf7, 0x8a, 0x2f, 0x09, 0x2c, 0x33, 0x0c, 0x4b, 0x76, 0x87, 0x88, 0x3b, 0xbc, 0x4c, 0x6f,
  0x24, 0xa4, 0x4f, 0x30, 0xe3, 0x5e, 0x82, 0xd4, 0xaf, 0xf2, 0xca, 0x25, 0x19, 0x44, 0xf2, 0xaa,
  0x75, 0xa2, 0x83, 0x5b, 0xaa, 0x6b, 0xf5, 0xd9, 0x3b, 0x0d, 0x07, 0x4d, 0xbd, 0xfc, 0xca, 0x5f,
  0x68, 0x10, 0x8b, 0x32, 0xd6, 0x7c, 0xd5, 0x35, 0x3f, 0x4c, 0x2b, 0xea, 0x19, 0x73, 0x90, 0x5f,
  0xcf, 0xb2, 0xdb, 0x67, 0x52, 0x81, 0x1f, 0xf7, 0xa2, 0x50, 0xc9, 0x27, 0x3e, 0x9e, 0x5d, 0x4d,
  0xb4, 0x75, 0x46, 0xd1, 0x96, 0xfb, 0xd9, 0x48, 0xca, 0x26, 0x5e, 0x71, 0x6e, 0xdf, 0xb3, 0x06,
  0x90, 0x83, 0xbe, 0x73, 0x46, 0x2f, 0x27, 0x05, 0xf2, 0x80, 0x94, 0x9e, 0xeb, 0xd3, 0x1a, 0x68,
  0xb3, 0x0f, 0x4e, 0x57, 0xe2, 0x96, 0xef, 0xfb, 0xc5, 0x22, 0x3e, 0x75, 0x96, 0x1a, 0x0f, 0x19,
  0xd8, 0x08, 0x60, 0x6d, 0x54, 0x50, 0x0a, 0xca, 0xb7, 0x71, 0x18, 0xd0, 0x7a, 0x58, 0xb9, 0x08,
  0x54, 0x46, 0xd7, 0xee, 0xa5, 0x37, 0xf0, 0x4a, 0x41, 0xf9, 0x8e, 0x1c, 0x03, 0xe6, 0x1f, 0x6a,
  0x2d, 0x82, 0x37, 0xc3, 0x72, 0x73, 0xb1, 0xf4, 0xad, 0xb4, 0x22, 0x70, 0x8a, 0xd7, 0x5d, 0xc1,
  0x16, 0x46, 0x3b, 0x38, 0xbf, 0xfa, 0x0a, 0x4d, 0xfe, 0x0e, 0x9f, 0x28, 0xb5, 0x82, 0x7b, 0x44,
  0x1e, 0x53, 0xf7, 0x0c, 0xd7, 0xf0, 0x8d, 0xcb, 0x3e, 0x99, 0x07, 0x7a, 0xf5, 0x12, 0x40, 0xa4,
  0x6b, 0xe0, 0x3c, 0x98, 0x46, 0x96, 0xbb, 0x13, 0x28, 0xcb, 0x15, 0xdd, 0x15, 0x9c, 0x13, 0xbe,
  0x9c, 0x3a, 0xa2, 0xd9, 0x7d, 0xa0, 0xf1, 0x75, 0x53, 0x14, 0x3d, 0x41, 0x1b, 0x59, 0xa9, 0x5e,
  0x16, 0xc8, 0x04, 0xc8, 0xe0, 0x7d, 0x7d, 0x2f, 0x5f, 0x04, 0x02, 0x37, 0xa3, 0x86, 0x6b, 0x28,
  0x71, 0xef, 0x48, 0x7e, 0xca, 0x08, 0x00, 0x3d, 0x45, 0xad, 0x69, 0x85, 0x83, 0x50, 0x2c, 0xe4,
  0x8a, 0x14, 0xa8, 0x90, 0x47, 0x5c, 0x5a, 0xee, 0xce, 0x81, 0x85, 0x11, 0x4b, 0xff, 0x22, 0xa2,
  0x35, 0xfd, 0x2e, 0x4e, 0x40, 0x0b, 0x79, 0x2b, 0x20, 0x8c, 0x05, 0xa0, 0x18, 0xfc, 0x5e, 0x65,
  0x49, 0x29, 0xbc, 0x68, 0xd6, 0xad, 0x68, 0x1a, 0xc3, 0xd8, 0xd7, 0x00, 0x8d, 0xfb, 0x7d, 0xae,
  0xcc, 0xb7, 0xae, 0xf4, 0xca, 0x40, 0xe9, 0x62, 0x4e, 0x8b, 0x66, 0x98, 0xab, 0x4b, 0x4e, 0x57,
  0x3c, 0xb0, 0xc6, 0x69, 0xb5, 0xca, 0xa3, 0x6a, 0xaa, 0x32, 0xf1, 0xf6, 0x8a, 0xbd, 0xaa, 0xcb,
  0x1d, 0xa7, 0xc8, 0x1c, 0x32, 0x48, 0x37, 0xc1, 0x78, 0xf1, 0x0d, 0x03, 0x36, 0xdf, 0x58, 0x71,
  0xc2, 0x82, 0x78, 0xca, 0x4a, 0x66, 0x40, 0xdc, 0x94, 0xef, 0x15, 0x2f, 0x82, 0x7b, 0x39, 0xc1,
  0xdb, 0x2b, 0x5b, 0x88, 0xd9, 0xb3, 0xcd, 0x1f, 0x8a, 0x16, 0xe9, 0x46, 0xda, 0x67, 0x20, 0x8a,
  0x1d, 0x71, 0x56, 0xd4, 0x18, 0x84, 0xce, 0x9e, 0xd4, 0x8a, 0x57, 0x92, 0x87, 0xe3, 0xb1, 0x5a,
  0x4c, 0x8a, 0xdb, 0x59, 0x99, 0x25, 0xa5, 0x27, 0x55, 0x77, 0x13, 0xd7, 0x3c, 0x93, 0x5a, 0xcd,
  0xaf, 0x5f, 0xc2, 0x1b, 0xaa, 0x96, 0x73, 0x05, 0x47, 0xa2, 0xbc, 0x86, 0xcc, 0xbc, 0x2c, 0xca,
  0xd4, 0xd8, 0xa0, 0xcc, 0x6b, 0xec, 0x0e, 0xd8, 0x17, 0xd1, 0x7e, 0xc4, 0x9d, 0xd6, 0xd4, 0xe9,
  0x7c, 0xc0, 0xb9, 0xca, 0xad, 0x7c, 0x80, 0x98, 0xd8, 0xc6, 0x32, 0x32, 0x75, 0x0e, 0x78, 0xda,
  0x23, 0x51, 0xe0, 0x61, 0x60, 0xa7, 0x9b, 0xb2, 0x45, 0x1f, 0x52, 0x96, 0x8a, 0xa5, 0x63, 0x0f,
  0x72, 0xaf, 0xc2, 0x91, 0x2e, 0x0b, 0x98, 0x8d, 0x91, 0xe0, 0xf2, 0x14, 0x93, 0xe9, 0xc6, 0xd0,
  0x47, 0x9b, 0xcc, 0x47, 0xb0, 0x2c, 0x14, 0x86, 0x47, 0xa3, 0x57, 0xe0, 0xe7, 0x96, 0xa0, 0x45,
  0x1d, 0x95, 0xe0, 0xd2, 0xb9, 0x67, 0x77, 0xc0, 0xf4, 0xf2, 0xad, 0x40, 0x91, 0x6b, 0x0c, 0xbb,
  0x6f, 0xe4, 0x33, 0x0d, 0x27, 0xef, 0xde, 0xbf, 0xfc, 0x74, 0x7e, 0xf8, 0xdb, 0x91, 0x0a, 0xff,
  0xfe, 0xff, 0xe3, 0x73, 0x55, 0x3d, 0xe3, 0xd9, 0x08, 0xa4, 0x63, 0x12, 0xe4, 0x34, 0xd9, 0x1d,
  0x3d, 0x57, 0x4d, 0x71, 0xaf, 0xaa, 0x54, 0xdb, 0x3f, 0x4f, 0x45, 0x54, 0x89, 0x2f, 0xd9, 0x38,
  0x31, 0xec, 0x45, 0xa2, 0x81, 0xe4, 0x4f, 0x81, 0xe6, 0x10, 0x4f, 0x95, 0x79, 0xcb, 0xdc, 0x18,
  0x67, 0x7c, 0x5e, 0x16, 0x7e, 0x9b, 0xcb, 0xe0, 0xbd, 0x52, 0x8e, 0x59, 0x11, 0xdf, 0x46, 0xc8,
  0xad, 0xbe, 0x4d, 0x08, 0x23, 0xf8, 0x4d, 0xfa, 0x04, 0x0b, 0x76, 0x52, 0xab, 0xa1, 0xe8, 0x6d,
  0x16, 0x6e, 0xb7, 0x8d, 0xdb, 0x5b, 0x16, 0xc7, 0x8b, 0xab, 0x6a, 0x74, 0x11, 0x51, 0x40, 0x93,
  0xcc, 0x8e, 0x8f, 0x7d, 0x0b, 0xd2, 0xdc, 0xf3, 0x91, 0x37, 0x38, 0x78, 0x3f, 0x34, 0xa5, 0x77,
  0x9a, 0x98, 0xab, 0x60, 0x92, 0xee, 0xff, 0x96, 0xd6, 0x22, 0xfc, 0xde, 0x3f, 0xaa, 0x1a, 0x15,
  0x73, 0x49, 0x96, 0x32, 0xb5, 0xc5, 0x94, 0x82, 0xc1, 0x8e, 0xb1, 0x47, 0x78, 0x34, 0x1d, 0xb2,
  0x07, 0x40, 0xf8, 0xf3, 0x45, 0xa0, 0x1f, 0xb8, 0xaf, 0xc7, 0x74, 0x1f, 0xca, 0x08, 0xbe, 0x46,
  0x3a, 0xda, 0x3a, 0xaf, 0x4b, 0xf7, 0xb5, 0x61, 0x5d, 0xcf, 0xc3, 0x09, 0x05, 0x7b, 0x92, 0x39,
  0xaa, 0xa0, 0x99, 0xc9, 0x9c, 0x4b, 0xc5, 0x55, 0x6c, 0x23, 0x1d, 0x79, 0x6c, 0xfb, 0x5f, 0x39,
  0xa4, 0xdd, 0x41, 0xf7, 0xff, 0x6c, 0xff, 0x9f, 0xed, 0xed, 0x10, 0x76, 0x40, 0x4c, 0xd7, 0xf5,
  0x01, 0x79, 0x40, 0xff, 0x76, 0x3f, 0xab, 0x88, 0x77, 0x74, 0x71, 0xff, 0x6b, 0x72, 0x6f, 0xc5,
  0x7c, 0x09, 0x64, 0xbb, 0x5f, 0x63, 0x59, 0x43, 0x31, 0xaa, 0x10, 0x92, 0x6a, 0x7e, 0xa7, 0x42,
  0xcb, 0xc8, 0xa7, 0x63, 0x38, 0xbd, 0x49, 0x47, 0xc8, 0xa6, 0x50, 0xfe, 0x76, 0xc4, 0xa8, 0x7b,
  0xc4, 0xbe, 0x1a, 0x5c, 0x2f, 0x55, 0x9b, 0xee, 0x8b, 0x70, 0xbf, 0x21, 0x10, 0x0c, 0x0f, 0x85,
  0xc0, 0x8a, 0x17, 0xa3, 0x51, 0xf8, 0xb5, 0x0e, 0x9a, 0xf9, 0x31, 0xd5, 0x99, 0xfa, 0xaa, 0x25,
  0x21, 0x87, 0xfd, 0x12, 0x9a, 0x52, 0x23, 0x7a, 0x42, 0xb3, 0x28, 0x50, 0x25, 0x7d, 0x45, 0x20,
  0x3d, 0xb9, 0x17, 0x4c, 0x6d, 0x4b, 0x71, 0x0c, 0xf3, 0x01, 0xae, 0x44, 0x13, 0x1e, 0x3d, 0x62,
  0x48, 0xf0, 0xce, 0x30, 0xfe, 0x3d, 0x4c, 0xae, 0x6b, 0x2a, 0x36, 0x16, 0xe7, 0x66, 0xe2, 0x62,
  0x69, 0xc5, 0x64, 0x2c, 0x3e, 0x6d, 0xd2, 0x19, 0x8d, 0xc2, 0xfc, 0x57, 0x97, 0xe7, 0x55, 0x2f,
  0x0b, 0x42, 0x6d, 0x15, 0x11, 0x8a, 0x1e, 0x47, 0x33, 0xa9, 0x24, 0xb6, 0x7a, 0xbe, 0x9b, 0x58,
  0xa2, 0x9d, 0x22, 0xec, 0x4f, 0x37, 0x2d, 0x53, 0x17, 0x17, 0xea, 0x8d, 0x14, 0x79, 0xc5, 0x9e,
  0xb6, 0xa0, 0xc2, 0xa1, 0x42, 0xd4, 0xcd, 0x0e, 0x9f, 0x81, 0x21, 0x37, 0x8a, 0x78, 0x4c, 0x23,
  0xc1, 0x8e, 0xc5, 0x09, 0x9e, 0x1a, 0x4c, 0xf2, 0x88, 0x9f, 0xf5, 0x65, 0x4f, 0xe0, 0x15, 0x4c,
  0xee, 0xba, 0x0f, 0x73, 0x00, 0xf7, 0x05, 0xeb, 0x1d, 0x92, 0xa0, 0x2f, 0x43, 0xff, 0x6a, 0x0a,
  0xfc, 0xe1, 0xa0, 0x20, 0x2e, 0x95, 0x58, 0xee, 0x0d, 0x01, 0x22, 0x64, 0xd9, 0x43, 0xca, 0xb1,
  0xed, 0x7e, 0x1d, 0x8b, 0xac, 0x6f, 0x91, 0x38, 0xf5, 0x01, 0x64, 0x54, 0x63, 0xdd, 0x2d, 0x0a,
  0x25, 0x59, 0xa7, 0x97, 0x39, 0xe4, 0x3a, 0x57, 0x63, 0xe4, 0x97, 0x8c, 0x10, 0x93, 0x65, 0x1c,
  0x5e, 0xe1, 0x91, 0x28, 0xde, 0xe6, 0xd2, 0x8b, 0x2a, 0x8a, 0x28, 0x51, 0x51, 0xa3, 0x54, 0xbd,
  0x66, 0x65, 0x1c, 0x4c, 0xd2, 0xac, 0x87, 0x50, 0x54, 0x55, 0x31, 0x40, 0x54, 0xa0, 0xbe, 0x15,
  0x0f, 0xaa, 0xbf, 0x9f, 0x09, 0x01, 0xa2, 0x22, 0x85, 0x6c, 0xed, 0x57, 0x84, 0x06, 0x49, 0xe3,
  0x44, 0xe9, 0xf0, 0x1a, 0x1c, 0x57, 0x43, 0xc5, 0x8a, 0xd2, 0x81, 0x37, 0x64, 0x38, 0x0d, 0x15,
  0xc7, 0x2b, 0xc6, 0x15, 0x77, 0x1c, 0xce, 0xc6, 0xa9, 0x98, 0x4f, 0x9f, 0x28, 0x00, 0x0d, 0x07,
  0x5e, 0x38, 0x10, 0x01, 0x33, 0x9f, 0x23, 0xf7, 0xc0, 0x25, 0x18, 0x15, 0xf6, 0x48, 0xd1, 0x25,
  0x21, 0x69, 0x58, 0x5a, 0x8e, 0x1e, 0x37, 0xe4, 0xf8, 0x53, 0x83, 0x1b, 0x7a, 0xb5, 0xe6, 0x77,
  0xe4, 0xcc, 0xe9, 0xe6, 0x80, 0x2e, 0x0c, 0x37, 0x69, 0x61, 0xe9, 0xc2, 0x50, 0x3a, 0xb2, 0x18,
  0x47, 0x98, 0xab, 0x2e, 0xc5, 0xa1, 0xf7, 0x50, 0x68, 0x4a, 0xcf, 0x55, 0x67, 0x39, 0x67, 0x66,
  0x9c, 0xb2, 0x28, 0xe6, 0x9b, 0x97, 0xd1, 0x54, 0x2f, 0xa5, 0x12, 0x32, 0xb9, 0x4e, 0xe9, 0x8d,
  0x1e, 0x2c, 0xc2, 0x54, 0xb1, 0x5c, 0x28, 0x8d, 0x9c, 0x91, 0x26, 0xe5, 0x03, 0x0b, 0x7a, 0x1d,
  0x84, 0x66, 0x91, 0x5c, 0xf3, 0x06, 0x88, 0xd9, 0x94, 0x03, 0x97, 0x43, 0x1f, 0xaa, 0xc8, 0x67,
  0x35, 0xb3, 0xbe, 0x03, 0x97, 0xbf, 0x1c, 0x5a, 0x21, 0x51, 0x14, 0xbc, 0xae, 0x8a, 0x87, 0xe7,
  0x60, 0x49, 0x37, 0x2c, 0x88, 0xdc, 0xf6, 0x61, 0xc0, 0xa1, 0xa5, 0x44, 0x5c, 0x22, 0xfd, 0x78,
  0x50, 0xda, 0x4c, 0xdb, 0x18, 0x3d, 0x70, 0xef, 0x60, 0x07, 0x52, 0x08, 0x45, 0x44, 0xb1, 0x12,
  0x25, 0x4d, 0xcb, 0xd4, 0x2c, 0x98, 0x33, 0x5a, 0x55, 0xa8, 0x2e, 0x51, 0x8c, 0x8d, 0xd7, 0x0c,
  0xbc, 0x34, 0x68, 0x6d, 0x40, 0x31, 0x37, 0x32, 0x90, 0xda, 0xda, 0xb5, 0x61, 0x35, 0x41, 0x1d,
  0x1e, 0x5e, 0xb7, 0x6e, 0x93, 0xcd, 0x8a, 0x4a, 0xd8, 0x4d, 0x3f, 0x35, 0xb5, 0x74, 0xe3, 0x40,
  0x76, 0x19, 0x02, 0x5d, 0x8d, 0x80, 0xdd, 0x1c, 0x84, 0xf3, 0x05, 0x3d, 0x13, 0x7e, 0x5b, 0x97,
  0x3c, 0x3b, 0x05, 0x2d, 0x90, 0x86, 0xb7, 0x3d, 0x38, 0x64, 0x3a, 0x70, 0xdd, 0x2c, 0x04, 0x0b,
  0x4a, 0x41, 0xd3, 0x72, 0x38, 0xb0, 0x54, 0xc4, 0xf0, 0x24, 0x14, 0xdd, 0xbc, 0x77, 0xbe, 0x39,
  0x66, 0x96, 0x94, 0x9b, 0xdb, 0x10, 0x19, 0x4e, 0xa6, 0x48, 0x2a, 0xc2, 0x0f, 0x5c, 0x25, 0x84,
  0x1a, 0x14, 0x36, 0x2b, 0xfd, 0x12, 0x61, 0x17, 0x29, 0x7a, 0x99, 0x68, 0x04, 0x89, 0x1f, 0x5d,
  0x3f, 0x8b, 0x9e, 0x5c, 0xd5, 0x9c, 0x6a, 0xd7, 0xaa, 0x00, 0xbf, 0xa3, 0xc2, 0x13, 0xcc, 0x3d,
  0x44, 0x92, 0x8f, 0x43, 0x7a, 0xd9, 0x53, 0xaf, 0x3a, 0x8a, 0x66, 0x29, 0x46, 0x9c, 0x80, 0x25,
  0xac, 0x04, 0x3d, 0x38, 0x30, 0x87, 0x5e, 0x30, 0xb0, 0x98, 0xfb, 0x22, 0x40, 0x1a, 0x4c, 0x59,
  0x2b, 0x8f, 0x67, 0xb8, 0x5b, 0xe7, 0x56, 0xd8, 0x39, 0x42, 0xe6, 0x80, 0x5b, 0x20, 0xad, 0x54,
  0x8e, 0x48, 0x73, 0x58, 0x10, 0x39, 0x88, 0xf4, 0x36, 0x84, 0xeb, 0x41, 0x04, 0xb8, 0x83, 0x49,
  0x26, 0xe2, 0xb5, 0x0d, 0x6e, 0xee, 0x9d, 0xcb, 0x3b, 0x58, 0x5a, 0x08, 0x64, 0x66, 0xc7, 0x5d,
  0x33, 0x35, 0x19, 0xd3, 0x06, 0xbd, 0x38, 0x15, 0x86, 0x63, 0x4d, 0x1a, 0x90, 0x4a, 0x93, 0x61,
  0x76, 0x52, 0xe8, 0x04, 0xc4, 0x39, 0xc8, 0xd8, 0xb1, 0xe6, 0xc1, 0x0e, 0xd3, 0x88, 0x25, 0x87,
  0x89, 0xd0, 0xa4, 0x46, 0xf8, 0x48, 0xeb, 0x2c, 0x92, 0x69, 0x9a, 0xb3, 0xf5, 0x98, 0x06, 0xdd,
  0x14, 0x63, 0xb7, 0x2f, 0xca, 0x7b, 0xa2, 0xee, 0xe6, 0x0c, 0x2f, 0x41, 0xd5, 0xd0, 0x25, 0xeb,
  0xa8, 0xdb, 0xbd, 0x13, 0x7c, 0x1d, 0x04, 0x10, 0x19, 0x18, 0x63, 0x01, 0x7e, 0x8f, 0x53, 0x79,
  0xfe, 0x1c, 0x11, 0xe9, 0xc4, 0x6a, 0x47, 0xd6, 0x92, 0x11, 0x10, 0xec, 0xd2, 0xb7, 0xdb, 0x91,
  0xd5, 0xaf, 0xa6, 0x9c, 0x43, 0xa0, 0xd5, 0xac, 0x85, 0x51, 0x52, 0xaa, 0x44, 0x2b, 0xaf, 0xa5,
  0x91, 0xad, 0x8e, 0xda, 0x93, 0xcd, 0x99, 0x2c, 0x48, 0x3f, 0xe0, 0xc9, 0x55, 0x32, 0x5e, 0x9c,
  0x82, 0x3a, 0x9c, 0xda, 0x1c, 0xcb, 0xd8, 0xc9, 0x84, 0x0c, 0x12, 0xec, 0x86, 0xfd, 0xf0, 0x20,
  0xd5, 0x9e, 0x18, 0x9f, 0x3c, 0xcd, 0xa4, 0x85, 0xb0, 0x3e, 0xb9, 0x4a, 0x4d, 0x8a, 0x55, 0xe6,
  0x84, 0x4d, 0x1f, 0x25, 0x07, 0x4a, 0x49, 0xc3, 0x00, 0xff, 0x1c, 0xaa, 0x10, 0x6a, 0x10, 0x44,
  0x2d, 0xb6, 0x44, 0xbb, 0xcc, 0xd9, 0x84, 0xbd, 0xb1, 0x38, 0x30, 0x9d, 0xf2, 0x2f, 0x28, 0x64,
  0xeb, 0xdc, 0xbf, 0xd5, 0x8b, 0x2b, 0x10, 0x6a, 0x02, 0x75, 0x2d, 0xe9, 0x89, 0x1c, 0x93, 0x80,
  0x62, 0x01, 0x25, 0x40, 0xbc, 0x6c, 0xdc, 0x5d, 0x6b, 0x4b, 0x00, 0x8e, 0x0a, 0xf1, 0xc0, 0xb2,
  0x94, 0xd4, 0x66, 0x49, 0x63, 0x29, 0xfd, 0x8d, 0xd6, 0xd9, 0x05, 0xe9, 0x7d, 0x50, 0x35, 0x87,
  0xff, 0xfd, 0x34, 0x5e, 0xcc, 0xe8, 0x49, 0x6e, 0x7a, 0xb9, 0x37, 0x57, 0x97, 0x78, 0x53, 0x04,
  0xbb, 0x97, 0xd8, 0x6e, 0xa3, 0x35, 0xb6, 0x90, 0xbe, 0xfa, 0x97, 0xb6, 0xfa, 0xa0, 0x4b, 0x16,
  0xe3, 0x84, 0x5c, 0x25, 0xaa, 0x5a, 0x44, 0x38, 0x09, 0x13, 0x6e, 0x8b, 0x96, 0x13, 0xa0, 0x53,
  0xa2, 0xa5, 0x43, 0x38, 0xfc, 0xda, 0xa7, 0x04, 0x11, 0xd4, 0xf4, 0xdd, 0x88, 0x9b, 0xc7, 0x2b,
  0xff, 0xe1, 0xd7, 0x67, 0xfd, 0x96, 0x6d, 0x2e, 0xdf, 0x70, 0x58, 0x07, 0x00, 0xc7, 0x08, 0x76,
  0x1a, 0xe0, 0x92, 0x09, 0x80, 0x34, 0xf9, 0xe8, 0x02, 0xaf, 0x90, 0x35, 0x06, 0x08, 0x00, 0x10,
  0x57, 0x55, 0x81, 0xd0, 0xd2, 0x51, 0x80, 0x0c, 0x03, 0xea, 0xd7, 0xfb, 0xb3, 0xe3, 0x17, 0xd1,
  0x64, 0x06, 0xfb, 0x68, 0x2a, 0x23, 0x42, 0xcb, 0xf5, 0x62, 0xed, 0xd3, 0x62, 0x8a, 0x43, 0x08,
  0x90, 0x84, 0xf7, 0xc2, 0xb5, 0xe7, 0x89, 0x9e, 0x09, 0x97, 0x82, 0xb0, 0x3d, 0x05, 0xd9, 0xa5,
  0x64, 0x44, 0x7a, 0x5c, 0x13, 0x30, 0x9e, 0x94, 0x64, 0x79, 0x1a, 0x87, 0x53, 0x16, 0xb8, 0xd4,
  0x8d, 0x86, 0xd8, 0xef, 0xcb, 0x51, 0xda, 0xd5, 0x81, 0xab, 0x05, 0x32, 0x8b, 0xbf, 0x0c, 0xe0,
  0x57, 0xf0, 0xe0, 0x8a, 0x77, 0xf1, 0x32, 0x67, 0xaa, 0xb4, 0xb7, 0x2a, 0xb2, 0x5f, 0x04, 0xcc,
  0x6d, 0x2b, 0x99, 0xf9, 0x0d, 0x78, 0xc9, 0x65, 0x5c, 0x35, 0x49, 0xaa, 0xba, 0x2f, 0xdf, 0x0e,
  0xcc, 0x95, 0xe3, 0x8c, 0x82, 0x02, 0x43, 0xfd, 0xbc, 0x60, 0xae, 0x88, 0xdc, 0x81, 0x43, 0xb7,
  0xb3, 0x85, 0x2e, 0xed, 0x37, 0x08, 0x73, 0x25, 0x75, 0x7e, 0x83, 0x6d, 0x95, 0xd2, 0xe2, 0xf4,
  0x3c, 0x61, 0xc9, 0x4a, 0xb3, 0x02, 0x27, 0x16, 0xa1, 0x59, 0x8c, 0x05, 0xc1, 0xff, 0x11, 0xe5,
  0x54, 0x3e, 0x80, 0xb8, 0x6e, 0x0d, 0x04, 0x5f, 0x8e, 0x5c, 0x45, 0xfa, 0xf7, 0xb4, 0x3f, 0x11,
  0x6e, 0xc7, 0x33, 0xff, 0xd6, 0xdc, 0x1b, 0xb6, 0x37, 0x00, 0x91, 0xdf, 0x98, 0xc4, 0x0a, 0x1b,
  0xa2, 0xaf, 0x32, 0xeb, 0x65, 0x83, 0xb1, 0x4b, 0x34, 0x10, 0xc4, 0xf2, 0xd7, 0x7e, 0xcb, 0x53,
  0x12, 0x98, 0x52, 0x8e, 0x21, 0x5b, 0xe7, 0xf4, 0x88, 0x14, 0x5c, 0x74, 0x02, 0xa0, 0x57, 0xee,
  0x37, 0xca, 0xf2, 0x9a, 0xf6, 0x89, 0xca, 0x35, 0x7b, 0x86, 0xbb, 0x8a, 0x56, 0x10, 0x39, 0x0b,
  0xdb, 0x4d, 0xb9, 0xaa, 0x08, 0x3e, 0xb5, 0xb0, 0x5d, 0x93, 0x9b, 0x8a, 0x40, 0x4d, 0x13, 0xdb,
  0xcd, 0x71, 0xd1, 0x9a, 0xcb, 0x99, 0xb5, 0xb8, 0xa7, 0x7c, 0x25, 0xfe, 0x3d, 0x9c, 0x52, 0xb8,
  0xca, 0xce, 0x70, 0x45, 0xdd, 0x1e, 0xab, 0x2e, 0x94, 0xe9, 0x35, 0x9d, 0xa9, 0xad, 0x3d, 0xae,
  0x17, 0x9c, 0x9b, 0xb3, 0xbd, 0xd9, 0xdf, 0xbe, 0xb5, 0x1f, 0x7b, 0xde, 0xbf, 0xe0, 0xc1, 0xb3,
  0x56, 0x3e, 0x9a, 0x60, 0x4e, 0x33, 0xc5, 0xd3, 0x10, 0xab, 0x0d, 0xed, 0xb4, 0x11, 0xee, 0xe5,
  0xfe, 0x87, 0x0f, 0x6e, 0x94, 0x71, 0xe8, 0x4b, 0xc0, 0xa6, 0x9d, 0xfe, 0xb1, 0x8e, 0xa7, 0x66,
  0x95, 0x9b, 0x5f, 0x81, 0xc8, 0x04, 0xca, 0x1b, 0xa6, 0x5e, 0x7f, 0x95, 0xab, 0x93, 0x28, 0xff,
  0x32, 0xb3, 0x0d, 0xa0, 0x80, 0xec, 0x74, 0x0b, 0x92, 0xf7, 0x03, 0x72, 0x70, 0x48, 0x25, 0xa8,
  0x58, 0x6d, 0x18, 0x28, 0x00, 0x99, 0x40, 0x79, 0x36, 0x4d, 0x53, 0x10, 0x3b, 0xfd, 0xe3, 0x47,
  0x35, 0x23, 0x94, 0xab, 0x3d, 0x1c, 0x23, 0x8f, 0xbc, 0xb3, 0x3c, 0xf3, 0xc8, 0xa8, 0x2d, 0xf3,
  0x8d, 0x2a, 0xa1, 0xcf, 0x3b, 0x59, 0xc2, 0x12, 0xd6, 0x65, 0x3e, 0x8b, 0xed, 0xb3, 0xfe, 0xcf,
  0x4b, 0xd8, 0x35, 0x59, 0xb5, 0x63, 0x22, 0x84, 0x2b, 0xf7, 0xb3, 0x27, 0x2d, 0xf5, 0x6f, 0xb6,
  0xa9, 0x4e, 0x9d, 0x31, 0x47, 0x10, 0xcb, 0xb6, 0x2f, 0x61, 0x70, 0x9b, 0x46, 0x84, 0x17, 0x3d,
  0xea, 0x97, 0x4d, 0x5c, 0x92, 0x18, 0x39, 0xc9, 0x32, 0x48, 0x23, 0x6c, 0x16, 0xa4, 0xcb, 0x63,
  0xe0, 0xd5, 0xcc, 0x93, 0x39, 0xc1, 0x6a, 0xc2, 0x69, 0xcd, 0x54, 0x54, 0x75, 0x4e, 0xfd, 0x78,
  0xeb, 0x6a, 0xa8, 0xfe, 0x9a, 0xc2, 0xa6, 0xb0, 0xc7, 0xa9, 0xf6, 0xf2, 0x56, 0x6a, 0xb6, 0xfe,
  0x2a, 0x29, 0x55, 0x58, 0x83, 0xa9, 0xec, 0xbc, 0x35, 0x54, 0x61, 0x7f, 0xb5, 0x80, 0x2b, 0xac,
  0x27, 0xa7, 0x1a, 0xbd, 0x75, 0xb5, 0x67, 0x7f, 0x4d, 0x01, 0xb9, 0xa2, 0x5a, 0x56, 0x70, 0xde,
  0x7a, 0xea, 0xb5, 0xff, 0x43, 0xc4, 0x6b, 0x61, 0x83, 0x52, 0x65, 0xeb, 0xad, 0x54, 0xc4, 0xfd,
  0x3f, 0x21, 0x97, 0x0b, 0x2b, 0xd7, 0xaa, 0xd9, 0x5b, 0xa5, 0xb5, 0x15, 0xd1, 0xbf, 0x53, 0x9c,
  0xe3, 0x69, 0x87, 0x32, 0x01, 0x90, 0x3f, 0xcb, 0x65, 0x40, 0xbd, 0xc4, 0x9e, 0x7b, 0x2a, 0xe8,
  0x69, 0x73, 0xa1, 0x50, 0x96, 0x3f, 0xe4, 0x50, 0xc8, 0x5e, 0xc5, 0x94, 0xd2, 0x4f, 0x73, 0x14,
  0x96, 0x37, 0xd7, 0x30, 0x19, 0x55, 0x50, 0x84, 0x5a, 0x4e, 0xa2, 0x2c, 0x4e, 0x59, 0xa2, 0x08,
  0x99, 0xd6, 0x1c, 0x45, 0xe8, 0xf4, 0x6c, 0xc9, 0x22, 0xd4, 0xa5, 0x8a, 0x50, 0xda, 0x7a, 0xa6,
  0x08, 0xaf, 0x3d, 0x27, 0xb2, 0xc8, 0xed, 0xf2, 0xba, 0x86, 0x8c, 0x7b, 0xf6, 0x9c, 0x4f, 0xa8,
  0xf6, 0x8b, 0x94, 0xd6, 0xc1, 0x41, 0x51, 0x2a, 0xc6, 0x75, 0x04, 0x3f, 0x10, 0x7c, 0x82, 0x85,
  0xd9, 0x87, 0xb4, 0xa5, 0x51, 0x9c, 0x85, 0x40, 0xfb, 0x63, 0xea, 0x60, 0xa6, 0xee, 0xca, 0x9e,
  0xa1, 0x58, 0xd9, 0xa4, 0x90, 0xdd, 0xcd, 0x60, 0xf3, 0xaa, 0x2c, 0xe5, 0x9e, 0x3a, 0x6a, 0xfa,
  0xb0, 0x52, 0xc4, 0x64, 0x3c, 0x07, 0x15, 0x4d, 0x2b, 0xa8, 0xc4, 0xd8, 0xc2, 0xc8, 0xd0, 0x56,
  0xea, 0xfb, 0x94, 0x38, 0x32, 0xa1, 0x80, 0xa2, 0x32, 0x27, 0x43, 0x4c, 0x99, 0xaa, 0xe8, 0x98,
  0x56, 0x51, 0x44, 0x42, 0x29, 0x26, 0x56, 0x50, 0x2f, 0xc5, 0xe1, 0x95, 0xac, 0x02, 0xaa, 0x69,
  0x56, 0xe0, 0x68, 0x29, 0x6e, 0x86, 0x8d, 0xd5, 0xe4, 0xf3, 0x91, 0x7d, 0x76, 0xa2, 0xa8, 0x2f,
  0x99, 0xe3, 0x15, 0x59, 0x4e, 0xcf, 0x60, 0x30, 0x27, 0x53, 0x26, 0x72, 0xb6, 0x2c, 0x30, 0x30,
  0x4e, 0x66, 0x64, 0xda, 0x6b, 0x1e, 0xda, 0xe8, 0x17, 0xc1, 0xab, 0xd7, 0xab, 0xdc, 0x94, 0x32,
  0xf2, 0x90, 0x4b, 0x11, 0x34, 0x9d, 0x65, 0x88, 0xb9, 0xb5, 0xee, 0xa6, 0xf5, 0xe4, 0x25, 0x42,
  0x6c, 0x9d, 0x15, 0x29, 0x1c, 0x74, 0x0b, 0x42, 0x6f, 0xa0, 0x14, 0x23, 0xb0, 0x70, 0xdb, 0x96,
  0xa6, 0xc4, 0xbd, 0x4c, 0x17, 0x80, 0x58, 0x95, 0xa9, 0xa8, 0xff, 0x85, 0x25, 0x4a, 0x97, 0x7c,
  0xc8, 0x12, 0x2b, 0xbe, 0x37, 0x31, 0x16, 0x7c, 0x65, 0xaa, 0xa4, 0x6f, 0xe8, 0x1d, 0xf1, 0x13,
  0x44, 0xde, 0x79, 0xd2, 0x6a, 0x89, 0x2f, 0x0e, 0x88, 0x2a, 0xd1, 0x6d, 0xb3, 0xbe, 0x81, 0x29,
  0x5a, 0x20, 0x63, 0xc5, 0xd6, 0x02, 0x9d, 0xa3, 0x2c, 0xdf, 0x6a, 0x92, 0xcf, 0xc6, 0x59, 0x00,
  0x79, 0x0f, 0x79, 0xbf, 0xd1, 0xee, 0x95, 0xed, 0xe4, 0x88, 0x23, 0xd4, 0x69, 0x6e, 0xf6, 0x64,
  0x8f, 0xc8, 0x2f, 0xb1, 0x36, 0x2b, 0xd5, 0xa1, 0xb0, 0x88, 0xf9, 0x21, 0x25, 0xf2, 0x05, 0x49,
  0xa7, 0x15, 0xd6, 0xde, 0x95, 0x26, 0xb0, 0x2d, 0xda, 0xb5, 0xa5, 0x5d, 0xea, 0xee, 0xeb, 0x55,
  0xab, 0xe1, 0x9e, 0x7d, 0x60, 0xb6, 0x57, 0xb6, 0x9f, 0xdc, 0x13, 0xcf, 0xe4, 0xb9, 0x1a, 0x11,
  0x6d, 0xaa, 0x5e, 0xd1, 0x5b, 0xf0, 0x70, 0xe3, 0xc1, 0x29, 0x87, 0x26, 0x86, 0x57, 0x11, 0xde,
  0x5e, 0xe7, 0x27, 0xb0, 0xa4, 0xe3, 0x4a, 0x6c, 0x21, 0x2c, 0xb3, 0x45, 0xb5, 0x27, 0x8f, 0xf3,
  0xbb, 0x78, 0xae, 0x83, 0x7f, 0x34, 0xd5, 0x1b, 0x7c, 0xea, 0xa1, 0xab, 0xfb, 0x95, 0xe4, 0xd3,
  0x56, 0x7d, 0x4a, 0xc0, 0xb2, 0xb5, 0x87, 0xed, 0xa0, 0x12, 0x47, 0x9b, 0x8a, 0xcd, 0x87, 0x9c,
  0xab, 0xcc, 0xce, 0x27, 0x5f, 0xe7, 0x3c, 0xc0, 0xc9, 0xdc, 0x39, 0x07, 0x46, 0x32, 0x11, 0x65,
  0xb4, 0x70, 0x0e, 0x91, 0x9d, 0x9f, 0x41, 0xf4, 0xff, 0x68, 0x9c, 0x7c, 0xac, 0xf5, 0x62, 0xac,
  0x8e, 0xe8, 0xf2, 0x04, 0x6e, 0x26, 0x54, 0x8e, 0x98, 0xa0, 0x99, 0xed, 0x18, 0x5c, 0x63, 0xcc,
  0x32, 0x2f, 0xce, 0x91, 0x3b, 0xe7, 0x85, 0x3c, 0xa1, 0x66, 0x60, 0xb2, 0x46, 0x4d, 0x9e, 0x60,
  0x93, 0x8f, 0xc0, 0xc9, 0x97, 0xdd, 0xd4, 0x53, 0x75, 0xee, 0xb6, 0x3f, 0x0b, 0xb7, 0xbf, 0xb4,
  0xb7, 0xc5, 0x41, 0x5a, 0x18, 0xb8, 0x4d, 0x7a, 0x3d, 0x4e, 0x9c, 0x5a, 0x55, 0x0f, 0x41, 0xe2,
  0x81, 0x03, 0xfd, 0x45, 0xef, 0xd5, 0x49, 0x8c, 0xfc, 0x5e, 0xdd, 0x3f, 0xd3, 0x02, 0xf8, 0xd1,
  0xca, 0xb2, 0x44, 0x92, 0x6c, 0x30, 0xe0, 0xd8, 0xef, 0xa6, 0x51, 0xc3, 0x16, 0x15, 0x8f, 0x3a,
  0xae, 0xa9, 0x80, 0xc7, 0x66, 0xd5, 0x73, 0x93, 0x19, 0x14, 0x45, 0xee, 0x50, 0x4b, 0x94, 0x0e,
  0xb8, 0xc4, 0xb5, 0xd1, 0x70, 0xc7, 0xb8, 0xb2, 0x63, 0xf6, 0xe0, 0x84, 0xb7, 0x72, 0xff, 0x5b,
  0xcc, 0x51, 0xc1, 0xb6, 0x44, 0x00, 0x3d, 0x4f, 0x4b, 0xa7, 0xe3, 0x9d, 0x73, 0xb5, 0xc0, 0x06,
  0x2a, 0x7e, 0xae, 0x31, 0x30, 0x02, 0xd4, 0x1a, 0x9a, 0x8d, 0xc6, 0x04, 0x46, 0x27, 0x5c, 0xf8,
  0xd7, 0xbc, 0x4b, 0x9c, 0x7a, 0x69, 0xe8, 0x6b, 0xc5, 0x8c, 0x63, 0x18, 0x63, 0xc2, 0xe5, 0x37,
  0x9d, 0xc5, 0x9b, 0x2a, 0xbd, 0xfc, 0x73, 0x68, 0xbd, 0xa2, 0xe7, 0x94, 0x7a, 0xd9, 0xf7, 0x63,
  0x4a, 0xf9, 0xba, 0x44, 0x8e, 0x28, 0xd7, 0x6f, 0x3a, 0xf3, 0x37, 0x14, 0x19, 0xff, 0xc5, 0xc4,
  0x41, 0x46, 0xec, 0x6f, 0x2c, 0x1d, 0xbe, 0xeb, 0xc1, 0x9a, 0x8a, 0x27, 0x7a, 0x6a, 0x35, 0xf3,
  0x2d, 0x29, 0x91, 0xf9, 0xf7, 0x76, 0x8b, 0x8a, 0xc1, 0x56, 0x4b, 0xdf, 0x1f, 0x6d, 0x17, 0x61,
  0xe9, 0x54, 0xa2, 0xe9, 0x14, 0xe3, 0x29, 0x66, 0x04, 0xba, 0x40, 0x54, 0x13, 0xb7, 0xdf, 0xe8,
  0xa6, 0x51, 0xe6, 0xd2, 0x55, 0x35, 0x4f, 0x88, 0x02, 0x9e, 0x7c, 0x35, 0xb4, 0x58, 0x82, 0x69,
  0x46, 0x4b, 0xa5, 0x96, 0xda, 0xcd, 0xca, 0x9c, 0xcc, 0xa6, 0x21, 0x97, 0x1b, 0x6f, 0x98, 0x9c,
  0x49, 0x44, 0x0b, 0x04, 0x3a, 0xa3, 0xff, 0xee, 0x16, 0xc7, 0x59, 0x22, 0xbc, 0xfc, 0x95, 0xdc,
  0x35, 0xa9, 0x09, 0x6a, 0x07, 0x3a, 0x7f, 0xc4, 0xdc, 0xf3, 0x4a, 0xf6, 0xf2, 0xcb, 0xd6, 0x73,
  0x65, 0x5b, 0xff, 0x65, 0x7e, 0xaa, 0x8d, 0x9b, 0xa7, 0xce, 0xbb, 0x5b, 0x2d, 0x5b, 0xb1, 0xc8,
  0x2c, 0xd8, 0x60, 0xcf, 0xae, 0x2e, 0xad, 0x93, 0x1c, 0xd9, 0xf3, 0x1e, 0x39, 0x0d, 0xae, 0x76,
  0x82, 0xc4, 0x0e, 0xac, 0xd8, 0x79, 0x2f, 0xd9, 0xcd, 0x94, 0xb9, 0x62, 0xb5, 0x86, 0x13, 0x38,
  0xf4, 0xa2, 0x5d, 0xb5, 0x40, 0xa8, 0x2f, 0xb1, 0x2c, 0xba, 0x8e, 0x86, 0x5d, 0xf7, 0xf4, 0xdd,
  0xf9, 0x05, 0x1d, 0x80, 0x1a, 0xde, 0x75, 0xff, 0xe7, 0xf9, 0xbb, 0xb7, 0x4d, 0xb1, 0x82, 0x0b,
  0x47, 0x77, 0xfa, 0x04, 0x4a, 0x5d, 0x3e, 0x68, 0xdb, 0x5d, 0xe7, 0x41, 0x5b, 0x55, 0x31, 0x88,
  0x8b, 0x13, 0x65, 0x01, 0xad, 0x17, 0x6a, 0x1f, 0x4c, 0xd1, 0x55, 0xb7, 0x85, 0xf1, 0x47, 0xad,
  0x23, 0x04, 0xc0, 0x62, 0xee, 0x6b, 0x26, 0xc4, 0xe3, 0x47, 0x38, 0x55, 0x80, 0x67, 0x9c, 0x58,
  0x85, 0x3a, 0x74, 0x53, 0xc6, 0x11, 0x6e, 0xa4, 0x4a, 0x9d, 0x21, 0x10, 0x7d, 0x87, 0xa5, 0xc6,
  0xea, 0x4d, 0x5e, 0xb0, 0x2b, 0x64, 0xfd, 0xa5, 0x12, 0x13, 0xe9, 0x7d, 0x97, 0x62, 0x01, 0x83,
  0xdd, 0x27, 0x39, 0xab, 0x8b, 0x20, 0xb3, 0x52, 0x25, 0x85, 0xee, 0x54, 0x81, 0x77, 0x52, 0x78,
  0xe3, 0x15, 0xab, 0xb8, 0x4b, 0x8f, 0x5b, 0xa5, 0x6f, 0x5d, 0x7d, 0xbc, 0xaf, 0x18, 0x7a, 0xea,
  0xd9, 0x3f, 0x75, 0xec, 0x73, 0x02, 0xb5, 0xaf, 0xe6, 0x85, 0x4a, 0xe8, 0x15, 0x0a, 0xd0, 0xbe,
  0xb9, 0xf4, 0x95, 0x25, 0x54, 0x36, 0x9c, 0xae, 0x5e, 0xaf, 0x58, 0x5e, 0x56, 0x15, 0xeb, 0x70,
  0xb9, 0xdc, 0x13, 0xea, 0xd5, 0xaf, 0x91, 0xa5, 0x2c, 0x44, 0x59, 0x0e, 0x1d, 0x5d, 0x21, 0x1e,
  0xf4, 0x07, 0x83, 0x60, 0x86, 0xe3, 0x18, 0x8a, 0xef, 0x48, 0x11, 0x5d, 0xe0, 0x2a, 0x29, 0x5d,
  0x15, 0x33, 0xf9, 0xb9, 0xbe, 0x83, 0xe5, 0x7a, 0x19, 0x53, 0x32, 0xc6, 0xcd, 0xb9, 0x72, 0xce,
  0xa7, 0x96, 0xc4, 0x9a, 0x5f, 0x72, 0x65, 0xc9, 0x00, 0x0b, 0xc8, 0xec, 0xf8, 0xde, 0xeb, 0x5e,
  0x9d, 0x71, 0xbe, 0x13, 0xe3, 0x40, 0xd0, 0x70, 0x31, 0x4e, 0x7b, 0x53, 0xd8, 0x60, 0x09, 0xfc,
  0x3d, 0xed, 0x05, 0x71, 0x5e, 0x47, 0x93, 0xe0, 0x26, 0xc4, 0x95, 0x9c, 0x90, 0x38, 0x4a, 0x6e,
  0x3c, 0x3d, 0x64, 0xe1, 0x33, 0x9f, 0xd0, 0xe9, 0x48, 0x9c, 0x10, 0x09, 0x1c, 0x82, 0xfa, 0x5b,
  0x28, 0x62, 0xc9, 0x12, 0x98, 0x39, 0xc5, 0x11, 0xd1, 0x7e, 0x12, 0xcd, 0xef, 0xa4, 0x08, 0xa0,
  0xb6, 0x1c, 0xe8, 0xb7, 0x9a, 0x7b, 0x15, 0x44, 0xb8, 0x16, 0x35, 0x37, 0xb8, 0x19, 0xe5, 0xb4,
  0xc8, 0x55, 0xcd, 0xf0, 0x6b, 0xd2, 0x46, 0x15, 0x16, 0x65, 0xbe, 0x93, 0x44, 0x7a, 0x44, 0x2d,
  0xca, 0x9c, 0x31, 0xca, 0x81, 0x25, 0x0b, 0x71, 0xeb, 0x7e, 0x18, 0x8c, 0x7c, 0x1c, 0x41, 0x89,
  0x37, 0x26, 0xc7, 0xc8, 0xa7, 0x9b, 0x84, 0x77, 0xab, 0xc8, 0xf1, 0x4a, 0x80, 0x6d, 0x44, 0x05,
  0xbb, 0xcc, 0xe6, 0x54, 0xa0, 0x4e, 0xf0, 0x29, 0x86, 0xcc, 0xbb, 0xda, 0x85, 0x2f, 0xf2, 0x19,
  0xf7, 0xbd, 0xce, 0xd3, 0x07, 0xb7, 0xe9, 0xb3, 0xa1, 0xe3, 0xca, 0xf1, 0x69, 0x43, 0x95, 0x4f,
  0x57, 0x71, 0xd5, 0x6f, 0x69, 0x75, 0x7d, 0x06, 0x51, 0x66, 0x07, 0x7c, 0x65, 0xec, 0xe7, 0xa5,
  0x79, 0x0b, 0x0b, 0x8f, 0xf7, 0x18, 0xc0, 0x78, 0xbf, 0xf9, 0x9a, 0x1e, 0x86, 0x15, 0x0f, 0x38,
  0xcb, 0xe3, 0x62, 0x58, 0xb6, 0x04, 0xe2, 0x36, 0xbb, 0x89, 0x12, 0xf6, 0x6c, 0x8a, 0x93, 0x6f,
  0x00, 0x53, 0x23, 0x04, 0x30, 0xae, 0x12, 0x62, 0xb3, 0x99, 0xc2, 0x2e, 0xf0, 0x8d, 0xb1, 0x19,
  0x24, 0x15, 0x5d, 0x89, 0xb9, 0x37, 0xd2, 0x62, 0xbc, 0xf2, 0x39, 0xb8, 0xc6, 0x3e, 0xb3, 0x4e,
  0xb9, 0x86, 0x34, 0xe9, 0x8b, 0xf2, 0xf7, 0xf7, 0x39, 0xdd, 0xa2, 0x5b, 0x56, 0x21, 0xc4, 0x7a,
  0xe9, 0x6b, 0x8e, 0xc3, 0xe1, 0xd1, 0x17, 0xfc, 0x38, 0xa1, 0x58, 0x21, 0x38, 0xc7, 0x8d, 0x5b,
  0x10, 0x5c, 0x1a, 0x67, 0x5b, 0x29, 0x19, 0x7d, 0xa3, 0x6d, 0x34, 0xfa, 0xd9, 0x14, 0x35, 0x3e,
  0x7a, 0x64, 0x7e, 0x51, 0x80, 0xb4, 0x7e, 0x3f, 0x1f, 0x0f, 0xaa, 0xe4, 0x06, 0xed, 0xba, 0xb8,
  0xcc, 0x68, 0x45, 0xea, 0x8a, 0x0a, 0x0c, 0x51, 0xd6, 0x15, 0xa9, 0xf2, 0x33, 0xcb, 0xca, 0x1b,
  0x92, 0x32, 0x0c, 0xd5, 0xdc, 0x47, 0xe0, 0xe2, 0xac, 0x0d, 0x5a, 0xe1, 0x08, 0xe1, 0x02, 0xf5,
  0xb4, 0xd6, 0xae, 0xaa, 0xed, 0x3e, 0xb3, 0xb8, 0x20, 0xfd, 0x45, 0x14, 0x67, 0x2b, 0xa0, 0xa1,
  0x94, 0xa5, 0xa7, 0x9f, 0xf3, 0x36, 0xad, 0x03, 0x06, 0x24, 0x13, 0xa5, 0xa1, 0x16, 0x58, 0x1a,
  0x2c, 0xb5, 0x9e, 0x7b, 0xf2, 0x41, 0x74, 0x28, 0xa5, 0x3c, 0x58, 0x6a, 0x12, 0xa5, 0xb8, 0xcc,
  0xdb, 0xf7, 0x2b, 0x31, 0x96, 0x00, 0x67, 0xf0, 0x4a, 0x95, 0x90, 0xe6, 0x9b, 0xda, 0x84, 0x21,
  0x6c, 0x79, 0x69, 0x02, 0xe6, 0xc5, 0x38, 0x17, 0xb0, 0x25, 0x4a, 0xa6, 0x80, 0x81, 0x58, 0xd0,
  0xb1, 0xc8, 0x91, 0x6b, 0x51, 0xb4, 0xc8, 0x25, 0x5c, 0x56, 0x5e, 0x1c, 0x05, 0x59, 0x85, 0x41,
  0xb0, 0xa4, 0x8c, 0xc2, 0x40, 0xb4, 0x17, 0xae, 0x30, 0x0b, 0x95, 0x81, 0x83, 0x67, 0xf9, 0x97,
  0x08, 0x67, 0x01, 0x4b, 0x3d, 0x75, 0xf7, 0xe9, 0x18, 0xad, 0x44, 0x52, 0xe6, 0xff, 0xb9, 0xef,
  0x59, 0x26, 0xb1, 0x6d, 0x05, 0xd7, 0x2d, 0x0b, 0x39, 0x5d, 0xe0, 0x21, 0xe2, 0x25, 0xe2, 0x88,
  0x4c, 0x6b, 0x84, 0x5e, 0x4a, 0x5d, 0x79, 0xb1, 0x80, 0x44, 0x29, 0x56, 0x01, 0x53, 0xbe, 0x18,
  0x25, 0xa5, 0xb4, 0xd7, 0x34, 0xc4, 0xb4, 0x2e, 0x70, 0x4e, 0x0f, 0x7f, 0x2f, 0x66, 0xab, 0x04,
  0x34, 0xdb, 0x34, 0x6a, 0x8f, 0xc3, 0x36, 0x6a, 0x3a, 0x62, 0xd3, 0xdb, 0xc8, 0x56, 0x2d, 0xac,
  0x3f, 0xa1, 0x2c, 0x88, 0x76, 0x21, 0xcb, 0x11, 0x7c, 0x08, 0x2f, 0xc6, 0x0f, 0xe6, 0xe1, 0x2c,
  0xd9, 0xa7, 0x9f, 0x64, 0x59, 0xf2, 0x0f, 0x8a, 0xa2, 0xba, 0xff, 0xe0, 0xc1, 0xff, 0x05, 0x63,
  0x7f, 0xb8, 0xf4, 0x8e, 0xe3, 0x00, 0x00,

};
static constexpr size_t APP_HTML_GZ_LEN = sizeof(APP_HTML_GZ);


const uint8_t OTA_HTML_GZ[] PROGMEM =
{
  0x1f, 0x8b, 0x08, 0x00, 0x00, 0x00, 0x00, 0x00, 0x02, 0xff, 0x95, 0x57, 0x6d, 0x73, 0xe3, 0xb6,
  0x11, 0xfe, 0xee, 0x5f, 0x81, 0x48, 0x73, 0x23, 0xa9, 0x21, 0x29, 0x52, 0x96, 0x75, 0x3a, 0x52,
  0xf2, 0x34, 0x69, 0x2f, 0x6d, 0x66, 0xd2, 0xa6, 0x13, 0x5f, 0xfb, 0xa5, 0xd3, 0x99, 0x03, 0x89,
  0xa5, 0x84, 0x9a, 0x04, 0x38, 0x20, 0x68, 0x59, 0x51, 0xfc, 0xdf, 0xb3, 0x0b, 0x88, 0x7a, 0x39,
  0x5f, 0xd2, 0xde, 0x07, 0x53, 0xc4, 0x62, 0x01, 0x3c, 0xfb, 0x3c, 0xbb, 0x4b, 0xf8, 0xe6, 0x66,
  0xf5, 0x95, 0xd0, 0x85, 0xdd, 0x37, 0xc0, 0xb6, 0xb6, 0xae, 0xee, 0x6f, 0x6e, 0x56, 0xf4, 0xcb,
  0x2a, 0xae, 0x36, 0xeb, 0x01, 0xa8, 0x81, 0xb3, 0x00, 0x17, 0xf4, 0x5b, 0x83, 0xe5, 0xac, 0xd8,
  0x72, 0xd3, 0x82, 0x5d, 0x0f, 0x3a, 0x5b, 0x86, 0xcb, 0xc1, 0xc9, 0xae, 0x78, 0x0d, 0xeb, 0xc1,
  0x93, 0x84, 0x5d, 0xa3, 0x8d, 0x1d, 0xb0, 0x42, 0x2b, 0x0b, 0x0a, 0xfd, 0x76, 0x52, 0xd8, 0xed,
  0x5a, 0xc0, 0x93, 0x2c, 0x20, 0x74, 0x83, 0x40, 0x2a, 0x69, 0x25, 0xaf, 0xc2, 0xb6, 0xe0, 0x15,
  0xac, 0x13, 0xb7, 0x89, 0x95, 0xb6, 0x82, 0xfb, 0x1f, 0xfe, 0xca, 0xbe, 0x57, 0xa2, 0x6b, 0xad,
  0xc1, 0x79, 0xf6, 0xaf, 0x05, 0xfb, 0xf1, 0xc3, 0x37, 0xab, 0xa9, 0x9f, 0x43, 0xa7, 0xd6, 0xee,
  0xdd, 0x4b, 0x6a, 0xb4, 0xb6, 0x87, 0x30, 0xcc, 0x37, 0xe9, 0x30, 0x7e, 0x97, 0xdc, 0x26, 0x3c,
  0x0b, 0xc3, 0x86, 0x2b, 0xa8, 0xd2, 0x61, 0x12, 0xcf, 0x16, 0xb7, 0x31, 0x8e, 0xa5, 0x7a, 0x4c,
  0x87, 0x00, 0xe5, 0xbc, 0x5c, 0xe0, 0xa8, 0xee, 0x2c, 0x88, 0x74, 0xf8, 0x2e, 0xe1, 0x3c, 0x9f,
  0xe3, 0xb8, 0x92, 0x0a, 0xd2, 0xe1, 0x4c, 0xdc, 0x2d, 0x17, 0x4b, 0x1c, 0xf2, 0xa2, 0x40, 0xb4,
  0xe9, 0xb0, 0x2c, 0xdf, 0xdd, 0xce, 0x69, 0xb5, 0xc6, 0xc5, 0xcb, 0x02, 0xe2, 0x65, 0x89, 0x03,
  0x81, 0x74, 0x80, 0xa1, 0xd9, 0xb7, 0xf9, 0xdb, 0xfc, 0xe5, 0xe6, 0xe6, 0x0f, 0x87, 0x5c, 0x3f,
  0x87, 0xad, 0xfc, 0x59, 0xaa, 0x4d, 0x9a, 0x6b, 0x23, 0xc0, 0x84, 0x68, 0xc1, 0x19, 0xa2, 0xef,
  0x10, 0xee, 0x20, 0x7f, 0x94, 0x36, 0xb4, 0xf0, 0x6c, 0xc9, 0x0b, 0x42, 0x2e, 0xfe, 0x8b, 0x51,
  0xa5, 0x49, 0x1c, 0xbf, 0x41, 0xa7, 0x5c, 0x8b, 0xfd, 0xa1, 0xe6, 0x66, 0x23, 0x55, 0x1a, 0x67,
  0x25, 0x52, 0x15, 0x96, 0xbc, 0x96, 0xd5, 0x3e, 0x1d, 0x7c, 0x30, 0x90, 0x77, 0xc5, 0x16, 0x2c,
  0xfb, 0xdb, 0xc3, 0x20, 0x18, 0xfc, 0x45, 0x56, 0x15, 0x7b, 0xe0, 0xaa, 0x1d, 0x04, 0x2d, 0x3e,
  0xc3, 0x16, 0x8c, 0x2c, 0xb3, 0x9c, 0x17, 0x8f, 0x1b, 0xa3, 0x3b, 0x25, 0x52, 0xc3, 0x05, 0x51,
  0xb9, 0xa1, 0x5f, 0x8c, 0x60, 0x5c, 0x48, 0x53, 0x54, 0xc0, 0xb8, 0x65, 0x56, 0x37, 0xac, 0x82,
  0xd2, 0x06, 0xc3, 0xd9, 0x7c, 0x5e, 0xdc, 0xbd, 0x63, 0x71, 0x30, 0x8c, 0x97, 0x44, 0x16, 0x9b,
  0xcf, 0xde, 0x4c, 0x02, 0x62, 0x80, 0x9b, 0xf3, 0xca, 0x64, 0x7e, 0x27, 0x60, 0xd3, 0xfb, 0x04,
  0xc3, 0xe4, 0xee, 0x36, 0xbe, 0x2d, 0xd8, 0xdd, 0xf2, 0x0d, 0xee, 0x90, 0xcc, 0x93, 0x79, 0x31,
  0xc9, 0x0a, 0x5d, 0x69, 0x93, 0x3e, 0x71, 0x33, 0x76, 0xfc, 0x4e, 0x32, 0xfd, 0x04, 0xa6, 0xac,
  0xf4, 0x2e, 0x7c, 0x4e, 0xb7, 0x52, 0x08, 0x50, 0x14, 0x5d, 0x67, 0xad, 0x56, 0xa8, 0x72, 0xd3,
  0xd9, 0xa0, 0x85, 0x0a, 0x0a, 0x1b, 0x10, 0x13, 0xdc, 0x00, 0x3f, 0x50, 0xb0, 0xa9, 0x54, 0x5b,
  0x8c, 0xc3, 0xa2, 0x2f, 0x8f, 0x72, 0xab, 0x0e, 0x42, 0xb6, 0x4d, 0xc5, 0xf7, 0x68, 0x27, 0x50,
  0x61, 0x59, 0xc1, 0x73, 0xc6, 0x2b, 0xb9, 0x51, 0xa1, 0xb4, 0x50, 0xb7, 0x29, 0x69, 0x03, 0x26,
  0x23, 0x0a, 0x65, 0xb9, 0x0f, 0x8f, 0xb9, 0xd5, 0x9b, 0x1d, 0xcb, 0x02, 0x0a, 0x6d, 0xb8, 0x95,
  0x5a, 0xa5, 0x4a, 0x2b, 0xc0, 0xad, 0xa3, 0x9d, 0xe1, 0x0d, 0xb2, 0xfc, 0xec, 0xb3, 0x2e, 0x7d,
  0xbb, 0x88, 0x9b, 0xe7, 0xac, 0x67, 0x9d, 0xf1, 0xce, 0xea, 0xac, 0xe1, 0x42, 0x90, 0x84, 0xb3,
  0x59, 0xe3, 0xc4, 0x4b, 0x4e, 0xaa, 0xb0, 0x98, 0x2d, 0xd1, 0xdd, 0x69, 0x43, 0x0a, 0xa6, 0x45,
  0xc5, 0xeb, 0x66, 0x3c, 0x43, 0x63, 0x30, 0x7f, 0xda, 0x05, 0x73, 0xdc, 0x6c, 0xe2, 0x8f, 0xb6,
  0x06, 0x95, 0x29, 0xb5, 0xa9, 0xd3, 0xae, 0x69, 0xc0, 0x14, 0xbc, 0x85, 0xac, 0x02, 0x8b, 0xd0,
  0xc2, 0xb6, 0xe1, 0x05, 0xed, 0x1f, 0xc5, 0x4b, 0xa8, 0x09, 0x53, 0xdb, 0xe5, 0x87, 0x4b, 0x12,
  0x5d, 0x5a, 0x4e, 0x8e, 0xa8, 0x30, 0x85, 0x90, 0xb9, 0x3a, 0x4d, 0xe8, 0xe4, 0x13, 0xb3, 0x14,
  0x46, 0xca, 0xd5, 0x7e, 0x87, 0x9c, 0x41, 0xb6, 0xc3, 0x64, 0x0b, 0x73, 0x64, 0xf2, 0x31, 0x75,
  0xcf, 0x90, 0x0c, 0xb4, 0xb3, 0x4b, 0xff, 0xc3, 0x45, 0x66, 0xbc, 0xd2, 0x77, 0x19, 0x93, 0xbe,
  0x66, 0x93, 0xf3, 0xf1, 0xec, 0xee, 0x2e, 0xe8, 0xff, 0xa2, 0x78, 0x3e, 0xf9, 0x9c, 0x35, 0x99,
  0x4c, 0x32, 0x9f, 0xda, 0x69, 0xd2, 0x3c, 0xb3, 0x56, 0x57, 0x52, 0xb0, 0xcf, 0xf8, 0x2d, 0x7b,
  0xb7, 0x90, 0x4e, 0xea, 0x5a, 0x0f, 0xbf, 0x67, 0x36, 0x59, 0xe0, 0x5a, 0xff, 0x58, 0x9e, 0xe8,
  0x3f, 0x05, 0xba, 0x70, 0xb4, 0x47, 0xa5, 0x84, 0x4a, 0x9c, 0xb2, 0x60, 0x63, 0xa4, 0xc8, 0x36,
  0x18, 0xf4, 0xf2, 0x62, 0x96, 0xb9, 0x74, 0x3a, 0x78, 0x29, 0xa9, 0x8c, 0xce, 0x27, 0xa0, 0x76,
  0x9f, 0x22, 0x70, 0xa6, 0x33, 0x15, 0x94, 0xd3, 0x8b, 0x44, 0xbc, 0x4e, 0xdf, 0x57, 0xf1, 0xf9,
  0x39, 0xa2, 0x0e, 0x45, 0x41, 0xa0, 0x5b, 0x90, 0x9b, 0xad, 0x4d, 0xe7, 0x73, 0x0f, 0x85, 0x17,
  0x94, 0x61, 0xed, 0x09, 0xaa, 0xcb, 0x54, 0x7a, 0x78, 0x95, 0xe8, 0xe1, 0x90, 0x27, 0xe7, 0x54,
  0x0b, 0xb1, 0x0e, 0xd3, 0xe4, 0xb8, 0x9e, 0x92, 0xfd, 0x84, 0x3b, 0x39, 0x32, 0xd3, 0xa3, 0xa0,
  0xbc, 0xfd, 0x1f, 0x81, 0xbc, 0xd2, 0xf4, 0xd6, 0xd5, 0xac, 0x47, 0xed, 0x7b, 0xd8, 0x24, 0xc0,
  0x36, 0x95, 0xcf, 0x16, 0x8b, 0xbe, 0x5a, 0x87, 0xb3, 0x38, 0xb9, 0x8b, 0x73, 0x9f, 0xca, 0x3b,
  0x1f, 0xcf, 0xdb, 0x38, 0xce, 0x8a, 0xce, 0xb4, 0x38, 0xdd, 0x68, 0xf9, 0x9b, 0x55, 0xf4, 0x29,
  0x05, 0x99, 0xd5, 0xd8, 0x9b, 0x42, 0xcf, 0x42, 0x5a, 0x73, 0x25, 0x9b, 0xae, 0x72, 0xee, 0xc7,
  0xe0, 0xa2, 0xcd, 0x56, 0xb7, 0xf6, 0x70, 0x45, 0x7d, 0x9e, 0xf0, 0x59, 0xf2, 0x65, 0xd4, 0xbb,
  0x4a, 0xb1, 0xdc, 0x76, 0xed, 0xe1, 0x5c, 0x80, 0xc4, 0xe1, 0x95, 0xe8, 0xcc, 0x59, 0xfe, 0x3f,
  0xe5, 0x7f, 0x57, 0xe8, 0x2f, 0x2d, 0x35, 0xfd, 0x78, 0x55, 0xc3, 0xfa, 0xd1, 0x01, 0xf6, 0x1f,
  0x89, 0xab, 0x19, 0x6f, 0x72, 0xb3, 0xae, 0xd0, 0x3f, 0x53, 0xfa, 0x38, 0xf7, 0xc7, 0x1a, 0xb0,
  0x87, 0xb3, 0xf1, 0x45, 0xab, 0x9a, 0x51, 0x77, 0x39, 0xf8, 0x0e, 0x76, 0x0a, 0x99, 0x72, 0xe8,
  0x58, 0xe6, 0x97, 0xb6, 0x4f, 0x19, 0x20, 0x37, 0x6c, 0x64, 0x67, 0xe2, 0x66, 0xe4, 0xf4, 0xaa,
  0x21, 0xcd, 0xa1, 0xce, 0x5c, 0xb7, 0x3d, 0xea, 0x9b, 0x44, 0xc9, 0xdd, 0x8b, 0xeb, 0x4f, 0x9f,
  0x50, 0x7e, 0xed, 0x34, 0x47, 0xa7, 0xbe, 0x0a, 0x5c, 0xe2, 0x0b, 0x69, 0xc0, 0xe7, 0x03, 0x06,
  0xd7, 0xd5, 0xea, 0x34, 0xcd, 0x28, 0x21, 0x82, 0xd3, 0xc8, 0x77, 0xfa, 0x8b, 0xfa, 0xbd, 0xcc,
  0x2d, 0xea, 0x03, 0x57, 0x75, 0x7e, 0x81, 0x81, 0xe6, 0x90, 0xa5, 0xd5, 0xb4, 0xff, 0xfa, 0xaf,
  0xa6, 0xfd, 0x8d, 0x84, 0xbe, 0xa3, 0xf4, 0x2b, 0xe4, 0x13, 0xc3, 0xfe, 0xdc, 0xb6, 0x78, 0xdd,
  0x40, 0xca, 0xe8, 0x42, 0xc1, 0xd8, 0x6a, 0x9b, 0xdc, 0xe3, 0xf5, 0x81, 0xfd, 0xb3, 0xa9, 0x34,
  0x17, 0xb8, 0x28, 0xf1, 0xe6, 0x0b, 0x67, 0x8c, 0x76, 0x70, 0xff, 0xd0, 0xe5, 0xc0, 0x3a, 0xc5,
  0x4a, 0x69, 0xea, 0x1d, 0x7e, 0xa3, 0xd8, 0xc7, 0x28, 0x97, 0xea, 0x23, 0xd3, 0xfe, 0x25, 0xda,
  0xfc, 0xfc, 0x91, 0x09, 0x68, 0x05, 0x30, 0xa8, 0xf0, 0x9a, 0xf3, 0x04, 0x1b, 0x2e, 0xb4, 0x89,
  0xd8, 0x7b, 0xcc, 0x50, 0x66, 0x3a, 0x7c, 0x00, 0xbd, 0x35, 0x46, 0x5b, 0xd8, 0x48, 0x81, 0x6f,
  0xda, 0xd0, 0xd7, 0x05, 0x6b, 0x51, 0x16, 0xc8, 0xb6, 0x56, 0x8c, 0x0b, 0x0c, 0x36, 0x5a, 0x4d,
  0xf1, 0xe8, 0x57, 0x18, 0x9c, 0xa0, 0x1e, 0xf1, 0xf5, 0x84, 0xa3, 0xa3, 0x9f, 0xc0, 0xa9, 0x8a,
  0xe7, 0x08, 0x00, 0xbf, 0x33, 0x34, 0xe5, 0xa1, 0x0e, 0xee, 0xbf, 0xeb, 0x41, 0x97, 0xb2, 0x82,
  0xd5, 0xd4, 0xf9, 0x9c, 0x97, 0x38, 0x2e, 0x99, 0x14, 0x17, 0x2b, 0x18, 0x5d, 0xf6, 0x68, 0x5c,
  0xe1, 0x3b, 0x75, 0x8c, 0x06, 0xef, 0x68, 0x14, 0x67, 0x80, 0x81, 0x06, 0xc7, 0x80, 0x03, 0xde,
  0x34, 0x15, 0x82, 0x27, 0xe5, 0xa6, 0x78, 0x3f, 0x04, 0xd4, 0xc2, 0x62, 0x09, 0xd4, 0x27, 0x9c,
  0xa7, 0x50, 0xae, 0x31, 0x1f, 0xc5, 0xbe, 0x40, 0xed, 0x2f, 0x03, 0xfd, 0x3c, 0xa6, 0xc0, 0xc0,
  0xe1, 0xe9, 0x9c, 0x28, 0x83, 0x7b, 0x2f, 0x0e, 0xeb, 0xc3, 0x58, 0x4d, 0xbd, 0xff, 0x79, 0x3d,
  0xbf, 0x58, 0xca, 0x5c, 0x77, 0x19, 0xb0, 0xad, 0x81, 0x72, 0x3d, 0x98, 0x22, 0xc8, 0xc1, 0xfd,
  0xb7, 0x58, 0xeb, 0x78, 0xd5, 0x61, 0xdf, 0x34, 0xcd, 0x6a, 0xca, 0x5f, 0xc1, 0xfb, 0x42, 0xce,
  0x7d, 0xd3, 0x61, 0xae, 0x34, 0x3d, 0x50, 0x6f, 0xc1, 0x2c, 0x71, 0xf7, 0x18, 0xc6, 0xcf, 0x69,
  0x42, 0x14, 0x46, 0xaf, 0x4f, 0x3a, 0xfd, 0xb6, 0x85, 0x91, 0x8d, 0xc5, 0xb7, 0xb2, 0x53, 0x8e,
  0x16, 0xcc, 0x9f, 0xb1, 0x14, 0x93, 0x83, 0x01, 0xdb, 0x19, 0xc5, 0xf0, 0xe2, 0xdd, 0xd5, 0x98,
  0x24, 0xd1, 0x06, 0xec, 0xfb, 0x0a, 0xe8, 0xf5, 0xdb, 0xfd, 0xf7, 0x82, 0x5c, 0x5e, 0x2e, 0x16,
  0xe1, 0x65, 0xfb, 0xc1, 0x61, 0x18, 0x53, 0x87, 0x0e, 0x1e, 0xa5, 0x12, 0xeb, 0x91, 0x03, 0x38,
  0x9a, 0x60, 0x3f, 0x51, 0xad, 0x65, 0x4a, 0x0b, 0x58, 0xe3, 0xe6, 0x23, 0x0f, 0x76, 0x34, 0xc9,
  0xc8, 0x12, 0x91, 0xff, 0x9f, 0x8e, 0xd7, 0x70, 0x7a, 0xf7, 0x56, 0x17, 0xe9, 0xdf, 0xe9, 0xb6,
  0x7e, 0x74, 0x67, 0xa3, 0xaf, 0x69, 0x53, 0xba, 0x8c, 0xb5, 0x7b, 0x55, 0xb0, 0xd3, 0xc9, 0x5e,
  0xa3, 0x5e, 0x9a, 0x71, 0x7f, 0x1a, 0xc5, 0xed, 0x4e, 0xeb, 0x99, 0x18, 0x4d, 0x22, 0xb2, 0xb5,
  0xff, 0x8e, 0xff, 0x93, 0xc9, 0x72, 0xfc, 0x15, 0x0d, 0x26, 0x87, 0x33, 0xee, 0xd1, 0x89, 0x3b,
  0x4a, 0x2f, 0xb7, 0x9e, 0x58, 0x6c, 0x6d, 0x34, 0x0a, 0x46, 0xbe, 0x45, 0x22, 0x64, 0xcf, 0xca,
  0x8b, 0x3f, 0x43, 0x70, 0xcb, 0xd7, 0x0a, 0x76, 0xec, 0x3b, 0xbc, 0x56, 0xfd, 0x19, 0x07, 0xe3,
  0x49, 0x46, 0xb6, 0x08, 0x35, 0x07, 0x25, 0x2e, 0xce, 0x0e, 0xdc, 0x69, 0xd9, 0xc5, 0x69, 0x3e,
  0xa5, 0xb0, 0xc9, 0x9d, 0xa4, 0x8a, 0xa2, 0x08, 0xd9, 0x46, 0x9a, 0x2c, 0xea, 0xac, 0x5b, 0x60,
  0x76, 0x2b, 0x5b, 0xd6, 0xf0, 0x0d, 0x10, 0x82, 0x23, 0x97, 0x99, 0x35, 0xfb, 0x63, 0x84, 0x06,
  0xda, 0x35, 0xdf, 0x71, 0x89, 0xb1, 0x82, 0x2d, 0xb6, 0xe3, 0x11, 0xa6, 0x9a, 0x9c, 0x3e, 0x25,
  0x53, 0x6d, 0xf9, 0x28, 0x38, 0xe0, 0xff, 0x3b, 0x5b, 0x2d, 0xd2, 0xd1, 0x3f, 0x7e, 0x7c, 0xf8,
  0x30, 0x0a, 0xa8, 0x07, 0xa5, 0x84, 0x2d, 0xc0, 0x62, 0xdf, 0x42, 0x3a, 0x52, 0x1a, 0x8b, 0x45,
  0x23, 0xb4, 0x17, 0xfa, 0x02, 0xd3, 0x7e, 0x44, 0xfe, 0x71, 0x43, 0xdc, 0xda, 0xe9, 0x82, 0xf1,
  0x10, 0x55, 0x34, 0xc4, 0xcf, 0x87, 0xdd, 0x1a, 0xbd, 0x63, 0x14, 0xef, 0x7b, 0x63, 0xb4, 0x71,
  0x4a, 0xff, 0xf2, 0x0b, 0x4d, 0x7a, 0x89, 0x3e, 0xe0, 0xf8, 0x32, 0x46, 0x3f, 0x3f, 0xa2, 0xee,
  0xe6, 0x45, 0x02, 0x11, 0xb1, 0x9f, 0x20, 0xc7, 0xff, 0x8a, 0x58, 0x8b, 0x20, 0x44, 0x57, 0xa1,
  0x05, 0x63, 0xd3, 0x8f, 0xa3, 0xc9, 0x0b, 0xd6, 0x31, 0x06, 0x01, 0xb4, 0xf3, 0x95, 0x2c, 0xb4,
  0xdc, 0x59, 0x53, 0x4c, 0x01, 0xf7, 0x12, 0xd5, 0xd0, 0xb6, 0x48, 0xcb, 0x59, 0x16, 0xea, 0xbc,
  0xa4, 0xb5, 0x3f, 0x06, 0x95, 0xd6, 0xaa, 0xc0, 0xce, 0xf0, 0xb8, 0xbe, 0x4e, 0x8e, 0xcc, 0xf5,
  0xe7, 0x3e, 0xe1, 0xb1, 0x8a, 0x8f, 0x8d, 0x79, 0x7a, 0xfc, 0xaf, 0xf2, 0x57, 0x1d, 0x3f, 0x8c,
  0xb3, 0x69, 0x0e, 0x00, 0x00,

};
static constexpr size_t OTA_HTML_GZ_LEN = sizeof(OTA_HTML_GZ);


const uint8_t SETUP_HTML_GZ[] PROGMEM =
{
  0x1f, 0x8b, 0x08, 0x00, 0x00, 0x00, 0x00, 0x00, 0x02, 0xff, 0xad, 0x5a, 0xff, 0x77, 0x9b, 0x38,
  0x12, 0xff, 0xbd, 0x7f, 0x85, 0xea, 0xec, 0x2e, 0xe6, 0x0e, 0xb0, 0x71, 0x9d, 0xd4, 0x85, 0xe0,
  0x5e, 0x76, 0xdb, 0xdd, 0xf6, 0x6e, 0xdb, 0xe6, 0x9d, 0x73, 0x77, 0x3f, 0xec, 0xdb, 0xf7, 0x22,
  0x83, 0xb0, 0xb5, 0xc1, 0xc0, 0x82, 0x88, 0xe3, 0x73, 0xfc, 0xbf, 0xdf, 0x8c, 0x04, 0x18, 0xdb,
  0x38, 0x5f, 0xae, 0x7d, 0x7d, 0xb5, 0x41, 0x1a, 0xcd, 0x8c, 0x66, 0x46, 0x1f, 0x7d, 0x24, 0xe7,
  0xc5, 0x8b, 0xf3, 0x97, 0x41, 0xe2, 0x8b, 0x55, 0xca, 0xc8, 0x5c, 0x2c, 0xa2, 0xf1, 0x8b, 0x17,
  0xe7, 0xf8, 0x4d, 0x22, 0x1a, 0xcf, 0xbc, 0x0e, 0x8b, 0x3b, 0xb2, 0x85, 0xd1, 0x00, 0xbf, 0x17,
  0x4c, 0x50, 0xe2, 0xcf, 0x69, 0x96, 0x33, 0xe1, 0x75, 0x0a, 0x11, 0x9a, 0xa3, 0x4e, 0xdd, 0x1e,
  0xd3, 0x05, 0xf3, 0x3a, 0xb7, 0x9c, 0x2d, 0xd3, 0x24, 0x13, 0x1d, 0xe2, 0x27, 0xb1, 0x60, 0x31,
  0xc8, 0x2d, 0x79, 0x20, 0xe6, 0x5e, 0xc0, 0x6e, 0xb9, 0xcf, 0x4c, 0xf9, 0x62, 0xf0, 0x98, 0x0b,
  0x4e, 0x23, 0x33, 0xf7, 0x69, 0xc4, 0x3c, 0x5b, 0x2a, 0x11, 0x5c, 0x44, 0x6c, 0xfc, 0xeb, 0x07,
  0xf2, 0x31, 0x0e, 0x8a, 0x5c, 0x64, 0xd0, 0x4f, 0xfe, 0x7d, 0x46, 0x26, 0x4c, 0x14, 0xe9, 0x79,
  0x4f, 0xf5, 0x82, 0x58, 0x2e, 0x56, 0xf2, 0xc1, 0xc9, 0x92, 0x44, 0xac, 0x4d, 0x73, 0x3a, 0x73,
  0x4e, 0xfa, 0x6f, 0xec, 0x57, 0x36, 0x75, 0x4d, 0x33, 0xa5, 0x31, 0x8b, 0x9c, 0x13, 0xbb, 0x3f,
  0x38, 0x7b, 0xd5, 0x87, 0x77, 0x1e, 0xdf, 0x38, 0x27, 0x8c, 0x85, 0xc3, 0xf0, 0x0c, 0xde, 0x16,
  0x85, 0x60, 0x81, 0x73, 0xf2, 0xc6, 0xa6, 0x74, 0x3a, 0x84, 0xf7, 0x88, 0xc7, 0xcc, 0x39, 0x19,
  0x04, 0xa7, 0xa3, 0xb3, 0x11, 0xbc, 0x52, 0xdf, 0x07, 0x7f, 0x9d, 0x93, 0x30, 0x7c, 0xf3, 0x6a,
  0x88, 0xa3, 0x13, 0x18, 0x3c, 0xf2, 0x59, 0x7f, 0x14, 0xc2, 0x4b, 0x00, 0x01, 0x61, 0x19, 0xf6,
  0xbe, 0x9e, 0xbe, 0x9e, 0x6e, 0x5e, 0xbc, 0xf8, 0xcb, 0x7a, 0x9a, 0xdc, 0x99, 0x39, 0xff, 0x2f,
  0x8f, 0x67, 0xce, 0x34, 0xc9, 0x02, 0x96, 0x99, 0xd0, 0x02, 0x3d, 0x18, 0xc0, 0xb5, 0xb9, 0x64,
  0xd3, 0x1b, 0x2e, 0x4c, 0xc1, 0xee, 0x04, 0x4a, 0x31, 0x93, 0x06, 0x7f, 0xc0, 0xbc, 0x1c, 0xbb,
  0xdf, 0xff, 0x1e, 0x84, 0xa6, 0x49, 0xb0, 0x5a, 0x2f, 0x68, 0x36, 0xe3, 0xb1, 0xd3, 0x77, 0x43,
  0x08, 0x96, 0x19, 0xd2, 0x05, 0x8f, 0x56, 0x4e, 0xe7, 0x2a, 0x63, 0xd3, 0xc2, 0x9f, 0x33, 0x41,
  0x3e, 0x4d, 0x3a, 0x46, 0xe7, 0x17, 0x1e, 0x45, 0x64, 0x42, 0xe3, 0xbc, 0x63, 0xe4, 0xf0, 0x69,
  0xe6, 0x2c, 0xe3, 0xa1, 0x3b, 0xa5, 0xfe, 0xcd, 0x2c, 0x4b, 0x8a, 0x38, 0x70, 0x32, 0x1a, 0x60,
  0x30, 0x67, 0xf8, 0x0d, 0x33, 0xe8, 0xfa, 0x3c, 0xf3, 0x23, 0x46, 0xa8, 0x20, 0x22, 0x49, 0x49,
  0xc4, 0x42, 0x61, 0x9c, 0x0c, 0x86, 0x43, 0xff, 0xf4, 0x0d, 0xe9, 0x1b, 0x27, 0xfd, 0x11, 0x06,
  0x8b, 0x0c, 0x07, 0xdf, 0xeb, 0x06, 0x46, 0x80, 0x66, 0xdb, 0x91, 0xf6, 0xf0, 0x34, 0x60, 0xb3,
  0x4a, 0xc6, 0x38, 0xb1, 0x4f, 0x5f, 0xf5, 0x5f, 0xf9, 0xe4, 0x74, 0xf4, 0x3d, 0x68, 0xb0, 0x87,
  0xf6, 0xd0, 0xd7, 0x5d, 0x3f, 0x89, 0x92, 0xcc, 0xb9, 0xa5, 0x59, 0x57, 0xc6, 0x57, 0x77, 0x93,
  0x5b, 0x96, 0x85, 0x51, 0xb2, 0x34, 0xef, 0x9c, 0x39, 0x0f, 0x02, 0x16, 0xe3, 0xec, 0x0a, 0x21,
  0x92, 0x18, 0xf2, 0x9c, 0x16, 0xc2, 0xc8, 0x59, 0xc4, 0x7c, 0x61, 0x60, 0x24, 0x68, 0xc6, 0xe8,
  0x1a, 0x27, 0xeb, 0xf0, 0x78, 0x0e, 0xf3, 0x10, 0x20, 0x4b, 0xad, 0xa9, 0x88, 0xd7, 0x01, 0xcf,
  0xd3, 0x88, 0xae, 0xa0, 0x1d, 0x9d, 0x32, 0xc3, 0x88, 0xdd, 0xb9, 0x34, 0xe2, 0xb3, 0xd8, 0xe4,
  0x82, 0x2d, 0x72, 0x07, 0x73, 0xc3, 0x32, 0x17, 0x43, 0xc8, 0xc3, 0x95, 0x59, 0x56, 0x57, 0xd5,
  0x2c, 0xa3, 0x1c, 0x30, 0x3f, 0xc9, 0xa8, 0xe0, 0x49, 0xec, 0xc4, 0x49, 0xcc, 0x40, 0xb5, 0xb5,
  0xcc, 0x68, 0x0a, 0x51, 0xbe, 0x53, 0x75, 0xe7, 0x8c, 0x46, 0xfd, 0xf4, 0xce, 0xad, 0xa2, 0x4e,
  0x68, 0x21, 0x12, 0x37, 0xa5, 0x41, 0x80, 0x29, 0x1c, 0x0c, 0x52, 0x99, 0x3c, 0xbb, 0xce, 0x0a,
  0xe9, 0x93, 0x11, 0x88, 0xcb, 0xdc, 0x60, 0x06, 0x1d, 0x3f, 0xa2, 0x8b, 0xb4, 0x3b, 0x80, 0x46,
  0x63, 0x78, 0xbb, 0x34, 0x86, 0xa0, 0x4c, 0x57, 0xa6, 0x45, 0x06, 0x99, 0x09, 0x93, 0x6c, 0xe1,
  0x14, 0x69, 0xca, 0x32, 0x9f, 0xe6, 0xcc, 0x8d, 0x98, 0x00, 0xd7, 0xcc, 0x3c, 0xa5, 0x3e, 0xea,
  0xb7, 0xfa, 0x23, 0xb6, 0x40, 0x9f, 0xf2, 0x62, 0xba, 0x6e, 0x06, 0x51, 0x96, 0xa5, 0x5e, 0x7a,
  0x05, 0x25, 0x04, 0x91, 0x5b, 0x38, 0x36, 0x5a, 0xae, 0x23, 0x8b, 0xd3, 0x70, 0x68, 0xbc, 0x5a,
  0x42, 0xcc, 0x98, 0xbb, 0x84, 0x62, 0x33, 0xa7, 0x10, 0xc9, 0x1b, 0x47, 0x7e, 0x9a, 0xd8, 0x80,
  0x9a, 0x65, 0xf9, 0xaf, 0x1b, 0x95, 0x71, 0x90, 0xdf, 0x51, 0x1f, 0xf3, 0x9b, 0xcd, 0xa6, 0xb4,
  0x3b, 0x38, 0x3d, 0x35, 0xaa, 0xff, 0x56, 0x7f, 0xa8, 0xb7, 0xb5, 0xda, 0xba, 0xee, 0xaa, 0xd2,
  0x76, 0xec, 0xf4, 0x8e, 0xe4, 0x49, 0xc4, 0x03, 0xd2, 0x22, 0x37, 0xaa, 0xc4, 0x4c, 0xb4, 0x54,
  0xe4, 0xca, 0xfd, 0x2a, 0xb2, 0xf6, 0x19, 0x8c, 0x55, 0x1f, 0xa3, 0x3a, 0xfc, 0xf5, 0x44, 0xcf,
  0x64, 0xd8, 0xad, 0x59, 0xc6, 0x83, 0xba, 0x08, 0xf0, 0xc5, 0x9d, 0xc1, 0x9c, 0x6d, 0x48, 0x8a,
  0x8b, 0x6f, 0xb0, 0x8e, 0x16, 0xd0, 0x25, 0x18, 0x64, 0x3e, 0x2a, 0x16, 0x71, 0xee, 0x64, 0x2c,
  0x65, 0x54, 0x74, 0x31, 0x87, 0x66, 0xc8, 0x85, 0xb1, 0xe0, 0x31, 0x24, 0xba, 0x3b, 0x18, 0x40,
  0x56, 0x0c, 0x3b, 0xcc, 0x74, 0x1d, 0xd5, 0x86, 0x9c, 0x45, 0x2d, 0x7a, 0x4b, 0xa3, 0xb2, 0x17,
  0xb0, 0x6e, 0x0a, 0x61, 0xdb, 0xa6, 0x59, 0x1a, 0x6d, 0xc9, 0xd0, 0xb3, 0x33, 0xad, 0xd4, 0xab,
  0x45, 0x50, 0xbe, 0xa8, 0xb5, 0xb0, 0x56, 0xe5, 0x88, 0x50, 0xb0, 0x8d, 0x52, 0x1f, 0x03, 0x84,
  0xa6, 0xf7, 0x42, 0x29, 0x9b, 0xb6, 0x39, 0xc5, 0xc5, 0x79, 0x66, 0x07, 0x87, 0xeb, 0xf0, 0x20,
  0x51, 0xaa, 0x0f, 0x6b, 0x00, 0xaa, 0x0b, 0x22, 0x3e, 0x67, 0x7c, 0x36, 0x17, 0xce, 0x70, 0xd8,
  0x98, 0xbc, 0x05, 0x38, 0xe3, 0xdf, 0x00, 0x6e, 0xd5, 0x31, 0x3a, 0xb6, 0xf2, 0x64, 0x3a, 0xfa,
  0xcd, 0xb4, 0xee, 0x39, 0x7c, 0xc4, 0xf2, 0x93, 0x66, 0x73, 0xe8, 0x4f, 0x99, 0x95, 0x1a, 0x21,
  0xf7, 0xa7, 0x8b, 0x23, 0xa8, 0x8f, 0x8b, 0x3d, 0xdf, 0x75, 0x1d, 0x3f, 0xd4, 0x82, 0xc1, 0x8f,
  0xad, 0xdb, 0x65, 0xd9, 0x01, 0x24, 0x3a, 0x76, 0x19, 0x01, 0xc4, 0x9d, 0x7a, 0x36, 0x76, 0x59,
  0xa4, 0xd5, 0x6c, 0x10, 0x42, 0x1e, 0x71, 0xfe, 0x60, 0x79, 0xbd, 0x92, 0xf0, 0xa9, 0x9c, 0x54,
  0xdb, 0x89, 0x6e, 0xc0, 0x8e, 0x31, 0x1d, 0x9c, 0x9d, 0x55, 0xc0, 0x79, 0x32, 0xe8, 0xdb, 0xa7,
  0xfd, 0xa9, 0x42, 0x95, 0xa5, 0xca, 0xc8, 0xeb, 0x3e, 0xcc, 0xaf, 0xc8, 0x72, 0xe8, 0x4e, 0x13,
  0x7e, 0x14, 0xd0, 0xf6, 0x93, 0xe8, 0x8a, 0x04, 0xb6, 0x09, 0x53, 0x45, 0xc1, 0x59, 0xd0, 0x98,
  0xa7, 0x45, 0x24, 0xc5, 0xcb, 0xc9, 0x59, 0xb3, 0x79, 0x92, 0x8b, 0xf5, 0x4e, 0xb8, 0xa7, 0x36,
  0x1d, 0xd8, 0xcf, 0x2b, 0x1e, 0x09, 0x5a, 0x82, 0x8a, 0x22, 0x6f, 0x2e, 0x92, 0x61, 0xb3, 0x14,
  0x06, 0x18, 0xbc, 0xe1, 0x93, 0x6b, 0xf7, 0xc1, 0x82, 0x79, 0x2e, 0xea, 0x25, 0x37, 0x3b, 0x70,
  0x9a, 0xa8, 0xda, 0x50, 0xfb, 0xf5, 0x4e, 0x8f, 0x6a, 0x92, 0xbd, 0x72, 0x45, 0xb7, 0xa0, 0x30,
  0xf4, 0xfd, 0x6d, 0xc1, 0x60, 0x3b, 0x25, 0xdd, 0xed, 0xae, 0xf1, 0x1a, 0x21, 0x45, 0x5f, 0xab,
  0xcd, 0xa4, 0x9e, 0x32, 0xd6, 0x50, 0x89, 0xb8, 0xcd, 0xb6, 0xfd, 0x08, 0x48, 0x31, 0x09, 0x6e,
  0xed, 0x30, 0x06, 0x48, 0xb5, 0x81, 0x3d, 0x67, 0x1b, 0xd8, 0x01, 0x2a, 0x39, 0x40, 0x94, 0x21,
  0x5b, 0xb8, 0x72, 0x63, 0x2c, 0xf3, 0x6f, 0x5b, 0xf6, 0xe9, 0x46, 0x6e, 0x25, 0x7b, 0x29, 0xd9,
  0x15, 0x1a, 0x82, 0x50, 0xb5, 0x4a, 0xe4, 0xc2, 0x08, 0x78, 0xc6, 0x54, 0xbd, 0x28, 0x07, 0xea,
  0x6e, 0x82, 0x05, 0x63, 0xd4, 0x6f, 0x6a, 0x53, 0x6e, 0xc0, 0x54, 0xb3, 0xf6, 0x10, 0x3d, 0x1f,
  0x00, 0xb7, 0x86, 0x47, 0x28, 0x09, 0x31, 0x3d, 0xef, 0x55, 0xb4, 0xed, 0xbc, 0x57, 0x91, 0x49,
  0x24, 0x40, 0xf8, 0x1d, 0xf0, 0x5b, 0x02, 0x1b, 0x6b, 0x9e, 0x03, 0x53, 0x84, 0x00, 0x23, 0x17,
  0x24, 0xe4, 0x7c, 0x6e, 0x8f, 0x25, 0xf3, 0x23, 0x97, 0x40, 0x26, 0x69, 0x04, 0xc3, 0x6c, 0xd5,
  0xd1, 0x10, 0x87, 0xd9, 0x77, 0xc6, 0x9f, 0xa1, 0xe0, 0x6f, 0x19, 0x49, 0xb3, 0xe4, 0x96, 0xe7,
  0xe0, 0x3a, 0x84, 0x8b, 0x00, 0x3c, 0x03, 0x75, 0xb4, 0xc8, 0x4f, 0x49, 0x1c, 0xf2, 0x59, 0x91,
  0x31, 0x32, 0xb9, 0xba, 0x20, 0xff, 0xe1, 0x3f, 0x73, 0x83, 0x84, 0x34, 0x8a, 0xb0, 0x22, 0xc9,
  0xc5, 0x25, 0xa1, 0x71, 0x40, 0xbe, 0x40, 0xcf, 0x92, 0x8b, 0x79, 0x52, 0x08, 0x72, 0x01, 0x7b,
  0x09, 0x8c, 0x89, 0x61, 0x12, 0xd6, 0x79, 0x0f, 0x2c, 0x81, 0xc9, 0x7d, 0xa3, 0x32, 0xe3, 0xca,
  0xc9, 0xdd, 0x0e, 0x4c, 0x6f, 0xd5, 0xbe, 0xdb, 0x23, 0x83, 0xd3, 0x19, 0x9f, 0x4b, 0x44, 0x43,
  0xe7, 0xbc, 0x0e, 0xae, 0xcb, 0xcf, 0x40, 0x98, 0x3b, 0xe3, 0x0f, 0xf0, 0x44, 0xf0, 0xf1, 0xbc,
  0x27, 0xfb, 0xc7, 0xe7, 0x32, 0xa4, 0x84, 0x07, 0x4d, 0xa9, 0xca, 0x9b, 0x27, 0x29, 0xa7, 0x01,
  0x24, 0xeb, 0x5f, 0x40, 0x13, 0x3b, 0xe3, 0x0b, 0x7c, 0x24, 0xf8, 0xdc, 0xa2, 0xbe, 0x21, 0xf7,
  0x7c, 0xfd, 0x97, 0xd0, 0x5b, 0xe9, 0xc7, 0x67, 0x5c, 0x8d, 0xc7, 0x6c, 0x48, 0x59, 0x82, 0x87,
  0x0c, 0x8c, 0x9f, 0x92, 0x7d, 0xa6, 0xcd, 0x25, 0x0f, 0xf9, 0x24, 0xc7, 0x08, 0x63, 0x1a, 0xc9,
  0x64, 0xf2, 0xf1, 0x5d, 0x8b, 0xb5, 0xad, 0xd4, 0xb3, 0x95, 0xab, 0xf9, 0x48, 0xe5, 0x0f, 0x4c,
  0xa7, 0x96, 0xfc, 0xfa, 0xd9, 0x40, 0xe0, 0xdf, 0xcd, 0x7d, 0xa8, 0x77, 0xac, 0xcd, 0x8f, 0x97,
  0xe4, 0x53, 0x12, 0x6c, 0x6b, 0x40, 0xad, 0xa4, 0xda, 0x64, 0x2d, 0x7b, 0x9e, 0xa4, 0xb8, 0x3e,
  0x01, 0x2f, 0xa3, 0x02, 0xcc, 0xc3, 0xc9, 0xe9, 0xdd, 0x87, 0x9f, 0x2e, 0xcf, 0x7b, 0xaa, 0x79,
  0xbf, 0xbb, 0x0f, 0xca, 0x01, 0xb7, 0xb9, 0x0f, 0xfa, 0xb7, 0x32, 0x3d, 0xa5, 0xfc, 0x51, 0x8f,
  0x49, 0x40, 0x05, 0x35, 0x73, 0xa9, 0xc0, 0x94, 0x4d, 0x87, 0x19, 0x91, 0x9d, 0x1f, 0xd3, 0x86,
  0x9d, 0xdb, 0xe1, 0xb1, 0xbc, 0x54, 0xb2, 0x04, 0x00, 0xd0, 0x67, 0xf3, 0x24, 0x02, 0x98, 0x84,
  0x29, 0xbc, 0x19, 0x58, 0xf6, 0xd9, 0xc8, 0x1a, 0xf4, 0x2d, 0x7b, 0xd0, 0xef, 0x7c, 0x13, 0xaf,
  0x8a, 0x69, 0xcc, 0xc4, 0x27, 0x9a, 0xdf, 0x80, 0x5f, 0xf2, 0x99, 0xe0, 0xcb, 0x31, 0xbf, 0xb6,
  0xd2, 0xbb, 0x9e, 0x01, 0xb5, 0xb5, 0xaa, 0xff, 0xdf, 0xc6, 0xb1, 0x5f, 0x00, 0xf8, 0x97, 0x74,
  0xd5, 0x19, 0x97, 0x0f, 0x47, 0x3c, 0xaa, 0xc4, 0x8e, 0x07, 0xea, 0x9b, 0x78, 0xf3, 0x2e, 0xce,
  0x41, 0xd1, 0x65, 0xc6, 0x81, 0x19, 0xad, 0xc8, 0xbb, 0xcf, 0x93, 0x23, 0xee, 0x48, 0xb9, 0x5d,
  0x5f, 0x46, 0x96, 0xfc, 0xf7, 0xad, 0xdc, 0x18, 0x40, 0x9e, 0x80, 0xea, 0xc4, 0xc1, 0xa3, 0x8e,
  0x0c, 0x5a, 0x1c, 0x19, 0x5a, 0xc3, 0xe7, 0x02, 0x58, 0x7a, 0x59, 0xaf, 0xdb, 0x9f, 0x1b, 0xfb,
  0xc1, 0x43, 0x38, 0xb6, 0x1d, 0xf2, 0x75, 0x4b, 0x3f, 0x11, 0x74, 0x6b, 0x1c, 0x37, 0x9f, 0x07,
  0x8c, 0x36, 0x65, 0xbf, 0x1e, 0x70, 0xca, 0x9d, 0xed, 0x8a, 0x2f, 0x18, 0x6c, 0x76, 0x10, 0x70,
  0x05, 0x3d, 0x65, 0x33, 0x29, 0xdb, 0x49, 0x37, 0x67, 0xbe, 0x7e, 0x24, 0x03, 0x87, 0x2a, 0x4a,
  0xb7, 0xe2, 0x62, 0x31, 0x85, 0x7d, 0x84, 0x00, 0xd8, 0x7b, 0x9d, 0x53, 0xf8, 0xa6, 0x77, 0x50,
  0xb1, 0xa3, 0x7e, 0x87, 0xe4, 0x82, 0xa5, 0x12, 0xa8, 0x1e, 0xf1, 0x97, 0x54, 0xc4, 0xbf, 0xd3,
  0x34, 0x7a, 0xc3, 0x58, 0x7a, 0x91, 0xbe, 0x8f, 0xe9, 0x34, 0x62, 0x75, 0x0c, 0x1a, 0x92, 0x8d,
  0x29, 0xee, 0x8a, 0x8e, 0xff, 0x01, 0xaf, 0x98, 0x53, 0xa6, 0x1a, 0x08, 0x0d, 0x81, 0x50, 0x49,
  0x1e, 0xe0, 0xab, 0x49, 0xe4, 0xf5, 0x1c, 0xff, 0x1f, 0xc7, 0x94, 0xda, 0x2f, 0x82, 0x3e, 0xec,
  0xd4, 0x56, 0x6c, 0xac, 0x3c, 0x43, 0xbe, 0xd1, 0x66, 0x78, 0xe7, 0xb9, 0xe1, 0x42, 0xc9, 0xc7,
  0x1a, 0xc4, 0x42, 0x5d, 0xad, 0x54, 0xfd, 0xc0, 0xd2, 0x3a, 0xd2, 0xa1, 0x9c, 0xde, 0x02, 0x4f,
  0x98, 0xc0, 0x67, 0x95, 0x51, 0x7e, 0xcb, 0x05, 0x40, 0x8c, 0x92, 0x7f, 0x60, 0x3c, 0x91, 0xa7,
  0x84, 0x52, 0x8b, 0x4f, 0xe3, 0x6a, 0x46, 0x4a, 0x10, 0x74, 0x42, 0x9b, 0x24, 0x4f, 0x87, 0xba,
  0x68, 0x8b, 0x9a, 0x79, 0xc6, 0x42, 0xaf, 0xd3, 0xa3, 0x29, 0xec, 0x0a, 0x5f, 0x52, 0x16, 0x37,
  0xef, 0xf3, 0x2e, 0x52, 0xb8, 0xca, 0xa3, 0x07, 0x53, 0x7e, 0x36, 0xd7, 0x52, 0xa7, 0x91, 0xd2,
  0x65, 0xf5, 0x3c, 0xfe, 0x35, 0xa1, 0x48, 0xc2, 0x2d, 0xcb, 0xfa, 0x1a, 0xc5, 0x92, 0x52, 0xc2,
  0xa1, 0x6e, 0xba, 0x92, 0x53, 0x26, 0xb0, 0x35, 0xc0, 0x72, 0xbb, 0xc9, 0x8f, 0xe5, 0x47, 0x59,
  0x27, 0xf2, 0xf4, 0xb0, 0x0d, 0xa1, 0x99, 0xb1, 0xbc, 0x88, 0x04, 0x78, 0xf5, 0x39, 0x21, 0xd8,
  0x40, 0x56, 0x4c, 0xb4, 0xf8, 0x55, 0x7f, 0xe7, 0x7e, 0xc6, 0x53, 0x01, 0x4f, 0x61, 0x11, 0xcb,
  0x8c, 0x13, 0x16, 0x75, 0x79, 0xa0, 0xaf, 0x33, 0x20, 0xc1, 0x59, 0x4c, 0xe0, 0x8e, 0xb6, 0x58,
  0xc0, 0x71, 0xd2, 0x9a, 0x31, 0xf1, 0x3e, 0x62, 0xf8, 0xf8, 0xe3, 0xea, 0x63, 0x80, 0x22, 0x78,
  0x83, 0x96, 0xaf, 0x62, 0x9f, 0xd4, 0x43, 0xe1, 0x52, 0x35, 0xba, 0x48, 0x79, 0xb7, 0xc8, 0x22,
  0x43, 0x6d, 0xfa, 0xb9, 0xb7, 0xde, 0xe8, 0x70, 0xdc, 0x89, 0x81, 0x6b, 0x42, 0x0b, 0xbc, 0xfa,
  0x14, 0x0a, 0xd6, 0xd1, 0xe2, 0x04, 0xc0, 0x39, 0xc9, 0x98, 0x66, 0x40, 0xdc, 0x4a, 0xd9, 0x8d,
  0xcb, 0xc3, 0x2e, 0x4a, 0x59, 0x48, 0xd1, 0x7f, 0xf8, 0xe1, 0xa5, 0x7c, 0x46, 0xda, 0xce, 0xb2,
  0x5c, 0x5f, 0x37, 0xdf, 0xbc, 0xb5, 0xf6, 0x93, 0xba, 0x88, 0x33, 0xaf, 0xa0, 0x66, 0x34, 0x47,
  0x83, 0xb4, 0x47, 0xdc, 0x97, 0x87, 0xd0, 0xde, 0x1f, 0x79, 0x12, 0x6b, 0x9b, 0x8d, 0x32, 0x0b,
  0x11, 0xf1, 0xe8, 0x92, 0x72, 0x41, 0x42, 0x26, 0xfc, 0x79, 0xe5, 0x5c, 0xae, 0xa3, 0xb5, 0x97,
  0xd0, 0x0b, 0xe7, 0x38, 0x7d, 0x2d, 0xe6, 0x59, 0xb2, 0x84, 0xa0, 0x2f, 0xc9, 0xfb, 0x2c, 0x4b,
  0xb2, 0xae, 0x1a, 0x81, 0xbd, 0x78, 0x20, 0xee, 0xea, 0xf7, 0xf7, 0xf8, 0xac, 0x82, 0x7e, 0x05,
  0x2d, 0xfa, 0xa6, 0x0c, 0x10, 0x34, 0x6f, 0x1a, 0xd1, 0x83, 0x0b, 0xea, 0x89, 0x14, 0xea, 0xe2,
  0x38, 0xe3, 0x86, 0xc7, 0x81, 0xa7, 0xc9, 0x24, 0x69, 0x55, 0x1c, 0x62, 0xe0, 0x5b, 0x1e, 0x44,
  0x59, 0x53, 0xda, 0x34, 0xdd, 0xc5, 0x16, 0x69, 0xa7, 0x9c, 0x93, 0x87, 0xcf, 0xaa, 0x55, 0x66,
  0x1b, 0xa9, 0xb8, 0x57, 0x8a, 0x13, 0xed, 0xaf, 0xa8, 0x74, 0xdf, 0x26, 0xa4, 0xfa, 0x29, 0x16,
  0x1b, 0x25, 0x52, 0xd9, 0xe5, 0xb0, 0x66, 0xb3, 0x0f, 0x57, 0x9f, 0x7e, 0x7d, 0xa6, 0xd5, 0x22,
  0x85, 0x2d, 0x96, 0x7d, 0x4c, 0x91, 0x3e, 0x76, 0x2b, 0x4b, 0x01, 0x90, 0x45, 0x69, 0xa9, 0x41,
  0x1e, 0x35, 0xdd, 0x92, 0xb4, 0xf0, 0xa5, 0xe7, 0x69, 0x7d, 0xcd, 0xad, 0x2b, 0xea, 0xcf, 0x82,
  0x65, 0xab, 0x89, 0xa4, 0x84, 0x49, 0x76, 0x11, 0xc1, 0xa0, 0xdf, 0x0e, 0x36, 0xed, 0xdf, 0x61,
  0x30, 0xe0, 0xd9, 0x7b, 0x28, 0x9a, 0xae, 0x9c, 0xc5, 0x58, 0xfa, 0xa7, 0xae, 0x7b, 0x3d, 0xb4,
  0xa6, 0x37, 0x7d, 0x0a, 0xe1, 0xc6, 0xba, 0x8b, 0x4a, 0xf4, 0x35, 0x3a, 0x51, 0x1d, 0x63, 0x2a,
  0x0f, 0x3c, 0xec, 0xb2, 0xaa, 0xd6, 0xfb, 0x7b, 0x4d, 0x73, 0x51, 0xac, 0x3e, 0x8e, 0xec, 0xca,
  0xd5, 0xcd, 0xbb, 0x82, 0xb8, 0x31, 0xb6, 0x08, 0x62, 0x73, 0x2d, 0x58, 0x1d, 0x07, 0x76, 0xe5,
  0xaa, 0xd6, 0x1d, 0xb1, 0x43, 0x75, 0x55, 0xeb, 0x8e, 0xd8, 0x5e, 0x2c, 0xb7, 0x92, 0x65, 0x87,
  0xe7, 0x79, 0x70, 0xc0, 0xcc, 0xd9, 0x5b, 0x08, 0xb1, 0xa3, 0xd9, 0x0d, 0x37, 0x4a, 0xf6, 0xdb,
  0xe2, 0x4a, 0xd9, 0x03, 0x76, 0x76, 0xb9, 0x70, 0x63, 0x70, 0x4d, 0x51, 0x5b, 0x86, 0xd7, 0x7d,
  0xa0, 0x60, 0x87, 0xb2, 0x6e, 0xc7, 0x97, 0x84, 0xf2, 0x70, 0x70, 0xd9, 0xb1, 0x67, 0x7a, 0x3b,
  0x10, 0xa9, 0xdf, 0xe1, 0x28, 0x6c, 0x85, 0x21, 0x25, 0x09, 0xdc, 0x91, 0x1e, 0xb4, 0x4a, 0x0f,
  0x4a, 0x69, 0x60, 0x6a, 0x65, 0x06, 0x6b, 0x36, 0xb5, 0x97, 0xc2, 0xba, 0xbd, 0x8e, 0x7a, 0x83,
  0x03, 0xed, 0xca, 0x36, 0x3a, 0x76, 0x52, 0x74, 0xc0, 0x51, 0x0e, 0x5d, 0x3a, 0x10, 0xb9, 0xbf,
  0x3f, 0x3b, 0x95, 0x0a, 0x76, 0x48, 0x04, 0x0c, 0x94, 0xbb, 0x3a, 0x0b, 0xbc, 0x1f, 0x93, 0x24,
  0x62, 0xb0, 0xb6, 0xa5, 0x8a, 0x1d, 0x21, 0x5d, 0x8e, 0xab, 0xf7, 0xf9, 0x63, 0x63, 0x6a, 0x01,
  0xdd, 0xdd, 0x5d, 0xb1, 0xae, 0x5a, 0xb1, 0x0b, 0x5c, 0x55, 0x47, 0xab, 0xe9, 0xba, 0x3c, 0x5e,
  0x7d, 0xb7, 0x7e, 0x42, 0xd9, 0x6c, 0xae, 0x1d, 0x0d, 0x4f, 0x85, 0x5a, 0xa9, 0x1a, 0x17, 0x32,
  0xf3, 0x7e, 0xdb, 0x9f, 0x3d, 0x0b, 0x40, 0xed, 0x96, 0x0e, 0x01, 0x45, 0x12, 0x49, 0x65, 0xa0,
  0x6e, 0x2b, 0xd7, 0x09, 0x6e, 0x85, 0x52, 0x2f, 0x0e, 0x48, 0xc2, 0x10, 0x2f, 0x99, 0x34, 0xa3,
  0x4c, 0x19, 0xce, 0xe3, 0x02, 0xe9, 0x06, 0xf8, 0x89, 0x97, 0x2a, 0xf2, 0xd1, 0xa9, 0x54, 0xd1,
  0xb4, 0xd4, 0x91, 0xe3, 0x75, 0x8e, 0x54, 0x02, 0x42, 0x3c, 0x56, 0x62, 0xa5, 0x12, 0x9e, 0x5e,
  0x04, 0x01, 0x00, 0x62, 0xfe, 0xf6, 0x1a, 0x4e, 0xc2, 0xe5, 0xc8, 0xba, 0x11, 0xc7, 0x40, 0x73,
  0x11, 0xd3, 0x5b, 0xca, 0x23, 0x8c, 0xa3, 0x66, 0x5c, 0xa3, 0x55, 0x90, 0xc4, 0xb8, 0x6d, 0xae,
  0x7f, 0x77, 0xb7, 0x80, 0x2f, 0xa7, 0x6b, 0xfd, 0x01, 0xf7, 0xa8, 0x5d, 0x8d, 0xdc, 0x13, 0x4d,
  0x37, 0x5a, 0x66, 0xae, 0x25, 0x37, 0xb0, 0x3e, 0x4b, 0x78, 0x3e, 0xdc, 0x41, 0x23, 0xe0, 0x12,
  0x5b, 0x30, 0x85, 0xe1, 0xe5, 0xd6, 0x55, 0xee, 0x47, 0xd5, 0x06, 0xab, 0x01, 0xcb, 0xe1, 0xbd,
  0x5b, 0xbb, 0x57, 0xb2, 0x04, 0x4d, 0xd7, 0x2d, 0xdc, 0xf4, 0x20, 0xab, 0x5b, 0x08, 0x3c, 0xd4,
  0x8e, 0x54, 0x0d, 0xb4, 0x8b, 0x6c, 0x55, 0x5a, 0x48, 0xe9, 0x0a, 0x2d, 0x7a, 0xeb, 0x0a, 0x13,
  0x9d, 0x36, 0xd8, 0x34, 0x6a, 0x24, 0x74, 0x5a, 0xe1, 0xd2, 0xa8, 0x01, 0xd0, 0x69, 0x45, 0x49,
  0xa3, 0x02, 0x3e, 0xa7, 0x0d, 0x1b, 0x8d, 0x0a, 0xef, 0x9c, 0x36, 0x48, 0x34, 0x1a, 0x55, 0xe9,
  0x3c, 0xb8, 0xb1, 0x18, 0xcd, 0xe2, 0x74, 0x8e, 0xc1, 0x9f, 0x05, 0x7c, 0x70, 0xd1, 0xd5, 0x8d,
  0x5d, 0x04, 0x73, 0x8e, 0x03, 0x5e, 0x73, 0x40, 0x89, 0x5a, 0xce, 0x11, 0x78, 0x6b, 0x8a, 0x22,
  0x54, 0x39, 0x6d, 0x68, 0xb6, 0x27, 0x34, 0x70, 0xda, 0x40, 0xac, 0x12, 0xda, 0xc2, 0x92, 0xd3,
  0x8e, 0x5e, 0x46, 0x03, 0x8c, 0x9c, 0x23, 0xa8, 0x65, 0xb4, 0x22, 0x8f, 0xf3, 0x59, 0x9e, 0x9c,
  0xba, 0x8f, 0xa2, 0x17, 0x42, 0x94, 0x6e, 0xec, 0x40, 0x8f, 0xf3, 0x00, 0x62, 0x19, 0x35, 0xe0,
  0x38, 0x47, 0xf0, 0x69, 0xe3, 0x3e, 0x52, 0xcc, 0xc6, 0x1a, 0x7e, 0xd7, 0x9f, 0x27, 0x81, 0xa3,
  0x5d, 0x7e, 0x99, 0x5c, 0x69, 0x06, 0xb2, 0x41, 0xe7, 0xef, 0x93, 0x2f, 0x9f, 0x2d, 0x64, 0xf3,
  0xf1, 0x0c, 0x7e, 0x86, 0xed, 0x96, 0x95, 0xab, 0x1b, 0x25, 0x21, 0x74, 0x9e, 0x42, 0x08, 0xf5,
  0xc6, 0x6a, 0xd5, 0x9a, 0x87, 0x15, 0xb9, 0x32, 0x02, 0xab, 0xba, 0x9a, 0x45, 0xb0, 0x81, 0x1f,
  0x8c, 0x81, 0xdb, 0xa1, 0x0d, 0x00, 0xa8, 0xea, 0x9e, 0x16, 0xa8, 0x88, 0x0f, 0xaf, 0xf0, 0x33,
  0x39, 0xfc, 0x0d, 0x80, 0xa5, 0x19, 0x04, 0x97, 0xb3, 0xd4, 0x5a, 0xc6, 0xad, 0x8b, 0x03, 0x0c,
  0x00, 0xc3, 0xbe, 0xbe, 0x01, 0xdb, 0xc0, 0x5a, 0x18, 0xd2, 0x49, 0x7d, 0xdd, 0x30, 0x2c, 0x8f,
  0x4a, 0xb2, 0xd9, 0x01, 0x5a, 0x25, 0x1f, 0xac, 0x05, 0xa0, 0x0d, 0x9d, 0x31, 0x43, 0x53, 0x3f,
  0x15, 0x00, 0x34, 0xb4, 0xac, 0x5e, 0x20, 0x6f, 0xff, 0x81, 0x4c, 0x95, 0x2b, 0xb8, 0x62, 0x7d,
  0x1a, 0x7e, 0xca, 0xdb, 0xe7, 0x58, 0x1d, 0x1f, 0xaa, 0x93, 0x03, 0x10, 0x6b, 0xcd, 0xa8, 0xa0,
  0xc6, 0x7d, 0x32, 0xa4, 0x60, 0x31, 0xe0, 0xdf, 0x47, 0xc4, 0x0d, 0x50, 0x29, 0x99, 0x74, 0xb2,
  0xcc, 0x3d, 0xb5, 0xab, 0x54, 0x36, 0xee, 0xef, 0x7f, 0xfb, 0x5d, 0xb7, 0x16, 0x34, 0xed, 0x42,
  0x8b, 0x37, 0xbe, 0xc6, 0x13, 0xca, 0xf8, 0xf8, 0x49, 0x6f, 0xe7, 0x7c, 0x57, 0x5e, 0xd1, 0xe4,
  0x78, 0x76, 0xf9, 0x6e, 0x3d, 0x91, 0xa9, 0x45, 0x35, 0x56, 0x5e, 0x72, 0x24, 0xdd, 0x82, 0x9f,
  0x5a, 0xf1, 0xd2, 0xa5, 0xdb, 0xeb, 0xf4, 0x66, 0x86, 0xf6, 0xc3, 0x9f, 0x45, 0x22, 0x5c, 0x88,
  0x4d, 0x67, 0x0c, 0x08, 0x50, 0x1f, 0x0a, 0xe1, 0x64, 0x39, 0xfe, 0x6e, 0xdd, 0x18, 0xd8, 0x55,
  0xf4, 0x50, 0xd7, 0x36, 0x20, 0x33, 0x26, 0xff, 0x84, 0x3b, 0x5b, 0xa2, 0x04, 0x32, 0x90, 0x78,
  0xfb, 0x56, 0x33, 0x4d, 0x6d, 0x43, 0x82, 0x1f, 0x17, 0xea, 0x14, 0x74, 0xad, 0xca, 0x02, 0x63,
  0x89, 0x33, 0xb4, 0x22, 0x16, 0xcf, 0xc4, 0xfc, 0xad, 0x7c, 0x56, 0x68, 0xae, 0xe9, 0x8e, 0x06,
  0xe7, 0xa9, 0x6a, 0xd2, 0x50, 0x06, 0xf0, 0x9b, 0x52, 0x33, 0xb8, 0x8f, 0x73, 0x5a, 0xf0, 0xac,
  0xc9, 0x65, 0x21, 0x26, 0xde, 0x18, 0x7f, 0x28, 0x4b, 0x62, 0x1f, 0xaa, 0xf4, 0xc6, 0xeb, 0xea,
  0xde, 0x78, 0xdd, 0x4a, 0x1d, 0x51, 0x0a, 0x75, 0xe4, 0xe5, 0x04, 0x9b, 0x35, 0x8c, 0xb7, 0xd1,
  0xb0, 0x8f, 0xa6, 0x1c, 0x8a, 0x32, 0xcc, 0x92, 0x85, 0x3a, 0xf2, 0x95, 0x04, 0x1f, 0x1d, 0xc4,
  0xf2, 0xdc, 0xb4, 0x94, 0x62, 0x5d, 0x38, 0x4f, 0x2a, 0xc4, 0x43, 0xdc, 0x05, 0xb7, 0xe7, 0x28,
  0xe0, 0x35, 0x39, 0x85, 0x24, 0x24, 0xb8, 0x92, 0x94, 0x80, 0x9c, 0x17, 0xbe, 0xba, 0xd5, 0xd1,
  0xa3, 0xd9, 0x5e, 0x16, 0xb3, 0xab, 0x76, 0x3c, 0x57, 0xfe, 0x54, 0x53, 0x9d, 0x45, 0x21, 0x6d,
  0xe5, 0x6f, 0x34, 0xbd, 0xf2, 0x6f, 0x83, 0xfe, 0x07, 0x5d, 0xe2, 0x6a, 0x69, 0x2f, 0x24, 0x00,
  0x00,

};
static constexpr size_t SETUP_HTML_GZ_LEN = sizeof(SETUP_HTML_GZ);

#if APP_ENABLE_MODBUS
const char MODBUS_MAP_HTML[] PROGMEM = R"rawliteral(<!doctype html>
<html lang="en">
<head>
<meta charset="utf-8">
<meta name="viewport" content="width=device-width,initial-scale=1">
<title>Modbus Map Editor</title>
<style>
:root{--bg:#09131c;--panel:#102433;--panel2:#0b1b26;--line:#2f6077;--ink:#edf5f8;--muted:#98b5c7;--ok:#8be08d;--err:#ff9b9b;--accent:#ff9f4d;--shadow:0 14px 32px rgba(0,0,0,.28)}
*{box-sizing:border-box}
body{margin:0;font-family:"Trebuchet MS","Gill Sans",sans-serif;background:radial-gradient(circle at top left,#1f4456 0,#09131c 48%),linear-gradient(150deg,#09131c,#153244 66%,#1d4255);color:var(--ink)}
.wrap{max-width:1100px;margin:0 auto;padding:20px}
h1{margin:0 0 6px;font-size:30px;letter-spacing:.04em}
.muted{color:var(--muted);margin:0 0 10px}
.panel{background:linear-gradient(180deg,rgba(255,255,255,.05),rgba(255,255,255,.02));border:1px solid rgba(255,255,255,.12);border-radius:16px;padding:14px;margin-bottom:14px;box-shadow:var(--shadow)}
.hidden{display:none}
.section-head{display:flex;justify-content:space-between;align-items:center;gap:10px;flex-wrap:wrap;margin-bottom:10px}
.section-head h3{margin:0;font-size:15px;letter-spacing:.08em;text-transform:uppercase;color:#dfeaf0}
.section-note{font-size:11px;color:var(--muted)}
.map-grid{display:grid;grid-template-columns:repeat(auto-fit,minmax(240px,1fr));gap:10px}
.map-card{background:var(--panel2);border:1px solid rgba(255,255,255,.09);border-radius:12px;padding:10px;display:grid;gap:8px}
.map-title{display:flex;align-items:center;justify-content:space-between;font-size:12px;color:#dce8ee;text-transform:uppercase;letter-spacing:.08em}
.chip{padding:4px 8px;border-radius:999px;background:#173243;border:1px solid rgba(255,255,255,.12);font-size:11px;color:#d5e8f1}
label{display:block;font-size:11px;color:var(--muted);letter-spacing:.06em;text-transform:uppercase}
input[type="number"]{width:100%;padding:10px 11px;border-radius:10px;border:1px solid var(--line);background:#0a151d;color:var(--ink);min-height:40px}
.word-toggle{display:flex;align-items:center;justify-content:space-between;gap:10px;padding:8px 10px;border:1px solid var(--line);border-radius:10px;background:#0a151d}
.word-toggle span{font-size:12px;color:#d7e7ef}
.word-toggle small{display:block;color:var(--muted);font-size:10px}
.switch{position:relative;width:42px;height:24px;display:inline-block;flex:0 0 auto}
.switch input{opacity:0;width:0;height:0;position:absolute}
.slider{position:absolute;inset:0;background:#2c4553;border-radius:999px;border:1px solid rgba(255,255,255,.18);transition:all .2s ease}
.slider:before{content:"";position:absolute;width:18px;height:18px;left:2px;top:2px;border-radius:50%;background:#dbe7ed;transition:all .2s ease}
.switch input:checked+.slider{background:linear-gradient(135deg,#0f9f88,#14c7aa)}
.switch input:checked+.slider:before{transform:translateX(18px);background:#ffffff}
.actions{display:flex;flex-wrap:wrap;gap:10px;margin-top:12px}
button,a{padding:10px 14px;border-radius:10px;border:1px solid var(--line);background:#0a151d;color:var(--ink);text-decoration:none;cursor:pointer;min-height:42px}
button.primary{background:linear-gradient(135deg,var(--accent),#ffc178);color:#26160a;border:none;font-weight:700}
#status{margin-top:10px;padding:10px;border-radius:10px;background:#0a151d;border:1px solid var(--line);white-space:pre-wrap}
.ok{color:var(--ok)}
.err{color:var(--err)}
@media (max-width:760px){.wrap{padding:12px}.actions{flex-direction:column}.actions button,.actions a{width:100%}}
</style>
</head>
<body>
<div class="wrap">
  <h1>Modbus Map Editor</h1>
  <p class="muted">Editor responsive para direccion y formato por canal (1 o 2 registros).</p>
  <p class="muted" id="mode-note">Modo actual: --</p>

  <div class="panel" id="panel-publish">
    <div class="section-head">
      <h3>Temperatura (publicacion)</h3>
      <div class="section-note">Direcciones usadas para publicar en local/cloud.</div>
    </div>
    <div class="map-grid" id="temp-grid"></div>
    <div class="section-head" style="margin-top:12px">
      <h3>Humedad (publicacion)</h3>
      <div class="section-note">Configura H1-H2 segun tus registros remotos.</div>
    </div>
    <div class="map-grid" id="hum-grid"></div>
  </div>

  <div class="panel" id="panel-hybrid-source">
    <div class="section-head">
      <h3>Temperatura (mirror/hybrid source)</h3>
      <div class="section-note">Origen remoto usado por modo Hybrid.</div>
    </div>
    <div class="map-grid" id="temp-mirror-grid"></div>
    <div class="section-head" style="margin-top:12px">
      <h3>Humedad (mirror/hybrid source)</h3>
      <div class="section-note">Mirror source para H1-H2.</div>
    </div>
    <div class="map-grid" id="hum-mirror-grid"></div>
  </div>

  <div class="actions">
    <button class="primary" id="save">Guardar mapeo</button>
    <button id="reload">Recargar</button>
    <a href="/app">Volver a /app</a>
  </div>

  <div id="status">Cargando...</div>
</div>

<script>
const SPECS=[
  {key:'modbusTempRegisters',wordsKey:'modbusTempRegisterWords',count:4,prefix:'T',host:'temp-grid'},
  {key:'modbusHumRegisters',wordsKey:'modbusHumRegisterWords',count:2,prefix:'H',host:'hum-grid'},
  {key:'modbusMirrorTempRegisters',wordsKey:'modbusMirrorTempRegisterWords',count:4,prefix:'T',host:'temp-mirror-grid'},
  {key:'modbusMirrorHumRegisters',wordsKey:'modbusMirrorHumRegisterWords',count:2,prefix:'H',host:'hum-mirror-grid'}
];

let cfg={};
function el(id){return document.getElementById(id)}
function setStatus(text,kind){const n=el('status');n.textContent=text;n.className=kind||''}
function toInt(v,fallback=0){const n=Number(v);return Number.isFinite(n)?Math.trunc(n):fallback}
function clamp(v,min,max){return Math.max(min,Math.min(max,v))}

function modbusModeLabel(mode){
  if(mode===3)return 'TCP to RTU';
  if(mode===4)return 'Slave to Me';
  if(mode===5)return 'Slave to Me Hybrid TCP';
  if(mode===1)return 'RTU Server';
  if(mode===2)return 'TCP Server';
  return 'Off';
}

function applyModeVisibility(){
  const mode=toInt(cfg.modbusMode,0);
  const publishPanel=el('panel-publish');
  const hybridPanel=el('panel-hybrid-source');
  const modeNote=el('mode-note');
  if(modeNote){
    modeNote.textContent=`Modo actual: ${modbusModeLabel(mode)} (mode=${mode})`;
  }

  const isTcpRtu=mode===3;
  const isSlaveToMe=mode===4;
  const isHybrid=mode===5;

  if(publishPanel){
    publishPanel.classList.toggle('hidden',!(isTcpRtu||isSlaveToMe||isHybrid));
  }
  if(hybridPanel){
    hybridPanel.classList.toggle('hidden',!isHybrid);
  }

  if(modeNote){
    if(isHybrid){
      modeNote.textContent+=' | En Hybrid, el origen remoto usa bloques mirror/hybrid source.';
    }else if(isTcpRtu||isSlaveToMe){
      modeNote.textContent+=' | En este modo, el origen remoto usa bloques de publicacion.';
    }else{
      modeNote.textContent+=' | Este editor aplica principalmente a TCP-RTU (3), Slave to Me (4) y Hybrid (5).';
    }
  }
}

function renderCard(spec,index,addrValue,twoRegs){
  const card=document.createElement('div');
  card.className='map-card';

  const title=document.createElement('div');
  title.className='map-title';
  title.innerHTML=`<span>Canal ${spec.prefix}${index+1}</span><span class="chip">${spec.prefix}${index+1}</span>`;

  const addrWrap=document.createElement('div');
  const addrLabel=document.createElement('label');
  addrLabel.textContent='Direccion Modbus';
  const addr=document.createElement('input');
  addr.id=`${spec.key}-${index}-addr`;
  addr.type='number';
  addr.step='1';
  addr.min='0';
  addr.max='65535';
  addr.value=clamp(toInt(addrValue,0),0,65535);
  addrWrap.append(addrLabel,addr);

  const toggle=document.createElement('label');
  toggle.className='word-toggle';
  const text=document.createElement('span');
  text.innerHTML='2 registros (32-bit)<small>Activa para int32/float en 2 words</small>';
  const switchWrap=document.createElement('span');
  switchWrap.className='switch';
  const chk=document.createElement('input');
  chk.id=`${spec.key}-${index}-w2`;
  chk.type='checkbox';
  chk.checked=Boolean(twoRegs);
  const slider=document.createElement('span');
  slider.className='slider';
  switchWrap.append(chk,slider);
  toggle.append(text,switchWrap);

  card.append(title,addrWrap,toggle);
  return card;
}

function render(){
  SPECS.forEach(spec=>{
    const host=el(spec.host);
    host.innerHTML='';
    const regs=Array.isArray(cfg[spec.key])?cfg[spec.key]:[];
    const words=Array.isArray(cfg[spec.wordsKey])?cfg[spec.wordsKey]:[];
    for(let i=0;i<spec.count;i++){
      const addr=regs[i]??0;
      const twoRegs=toInt(words[i]??1,1)>1;
      host.appendChild(renderCard(spec,i,addr,twoRegs));
    }
  });
  applyModeVisibility();
}

function collectPayload(){
  const payload={};
  SPECS.forEach(spec=>{
    const regs=[];
    const words=[];
    for(let i=0;i<spec.count;i++){
      const addrNode=el(`${spec.key}-${i}-addr`);
      const twoRegsNode=el(`${spec.key}-${i}-w2`);
      regs.push(clamp(toInt(addrNode?addrNode.value:0,0),0,65535));
      words.push(twoRegsNode&&twoRegsNode.checked?2:1);
    }
    payload[spec.key]=regs;
    payload[spec.wordsKey]=words;
  });
  return payload;
}

async function loadConfig(){
  const res=await fetch('/api/v1/config',{cache:'no-store'});
  if(!res.ok)throw new Error(await res.text()||res.statusText);
  cfg=await res.json();
  render();
  setStatus('Configuracion cargada.','ok');
}

async function save(){
  try{
    const payload=collectPayload();
    const res=await fetch('/api/v1/config',{method:'POST',headers:{'Content-Type':'application/json'},body:JSON.stringify(payload)});
    if(!res.ok)throw new Error(await res.text()||res.statusText);
    await loadConfig();
    setStatus('Mapeo guardado correctamente.','ok');
  }catch(error){
    setStatus('Error guardando: '+error.message,'err');
  }
}

el('save').onclick=()=>{void save()};
el('reload').onclick=()=>{void loadConfig()};
void loadConfig().catch(error=>setStatus('Error cargando: '+error.message,'err'));
</script>
</body>
</html>
)rawliteral";
#endif

const char CUSTOM_PROGRAM_HTML[] PROGMEM = R"rawliteral(
<!doctype html>
<html lang="es">
<head>
<meta charset="utf-8">
<meta name="viewport" content="width=device-width,initial-scale=1">
<title>Custom WorkMode Program</title>
<style>
:root{--bg:#0d1822;--panel:#152738;--line:#32556f;--ink:#eef4f7;--muted:#9db4c2;--ok:#8be08d;--err:#ff9b9b;--warn:#ffd67a;--accent:#5ec7ff}
*{box-sizing:border-box}
body{margin:0;font-family:"Trebuchet MS","Gill Sans",sans-serif;background:linear-gradient(150deg,#08121a,#102331 58%,#193648);color:var(--ink)}
.wrap{max-width:1100px;margin:0 auto;padding:20px}
h1{margin:0 0 6px;font-size:28px}
.muted{color:var(--muted);margin:0 0 16px}
.panel{background:rgba(255,255,255,.03);border:1px solid rgba(255,255,255,.12);border-radius:14px;padding:14px;margin-bottom:14px}
.grid{display:grid;grid-template-columns:repeat(auto-fit,minmax(220px,1fr));gap:10px}
label{display:block;font-size:12px;color:var(--muted);margin-bottom:6px}
select,textarea{width:100%;padding:10px;border-radius:10px;border:1px solid var(--line);background:#0a151d;color:var(--ink)}
textarea{min-height:340px;font-family:Consolas,"Courier New",monospace;resize:vertical;line-height:1.35}
.actions{display:flex;flex-wrap:wrap;gap:10px;margin-top:12px}
button,a{padding:10px 14px;border-radius:10px;border:1px solid var(--line);background:#0a151d;color:var(--ink);text-decoration:none;cursor:pointer}
button.primary{background:linear-gradient(135deg,var(--accent),#a9ecff);color:#072432;border:none;font-weight:700}
#status{margin-top:10px;padding:10px;border-radius:10px;background:#0a151d;border:1px solid var(--line);white-space:pre-wrap}
.ok{color:var(--ok)}
.err{color:var(--err)}
.warn{color:var(--warn)}
.hint{font-size:12px;color:var(--muted);line-height:1.5}
.docs{display:grid;grid-template-columns:repeat(auto-fit,minmax(260px,1fr));gap:10px}
.doc{background:#0a151d;border:1px solid var(--line);border-radius:10px;padding:10px}
.doc h3{margin:0 0 8px;font-size:14px}
.doc ul{margin:0;padding-left:18px}
.doc li{margin:4px 0;color:var(--muted);font-size:12px;line-height:1.45}
.mono{font-family:Consolas,"Courier New",monospace;color:var(--ink)}
.code{display:block;margin-top:8px;padding:8px;border-radius:8px;background:#081019;border:1px solid #27455d;white-space:pre-wrap;font-family:Consolas,"Courier New",monospace;font-size:12px;color:#d8ecf7}
@media (max-width:700px){.wrap{padding:12px}.actions{flex-direction:column}.actions button,.actions a{width:100%}}
</style>
</head>
<body>
<div class="wrap">
  <h1>Programa Custom (WORK_CUSTOM)</h1>
  <p class="muted">Editor seguro de reglas online para relays. El parser valida sintaxis y ejecuta en ciclos no bloqueantes.</p>

  <div class="panel">
    <div class="grid">
      <div>
        <label for="workMode">Modo de trabajo</label>
        <select id="workMode">
          <option value="0">Desactivado</option>
          <option value="1">Termostato</option>
          <option value="2">Pushbutton</option>
          <option value="3">Manual</option>
          <option value="4">Custom</option>
        </select>
      </div>
      <div>
        <label>Estado compilacion</label>
        <div id="compile-status" class="hint">--</div>
      </div>
    </div>
    <div class="actions">
      <button class="primary" id="save">Guardar programa</button>
      <button id="reload">Recargar</button>
      <button id="template-blink">Plantilla Blink</button>
      <button id="template-pasteurizer">Plantilla Pasteurizador</button>
      <button id="template-wash">Plantilla Lavado</button>
      <a href="/app">Volver a /app</a>
    </div>
  </div>

  <div class="panel">
    <label for="program">Programa custom</label>
    <textarea id="program" spellcheck="false"></textarea>
    <p class="hint">
Comandos validos:
SET RELn ON|OFF
BLINK RELn onMs [offMs]
TIMER RELn onMs offMs
ONCHANGE INn TOGGLE RELm
PULSE INn RELm onMs count [gapMs]
THERMOSTAT RELn TEMPm setpoint diff [AUTO|COOL|HEAT]
IF TEMPn op valor THEN RELm ON|OFF
IF HUMn op valor THEN RELm ON|OFF
IF INn op ON|OFF THEN RELm ON|OFF
IFALL src1 op v1 src2 op v2 THEN RELm ON|OFF
IFANY src1 op v1 src2 op v2 THEN RELm ON|OFF
Operadores: == != > >= < <=
    </p>
  </div>

  <div class="panel">
    <h2 style="margin:0 0 10px">Referencia completa</h2>
    <div class="docs">
      <div class="doc">
        <h3>Campos del script</h3>
        <ul>
          <li><span class="mono">REL1..REL4</span>: salidas (reles) que puedes activar.</li>
          <li><span class="mono">IN1..IN4</span>: entradas digitales.</li>
          <li><span class="mono">TEMP1..TEMP4</span>: sondas de temperatura.</li>
          <li><span class="mono">HUM1..HUM2</span>: sondas de humedad.</li>
          <li>Maximo de reglas: <span class="mono">24</span>.</li>
        </ul>
      </div>

      <div class="doc">
        <h3>Sintaxis disponible</h3>
        <ul>
          <li><span class="mono">SET RELn ON|OFF</span></li>
          <li><span class="mono">BLINK RELn onMs [offMs]</span> (50..3600000 ms)</li>
          <li><span class="mono">TIMER RELn onMs offMs</span> (50..3600000 ms)</li>
          <li><span class="mono">ONCHANGE INn TOGGLE RELm</span></li>
          <li><span class="mono">PULSE INn RELm onMs count [gapMs]</span> (count 1..20)</li>
          <li><span class="mono">THERMOSTAT RELn TEMPm setpoint diff [AUTO|COOL|HEAT]</span></li>
          <li><span class="mono">IF TEMPn op valor THEN RELm ON|OFF</span></li>
          <li><span class="mono">IF HUMn op valor THEN RELm ON|OFF</span></li>
          <li><span class="mono">IF INn op ON|OFF THEN RELm ON|OFF</span></li>
          <li><span class="mono">IFALL src1 op v1 src2 op v2 THEN RELm ON|OFF</span></li>
          <li><span class="mono">IFANY src1 op v1 src2 op v2 THEN RELm ON|OFF</span></li>
        </ul>
      </div>

      <div class="doc">
        <h3>Condiciones y matematica</h3>
        <ul>
          <li>Comparadores: <span class="mono">== != &gt; &gt;= &lt; &lt;=</span></li>
          <li>Soporta histeresis con <span class="mono">THERMOSTAT</span> usando <span class="mono">setpoint</span> y <span class="mono">diff</span>.</li>
          <li>Soporta compuertas logicas de 2 condiciones con <span class="mono">IFALL</span> (AND) y <span class="mono">IFANY</span> (OR).</li>
          <li>No soporta expresiones libres: <span class="mono">+ - * / () ELSE</span>.</li>
          <li>Comentarios: linea con <span class="mono">//</span> o inline con <span class="mono">#</span>.</li>
        </ul>
      </div>

      <div class="doc">
        <h3>API local para actuar</h3>
        <ul>
          <li><span class="mono">GET /api/v1/config</span></li>
          <li><span class="mono">POST /api/v1/config</span> para guardar config completa.</li>
          <li><span class="mono">POST /api/v1/control</span> para cambios rapidos de control.</li>
          <li><span class="mono">GET /api/v1/state</span> para validacion del parser.</li>
          <li>Estado parser: <span class="mono">customProgramValid</span>, <span class="mono">customProgramRuleCount</span>, <span class="mono">customProgramError</span>.</li>
        </ul>
      </div>

      <div class="doc">
        <h3>Campos clave (control local)</h3>
        <ul>
          <li><span class="mono">workMode</span> (0..4)</li>
          <li><span class="mono">customProgram</span> (texto del programa)</li>
          <li><span class="mono">setpoint</span>, <span class="mono">setpoint2</span></li>
          <li><span class="mono">manualRelays</span> (array bool)</li>
          <li><span class="mono">relay1..relay4</span> (bool)</li>
        </ul>
      </div>

      <div class="doc">
        <h3>Campos cloud desiredState</h3>
        <ul>
          <li><span class="mono">workMode</span>, <span class="mono">customProgram</span>, <span class="mono">power</span>, <span class="mono">mode</span>, <span class="mono">fan</span></li>
          <li><span class="mono">setpoint</span>, <span class="mono">setpoint2</span>, <span class="mono">differentialX10</span></li>
          <li><span class="mono">highAlarmX10</span>, <span class="mono">lowAlarmX10</span>, <span class="mono">tempAlarmDelayMin</span></li>
          <li><span class="mono">controlPeriodMs</span>, <span class="mono">defrostIntervalMin</span>, <span class="mono">defrostDurationMin</span>, <span class="mono">defrostStopX10</span></li>
          <li><span class="mono">stopRelay1OnDefrost</span>, <span class="mono">stopRelay2OnDefrost</span>, <span class="mono">relay2Mode</span>, <span class="mono">relay3Mode</span></li>
          <li><span class="mono">relays</span> objeto: <span class="mono">{"REL1":true,"REL2":false,...}</span></li>
        </ul>
      </div>
    </div>

    <span class="code">Ejemplo POST /api/v1/config
{
  "workMode": 4,
  "customProgram": "THERMOSTAT REL1 TEMP1 4.0 0.8 COOL\nIFALL TEMP1 &gt; 30 HUM1 &gt; 70 THEN REL2 ON\nIFANY IN1 == ON IN2 == ON THEN REL2 OFF\nONCHANGE IN3 TOGGLE REL3\nPULSE IN4 REL4 2000 2 300\nTIMER REL2 5000 3000"
}</span>
  </div>

  <div id="status">Cargando...</div>
</div>

<script>
let cfg={};
let state={};

function el(id){return document.getElementById(id)}
function setStatus(text,kind){const n=el('status');n.textContent=text;n.className=kind||''}
function toInt(v,fallback=0){const n=Number(v);return Number.isFinite(n)?Math.trunc(n):fallback}

const templates={
  blink:[
    '# Blink simple',
    'BLINK REL1 500 500',
    'SET REL2 OFF',
    'SET REL3 OFF',
    'SET REL4 OFF'
  ].join('\n'),
  pasteurizer:[
    '# Pasteurizador basico',
    '# REL1: resistencia',
    '# REL2: bomba recirculacion',
    '# REL3: alarma alta',
    'THERMOSTAT REL1 TEMP1 72 1 HEAT',
    'SET REL2 ON',
    'IF TEMP1 >= 78 THEN REL3 ON',
    'IF TEMP1 <= 76 THEN REL3 OFF'
  ].join('\n'),
  wash:[
    '# Lavado CIP simple',
    '# REL1 bomba ciclica',
    '# REL2 valvula enjuague',
    'BLINK REL1 12000 8000',
    'IF TEMP1 >= 45 THEN REL2 ON',
    'IF TEMP1 <= 42 THEN REL2 OFF',
    'SET REL3 OFF',
    'SET REL4 OFF'
  ].join('\n')
};

function render(){
  el('workMode').value=String(toInt(cfg.workMode,1));
  el('program').value=typeof cfg.customProgram==='string'?cfg.customProgram:'';
  const valid=Boolean(state.customProgramValid);
  const count=toInt(state.customProgramRuleCount,0);
  const error=state.customProgramError||'';
  const node=el('compile-status');
  if(valid){
    node.textContent='Valido ('+count+' reglas)';
    node.className='hint ok';
  }else if(error){
    node.textContent='Invalido: '+error;
    node.className='hint err';
  }else{
    node.textContent='Sin compilar';
    node.className='hint warn';
  }
}

async function loadAll(){
  const [cfgRes,stateRes]=await Promise.all([
    fetch('/api/v1/config',{cache:'no-store'}),
    fetch('/api/v1/state',{cache:'no-store'})
  ]);
  if(!cfgRes.ok)throw new Error(await cfgRes.text()||cfgRes.statusText);
  if(!stateRes.ok)throw new Error(await stateRes.text()||stateRes.statusText);
  cfg=await cfgRes.json();
  state=await stateRes.json();
  render();
  setStatus('Configuracion custom cargada.', 'ok');
}

async function saveProgram(){
  try{
    const payload={
      workMode:toInt(el('workMode').value,1),
      customProgram:el('program').value
    };
    const res=await fetch('/api/v1/config',{
      method:'POST',
      headers:{'Content-Type':'application/json'},
      body:JSON.stringify(payload)
    });
    if(!res.ok)throw new Error(await res.text()||res.statusText);
    await loadAll();
    if(state.customProgramValid){
      setStatus('Programa guardado y validado. Modo actual: '+toInt(cfg.workMode,1), 'ok');
    }else{
      setStatus('Programa guardado pero invalido: '+(state.customProgramError||'sin detalle'), 'warn');
    }
  }catch(error){
    setStatus('Error guardando: '+error.message, 'err');
  }
}

el('save').onclick=()=>{void saveProgram()};
el('reload').onclick=()=>{void loadAll()};
el('template-blink').onclick=()=>{el('program').value=templates.blink};
el('template-pasteurizer').onclick=()=>{el('program').value=templates.pasteurizer};
el('template-wash').onclick=()=>{el('program').value=templates.wash};
void loadAll().catch(error=>setStatus('Error cargando: '+error.message, 'err'));
</script>
</body>
</html>
)rawliteral";


void sendJsonStatus(int code, bool ok, const String& message) {
  StaticJsonDocument<256> doc;
  doc["ok"] = ok;
  doc["message"] = message;
  String out;
  serializeJson(doc, out);
  server.sendHeader("Cache-Control", "no-store");
  server.send(code, "application/json", out);
}

bool setupAccessAllowed() {
  return !hasStoredConfig() || runtimeData.apModeActive || !config().wifiSsid[0];
}

String buildNetworkJson() {
  StaticJsonDocument<1024> doc;
  doc["hostName"] = config().hostName;
  doc["adminUser"] = config().adminUser;
  doc["adminPass"] = config().adminPass;
  doc["wifiSsid"] = config().wifiSsid;
  doc["wifiPass"] = config().wifiPass;
  doc["apPassword"] = config().apPassword;
  doc["otaPassword"] = config().otaPassword;
  doc["wifiUseDhcp"] = config().wifiUseDhcp;
  doc["wifiStaticIp"] = config().wifiStaticIp;
  doc["wifiSubnetMask"] = config().wifiSubnetMask;
  doc["wifiGateway"] = config().wifiGateway;
  doc["wifiDns1"] = config().wifiDns1;
  doc["wifiDns2"] = config().wifiDns2;
  doc["wifiConnectTimeoutSec"] = config().wifiConnectTimeoutSec;
  doc["keepApEnabled"] = config().keepApEnabled;
  doc["enableOta"] = config().enableOta;
  doc["wifiConnected"] = runtimeData.wifiConnected;
  doc["apModeActive"] = runtimeData.apModeActive;
  doc["ipAddress"] = runtimeData.ipAddress;
  doc["connectedSsid"] = runtimeData.connectedSsid;
  doc["apSsid"] = runtimeData.apSsid;
  String out;
  serializeJson(doc, out);
  return out;
}

String buildWifiScanJson() {
  StaticJsonDocument<2048> doc;
  JsonArray networks = doc.createNestedArray("networks");
  const int found = WiFi.scanNetworks();
  for (int index = 0; index < found && index < 20; ++index) {
    JsonObject row = networks.createNestedObject();
    row["ssid"] = WiFi.SSID(index);
    row["rssi"] = WiFi.RSSI(index);
  }
  WiFi.scanDelete();
  String out;
  serializeJson(doc, out);
  return out;
}

class StringPrint : public Print {
 public:
  size_t write(uint8_t ch) override {
    buffer += static_cast<char>(ch);
    return 1;
  }

  size_t write(const uint8_t* data, size_t size) override {
    if (!data || !size) return 0;
    for (size_t index = 0; index < size; ++index) {
      buffer += static_cast<char>(data[index]);
    }
    return size;
  }

  String buffer;
};

#if defined(ARDUINO_ARCH_ESP32)
size_t countOtaAppPartitions() {
  size_t count = 0;
  for (esp_partition_iterator_t it = esp_partition_find(ESP_PARTITION_TYPE_APP, ESP_PARTITION_SUBTYPE_ANY, nullptr); it != nullptr; it = esp_partition_next(it)) {
    const esp_partition_t* partition = esp_partition_get(it);
    if (!partition) continue;
    if (partition->subtype >= ESP_PARTITION_SUBTYPE_APP_OTA_0 && partition->subtype < ESP_PARTITION_SUBTYPE_APP_OTA_MAX) ++count;
  }
  return count;
}

String httpOtaPreflightError(size_t firmwareSize) {
  const size_t otaPartitionCount = countOtaAppPartitions();
  if (otaPartitionCount < 2) {
    return "OTA unavailable: no free OTA slot. Flash by USB.";
  }
  const esp_partition_t* running = esp_ota_get_running_partition();
  const esp_partition_t* target = esp_ota_get_next_update_partition(nullptr);
  if (!target || (running && target->address == running->address)) {
    return "OTA unavailable: target slot error. Flash by USB.";
  }
  if (firmwareSize && firmwareSize > target->size) {
    String message = "OTA image too large for slot: ";
    message += static_cast<unsigned long>(firmwareSize);
    message += " > ";
    message += static_cast<unsigned long>(target->size);
    message += " bytes.";
    return message;
  }
  return String();
}
#else
String httpOtaPreflightError(size_t firmwareSize) {
  (void)firmwareSize;
  return String();
}
#endif

size_t otaUploadBeginSize(size_t uploadSize) {
  if (uploadSize) return uploadSize;
#if defined(ARDUINO_ARCH_ESP8266)
  return static_cast<size_t>((ESP.getFreeSketchSpace() - 0x1000U) & 0xFFFFF000U);
#else
  return static_cast<size_t>(-1);
#endif
}

void cancelOtaUpload() {
  // Works on both ESP8266 and ESP32 to close the current OTA session.
  Update.end();
}

void clearHttpOtaState() {
  gHttpOtaStarted = false;
  gHttpOtaErrorMessage = String();
}

String otaUploadResultText() {
  if (gHttpOtaErrorMessage.length()) return gHttpOtaErrorMessage;
  StringPrint errors;
  Update.printError(errors);
  String message = errors.buffer;
  message.trim();
  if (!message.length()) message = "OTA upload failed";
  return message;
}

void sendCompressedHtml(const uint8_t* data, size_t length) {
  server.sendHeader("Content-Encoding", "gzip");
  server.send_P(200, "text/html", reinterpret_cast<PGM_P>(data), length);
}

bool sendHtmlFromFilesystem(const char* htmlPath) {
  if (!htmlPath || !htmlPath[0]) return false;

  File htmlFile = APP_FILESYSTEM.open(htmlPath, "r");
  if (htmlFile) {
    const size_t htmlSize = static_cast<size_t>(htmlFile.size());
    if (htmlSize < 32U) {
      htmlFile.close();
      return false;
    }
    server.streamFile(htmlFile, "text/html");
    htmlFile.close();
    return true;
  }

  const String gzPath = String(htmlPath) + String(".gz");
  File gzFile = APP_FILESYSTEM.open(gzPath, "r");
  if (!gzFile) return false;
  const size_t gzSize = static_cast<size_t>(gzFile.size());
  if (gzSize < 32U) {
    gzFile.close();
    return false;
  }

  server.sendHeader("Content-Encoding", "gzip");
  server.streamFile(gzFile, "text/html");
  gzFile.close();
  return true;
}

}  // namespace

void registerWebRoutes() {
  server.on("/", HTTP_GET, []() {
    server.sendHeader("Cache-Control", "no-store");
    server.sendHeader("Location", setupAccessAllowed() ? "/setup" : "/app");
    server.send(302, "text/plain", "redirect");
  });

  server.on("/setup", HTTP_GET, []() {
    if (!setupAccessAllowed() && !ensureAdminAuthenticated()) return;
    server.sendHeader("Cache-Control", "no-store");
    if (!sendHtmlFromFilesystem(kFsSetupHtmlPath)) {
      sendCompressedHtml(SETUP_HTML_GZ, SETUP_HTML_GZ_LEN);
    }
  });

  server.on("/app", HTTP_GET, []() {
    if (!ensureAdminAuthenticated()) return;
    server.sendHeader("Cache-Control", "no-store");
    if (server.hasArg("page")) {
      const String page = server.arg("page");
      if (page == "custom-program") {
        if (!sendHtmlFromFilesystem(kFsCustomProgramHtmlPath)) {
          server.send_P(200, "text/html", reinterpret_cast<PGM_P>(CUSTOM_PROGRAM_HTML));
        }
        return;
      }
    }
    if (!sendHtmlFromFilesystem(kFsAppHtmlPath)) {
      sendCompressedHtml(APP_HTML_GZ, APP_HTML_GZ_LEN);
    }
  });

  server.on("/custom-program", HTTP_GET, []() {
    if (!ensureAdminAuthenticated()) return;
    server.sendHeader("Cache-Control", "no-store");
    if (!sendHtmlFromFilesystem(kFsCustomProgramHtmlPath)) {
      server.send_P(200, "text/html", reinterpret_cast<PGM_P>(CUSTOM_PROGRAM_HTML));
    }
  });

  server.on("/ota", HTTP_GET, []() {
    if (!ensureAdminAuthenticated()) return;
    server.sendHeader("Cache-Control", "no-store");
    if (!sendHtmlFromFilesystem(kFsOtaHtmlPath)) {
      sendCompressedHtml(OTA_HTML_GZ, OTA_HTML_GZ_LEN);
    }
  });

  server.on("/api/v1/network", HTTP_GET, []() {
    if (!setupAccessAllowed() && !ensureAdminAuthenticated()) return;
    server.sendHeader("Cache-Control", "no-store");
    server.send(200, "application/json", buildNetworkJson());
  });

  server.on("/api/v1/network", HTTP_POST, []() {
    if (!setupAccessAllowed() && !ensureAdminAuthenticated()) return;
    String error;
    if (updateNetworkFromJson(server.arg("plain"), error)) sendJsonStatus(200, true, "network saved");
    else sendJsonStatus(400, false, error);
  });

  server.on("/api/v1/wifi-scan", HTTP_GET, []() {
    if (!setupAccessAllowed() && !ensureAdminAuthenticated()) return;
    server.sendHeader("Cache-Control", "no-store");
    server.send(200, "application/json", buildWifiScanJson());
  });

  server.on("/api/v1/ota", HTTP_POST, []() {
    if (!ensureAdminAuthenticated()) return;
    const bool success = gHttpOtaStarted && !Update.hasError() && !gHttpOtaErrorMessage.length();
    const String message = success ? String("OTA uploaded successfully. Reboot scheduled.") : otaUploadResultText();
    server.sendHeader("Cache-Control", "no-store");
    server.send(success ? 200 : 500, "text/plain", message);
    if (success) {
      addLog("HTTP OTA upload completed successfully");
      scheduleRestart("http ota", 1500U);
    } else {
      addLog("HTTP OTA upload failed: %s", message.c_str());
    }
    clearHttpOtaState();
  }, []() {
    HTTPUpload& upload = server.upload();
    switch (upload.status) {
      case UPLOAD_FILE_START:
        clearHttpOtaState();
        addLog("HTTP OTA upload started: %s", upload.filename.c_str());
        gHttpOtaErrorMessage = httpOtaPreflightError(upload.totalSize);
        if (gHttpOtaErrorMessage.length()) {
          addLog("HTTP OTA upload rejected: %s", gHttpOtaErrorMessage.c_str());
          break;
        }
        if (!Update.begin(otaUploadBeginSize(upload.totalSize), U_FLASH)) {
          Update.printError(Serial);
          gHttpOtaErrorMessage = otaUploadResultText();
          addLog("HTTP OTA begin failed: %s", gHttpOtaErrorMessage.c_str());
        } else {
          gHttpOtaStarted = true;
        }
        break;
      case UPLOAD_FILE_WRITE:
        if (!gHttpOtaStarted) break;
        if (Update.write(upload.buf, upload.currentSize) != upload.currentSize) {
          Update.printError(Serial);
          gHttpOtaErrorMessage = otaUploadResultText();
          addLog("HTTP OTA write failed: %s", gHttpOtaErrorMessage.c_str());
        }
        break;
      case UPLOAD_FILE_END:
        if (!gHttpOtaStarted) break;
        if (!Update.end(true)) {
          Update.printError(Serial);
          gHttpOtaErrorMessage = otaUploadResultText();
          addLog("HTTP OTA end failed: %s", gHttpOtaErrorMessage.c_str());
        }
        break;
      case UPLOAD_FILE_ABORTED:
        if (gHttpOtaStarted) cancelOtaUpload();
        gHttpOtaErrorMessage = "OTA upload aborted";
        addLog("HTTP OTA upload aborted");
        break;
      default:
        break;
    }
    yield();
  });

  server.on("/api/v1/state", HTTP_GET, []() {
    if (!ensureAdminAuthenticated()) return;
    server.sendHeader("Cache-Control", "no-store");
    server.send(200, "application/json", buildStateJson());
  });

  server.on("/api/v1/logs", HTTP_GET, []() {
    if (!ensureAdminAuthenticated()) return;
    server.sendHeader("Cache-Control", "no-store");
    server.send(200, "text/plain", buildLogsText());
  });

  server.on("/api/v1/config", HTTP_GET, []() {
    if (!ensureAdminAuthenticated()) return;
    server.sendHeader("Cache-Control", "no-store");
    server.send(200, "application/json", buildConfigJson());
  });

  server.on("/api/v1/config", HTTP_POST, []() {
    if (!ensureAdminAuthenticated()) return;
    String error;
    if (updateConfigFromJson(server.arg("plain"), error)) sendJsonStatus(200, true, "configuration saved");
    else sendJsonStatus(400, false, error);
  });

  server.on("/api/v1/control", HTTP_POST, []() {
    if (!ensureAdminAuthenticated()) return;
    String error;
    if (handleControlJson(server.arg("plain"), error)) sendJsonStatus(200, true, "control applied");
    else sendJsonStatus(400, false, error);
  });

  server.on("/api/v1/reboot", HTTP_POST, []() {
    if (!ensureAdminAuthenticated()) return;
    scheduleRestart("api reboot", 1000U);
    sendJsonStatus(200, true, "reboot scheduled");
  });

  server.on("/api/v1/homekit-reset", HTTP_POST, []() {
    if (!ensureAdminAuthenticated()) return;
    homekitBridgeResetPairings();
    scheduleRestart("api homekit reset", 1000U);
    sendJsonStatus(200, true, "homekit pairings reset scheduled");
  });

  server.on("/api/v1/factory-reset", HTTP_POST, []() {
    if (!ensureAdminAuthenticated()) return;
    factoryResetAndRestart();
    sendJsonStatus(200, true, "factory reset scheduled");
  });

  server.onNotFound([]() {
    server.sendHeader("Location", setupAccessAllowed() ? "/setup" : "/app");
    server.send(302, "text/plain", "redirect");
  });
}

}  // namespace industrial_v2







