#include "WebUi.h"

#include <ArduinoJson.h>
#include <Update.h>

#if defined(ARDUINO_ARCH_ESP32)
#include <esp_ota_ops.h>
#include <esp_partition.h>
#endif

#include "IndustrialApp.h"

namespace industrial_v2 {

namespace {

bool gHttpOtaStarted = false;
String gHttpOtaErrorMessage;
static constexpr const char* kFsAppHtmlPath = "/webui/app.html";
static constexpr const char* kFsSetupHtmlPath = "/webui/setup.html";
static constexpr const char* kFsOtaHtmlPath = "/webui/ota.html";
static constexpr const char* kFsModbusMapHtmlPath = "/webui/modbus-map.html";
static constexpr const char* kFsCustomProgramHtmlPath = "/webui/custom-program.html";
static constexpr const char* kFsCustomProgramGuideHtmlPath = "/webui/custom-program-guide.html";

const uint8_t APP_HTML_GZ[] PROGMEM =
{
  0x1f, 0x8b, 0x08, 0x00, 0x00, 0x00, 0x00, 0x00, 0x02, 0xff, 0xed, 0x7d, 0x7b, 0x57, 0x1b, 0x49,
  0x92, 0xef, 0xff, 0xfe, 0x14, 0x65, 0xba, 0xc7, 0x25, 0x6d, 0x4b, 0x42, 0x12, 0xf8, 0x25, 0xb9,
  0x60, 0x31, 0xc6, 0x6d, 0xee, 0x80, 0xcd, 0x02, 0x76, 0xcf, 0x5c, 0x8f, 0xd7, 0x2e, 0xa4, 0x12,
  0x54, 0x23, 0x54, 0x5a, 0x95, 0x04, 0x66, 0x65, 0x7d, 0xf7, 0xfb, 0x8b, 0xc8, 0x47, 0x65, 0xd6,
  0x4b, 0x92, 0xed, 0xb9, 0xbb, 0x7b, 0xee, 0x3d, 0x7d, 0xda, 0xa8, 0x32, 0x23, 0x23, 0x5f, 0x91,
  0x11, 0x91, 0x91, 0x91, 0x91, 0x0f, 0x1e, 0xbc, 0x78, 0xd8, 0x8f, 0x7a, 0xd3, 0xfb, 0x71, 0xe0,
  0x5c, 0x4d, 0x6f, 0x86, 0x3b, 0x0f, 0x1e, 0xbc, 0xa0, 0xbf, 0xce, 0xd0, 0x1f, 0x5d, 0x7a, 0x1b,
  0xc1, 0x68, 0x83, 0x53, 0x02, 0xbf, 0x4f, 0x7f, 0x6f, 0x82, 0xa9, 0xef, 0xf4, 0xae, 0xfc, 0x49,
  0x1c, 0x4c, 0xbd, 0x8d, 0xd9, 0x74, 0x50, 0x7f, 0xb6, 0xa1, 0xd3, 0x47, 0xfe, 0x4d, 0xe0, 0x6d,
  0xdc, 0x86, 0xc1, 0xdd, 0x38, 0x9a, 0x4c, 0x37, 0x9c, 0x5e, 0x34, 0x9a, 0x06, 0x23, 0xc0, 0xdd,
  0x85, 0xfd, 0xe9, 0x95, 0xd7, 0x0f, 0x6e, 0xc3, 0x5e, 0x50, 0xe7, 0x8f, 0x5a, 0x38, 0x0a, 0xa7,
  0xa1, 0x3f, 0xac, 0xc7, 0x3d, 0x7f, 0x18, 0x78, 0x2d, 0x46, 0x32, 0x0d, 0xa7, 0xc3, 0x60, 0xe7,
  0xe8, 0x8d, 0x73, 0x38, 0xea, 0xcf, 0xe2, 0xe9, 0x04, 0xf9, 0xce, 0x87, 0x27, 0x2f, 0x36, 0x45,
  0x3a, 0x00, 0xe2, 0xe9, 0x3d, 0xff, 0xe8, 0x4c, 0xa2, 0x68, 0x3a, 0xaf, 0xd7, 0x2f, 0x2e, 0x3b,
  0xbf, 0x34, 0x9f, 0xb5, 0xb6, 0x5a, 0x7e, 0xb7, 0x5e, 0x1f, 0xfb, 0xa3, 0x60, 0xd8, 0xf9, 0xa5,
  0xd5, 0x6c, 0x3f, 0xd9, 0x6a, 0xe2, 0x3b, 0x1c, 0x5d, 0x77, 0x7e, 0x09, 0x82, 0xc1, 0xf6, 0xe0,
  0x09, 0xbe, 0x6e, 0x66, 0xd3, 0xa0, 0xdf, 0xf9, 0xe5, 0xf9, 0x96, 0xef, 0x5f, 0x6c, 0xe3, 0x7b,
  0x18, 0x8e, 0x82, 0xce, 0x2f, 0xed, 0xfe, 0xe3, 0x67, 0x4f, 0x9e, 0xe1, 0xd3, 0xef, 0xf5, 0xd0,
  0xd2, 0xce, 0x2f, 0x83, 0xc1, 0xf3, 0xad, 0xed, 0xa6, 0x4e, 0x68, 0x03, 0x5f, 0xeb, 0xe2, 0xa9,
  0xdf, 0x42, 0x4a, 0x04, 0x74, 0xcf, 0x7a, 0x41, 0xf3, 0xd9, 0x00, 0x1f, 0x77, 0xfe, 0x64, 0x44,
  0xd0, 0xfd, 0xd6, 0x13, 0xc2, 0xde, 0xc7, 0x58, 0x05, 0x13, 0x4a, 0x78, 0x7a, 0xf1, 0xf4, 0x02,
  0x09, 0xf1, 0x95, 0xdf, 0x8f, 0xee, 0x3a, 0x4d, 0xa7, 0xf5, 0x6c, 0xfc, 0xd5, 0xd9, 0x6e, 0xe2,
  0x9f, 0xc9, 0xe5, 0x85, 0x5f, 0x69, 0xd6, 0xe8, 0xbf, 0x46, 0xfb, 0x59, 0x75, 0xf1, 0xe0, 0xc1,
  0xbf, 0xcc, 0x2f, 0xa2, 0xaf, 0xf5, 0x38, 0xfc, 0xcf, 0x70, 0x74, 0xd9, 0xb9, 0x88, 0x26, 0xfd,
  0x60, 0x52, 0x47, 0x0a, 0x72, 0x68, 0x02, 0xe6, 0xf5, 0xbb, 0xe0, 0xe2, 0x3a, 0x9c, 0xd6, 0xa7,
  0xc1, 0xd7, 0x29, 0x41, 0x05, 0x75, 0xbf, 0xff, 0x27, 0xc6, 0xa5, 0xd3, 0x6a, 0x36, 0xff, 0x02,
  0xa0, 0x8b, 0xa8, 0x7f, 0x3f, 0xbf, 0xf1, 0x27, 0x97, 0xe1, 0xa8, 0xd3, 0xec, 0x0e, 0x30, 0xd8,
  0xf5, 0x81, 0x7f, 0x13, 0x0e, 0xef, 0x3b, 0x1b, 0xe7, 0x93, 0xe0, 0x62, 0xd6, 0xbb, 0x0a, 0xa6,
  0xce, 0xf1, 0xd9, 0x46, 0x6d, 0xe3, 0xf7, 0x70, 0x38, 0x74, 0xce, 0xfc, 0x51, 0xbc, 0x51, 0x8b,
  0xf1, 0x6f, 0x3d, 0x0e, 0x26, 0xe1, 0xa0, 0x7b, 0xe1, 0xf7, 0xae, 0x2f, 0x27, 0xd1, 0x6c, 0xd4,
  0xef, 0x4c, 0xfc, 0x3e, 0x4d, 0xc6, 0x25, 0xfd, 0x45, 0xb7, 0x2b, 0xbd, 0x70, 0xd2, 0x1b, 0x06,
  0x8e, 0x3f, 0x75, 0xa6, 0xd1, 0xd8, 0x19, 0x06, 0x83, 0x69, 0xed, 0x97, 0xf6, 0xf6, 0x76, 0xef,
  0xf1, 0x73, 0xa7, 0x59, 0x93, 0x43, 0xee, 0x6c, 0xb7, 0xff, 0x52, 0xad, 0xd1, 0x38, 0xfa, 0x93,
  0xa4, 0x64, 0x6b, 0xfb, 0x71, 0x3f, 0xb8, 0x54, 0x30, 0xb5, 0x5f, 0x5a, 0x8f, 0xb7, 0x9a, 0x5b,
  0x3d, 0xe7, 0xf1, 0xb3, 0xbf, 0x00, 0x43, 0x6b, 0xbb, 0xb5, 0xdd, 0xab, 0x76, 0x7b, 0xd1, 0x30,
  0x9a, 0x74, 0x6e, 0xfd, 0x49, 0x85, 0x67, 0xa9, 0xda, 0xbd, 0x09, 0x47, 0xf5, 0xab, 0x20, 0xbc,
  0xbc, 0xe2, 0xbe, 0xdd, 0x5e, 0x75, 0xa3, 0xdb, 0x60, 0x32, 0x18, 0x46, 0x77, 0xf5, 0xaf, 0x9d,
  0xab, 0xb0, 0xdf, 0x0f, 0x46, 0xd4, 0xdd, 0xd9, 0x74, 0x1a, 0x8d, 0x40, 0x38, 0xe3, 0xd9, 0xb4,
  0x16, 0x07, 0xc3, 0xa0, 0x37, 0xad, 0xd1, 0xd0, 0xf8, 0x93, 0xc0, 0x9f, 0x53, 0xef, 0x3b, 0xe1,
  0xe8, 0x0a, 0x1d, 0x9b, 0x02, 0xd6, 0x6f, 0x5c, 0x4c, 0x47, 0xf3, 0x7e, 0x18, 0x8f, 0x87, 0xfe,
  0x3d, 0xd2, 0xa9, 0x95, 0xf5, 0xc1, 0x30, 0xf8, 0xda, 0xf5, 0x87, 0xe1, 0xe5, 0xa8, 0x1e, 0x4e,
  0x83, 0x9b, 0xb8, 0x43, 0x33, 0x1c, 0x4c, 0xba, 0x34, 0xa6, 0xe1, 0xe0, 0xbe, 0x2e, 0xc9, 0x55,
  0x25, 0xf3, 0xb0, 0xf7, 0x83, 0x5e, 0x34, 0xf1, 0xa7, 0x61, 0x34, 0xea, 0x8c, 0xa2, 0x51, 0x40,
  0x53, 0x83, 0x95, 0x10, 0x4c, 0xe6, 0x63, 0xbf, 0xdf, 0xa7, 0x69, 0x6b, 0x6f, 0x63, 0x6a, 0x79,
  0x92, 0x5b, 0x98, 0xe4, 0xae, 0xaa, 0x92, 0xeb, 0xa2, 0x7f, 0xea, 0x77, 0x13, 0x7f, 0xdc, 0xa1,
  0x7f, 0xba, 0x97, 0xf8, 0xd1, 0x02, 0xf8, 0x2a, 0x6d, 0x88, 0xc7, 0x3e, 0x96, 0xca, 0x45, 0x30,
  0xbd, 0x0b, 0xb8, 0xf3, 0xa2, 0xd6, 0x9d, 0x7e, 0x78, 0xdb, 0x19, 0x84, 0x93, 0x78, 0x5a, 0xef,
  0x5d, 0x85, 0xc3, 0xfe, 0x9c, 0x06, 0x8e, 0xd7, 0x53, 0xa7, 0x49, 0x40, 0xad, 0x14, 0x39, 0x10,
  0xd1, 0x74, 0x7a, 0x43, 0xff, 0x66, 0x5c, 0x69, 0xa3, 0x89, 0xb5, 0xed, 0xdb, 0xbb, 0xda, 0x76,
  0x7b, 0xfc, 0xb5, 0xda, 0x1d, 0x06, 0x53, 0x54, 0x5b, 0xa7, 0x6a, 0xa8, 0x17, 0x8d, 0xe6, 0xb3,
  0xe0, 0x46, 0xf4, 0x78, 0x3a, 0x01, 0x85, 0x0c, 0xa2, 0xc9, 0x4d, 0x67, 0x36, 0x1e, 0x07, 0x93,
  0x9e, 0x1f, 0x53, 0xaf, 0x1b, 0xf1, 0xec, 0x62, 0x6e, 0xce, 0x1b, 0xaf, 0x27, 0xcc, 0x9c, 0xff,
  0x55, 0x36, 0xe0, 0xd9, 0x13, 0xf4, 0x9f, 0x20, 0xa9, 0xaf, 0x7a, 0x78, 0xe4, 0x02, 0xa0, 0x51,
  0xd2, 0x63, 0x73, 0x39, 0x09, 0xfb, 0x62, 0x30, 0x9e, 0x89, 0x12, 0x98, 0xb5, 0xa8, 0xd6, 0xe0,
  0xf5, 0x3b, 0x37, 0x88, 0x32, 0x43, 0x5a, 0xcf, 0x9a, 0x44, 0x5a, 0xbc, 0x8e, 0xda, 0x8f, 0x1f,
  0xd7, 0xd4, 0xff, 0x8d, 0xe6, 0x76, 0x35, 0x2f, 0xb5, 0x55, 0xad, 0x76, 0xc5, 0xaa, 0xea, 0xb4,
  0xd0, 0x86, 0x38, 0x1a, 0x86, 0x7d, 0x27, 0x07, 0xee, 0x99, 0x02, 0xab, 0x53, 0x4d, 0xb3, 0x98,
  0xdb, 0xd5, 0xe5, 0xa5, 0x29, 0x56, 0xb1, 0xe8, 0xb1, 0xf8, 0xa8, 0xaa, 0x06, 0xeb, 0x2e, 0x9a,
  0xbd, 0xa8, 0x53, 0xdf, 0x6a, 0x0d, 0xcc, 0xe2, 0x20, 0xbc, 0xe4, 0x8f, 0x79, 0xb6, 0xd7, 0xed,
  0x14, 0xfc, 0x9c, 0xfe, 0xc1, 0x2a, 0xbf, 0x01, 0xdc, 0x34, 0x00, 0x09, 0x0c, 0x67, 0x37, 0xa3,
  0xb8, 0x33, 0x09, 0xc6, 0x81, 0x3f, 0xad, 0xf8, 0xb3, 0x69, 0x54, 0x1f, 0x84, 0xd3, 0x1a, 0xe6,
  0x1a, 0xa3, 0x4d, 0xa3, 0x80, 0x99, 0x6c, 0x0d, 0x26, 0x55, 0x6e, 0x4a, 0x3c, 0xf5, 0xa7, 0x49,
  0x53, 0xb6, 0xb9, 0xe1, 0x56, 0x5f, 0x38, 0xc9, 0x58, 0xe9, 0xd4, 0xff, 0x27, 0xb5, 0xd6, 0xd3,
  0x5a, 0x7b, 0xbb, 0xd6, 0xd8, 0x7e, 0xbc, 0xda, 0x10, 0x3d, 0xa9, 0x26, 0x4b, 0x92, 0x09, 0xda,
  0x1f, 0xdd, 0xdf, 0xa1, 0x03, 0x41, 0xf7, 0x0e, 0xa5, 0xeb, 0x17, 0x58, 0x82, 0xd7, 0x1d, 0xfe,
  0xb7, 0x4e, 0x09, 0xaa, 0x61, 0xce, 0x85, 0xee, 0xfe, 0xc5, 0x30, 0xea, 0x5d, 0x1b, 0x54, 0x49,
  0xa3, 0xd0, 0xcd, 0x21, 0xa8, 0x22, 0x1a, 0xcc, 0xa7, 0x58, 0x41, 0xee, 0x60, 0x9a, 0x60, 0x0d,
  0x37, 0x9d, 0x27, 0x62, 0x60, 0xb9, 0x66, 0xc0, 0x8d, 0xe6, 0x49, 0x75, 0x4c, 0x80, 0xfc, 0x79,
  0x27, 0xf8, 0xcc, 0xd3, 0x26, 0xad, 0x18, 0x49, 0x74, 0x7a, 0xfc, 0x24, 0x06, 0x4e, 0x75, 0xae,
  0xda, 0x7a, 0x39, 0x39, 0xa0, 0x63, 0x8d, 0x41, 0xb4, 0x9f, 0x68, 0x64, 0xad, 0xc6, 0x12, 0xe2,
  0x69, 0x14, 0x0d, 0x2f, 0xfc, 0xc9, 0x7c, 0x29, 0x9b, 0x68, 0xe6, 0xb2, 0x09, 0x42, 0x71, 0xe1,
  0xf7, 0x2f, 0x03, 0xdd, 0xe2, 0x27, 0x8a, 0xf1, 0xd8, 0xb3, 0xfe, 0xfc, 0xf9, 0x73, 0x7b, 0xda,
  0x49, 0x2c, 0xb6, 0xdb, 0x17, 0xab, 0xae, 0x87, 0xd4, 0x3c, 0xad, 0xc5, 0x2d, 0xd6, 0xa6, 0x14,
  0xee, 0x51, 0x23, 0xba, 0xb6, 0xf8, 0x4b, 0x74, 0x5d, 0x4d, 0xf2, 0x48, 0xda, 0x5a, 0xb9, 0x94,
  0x60, 0xe4, 0x0b, 0xf1, 0x2b, 0x21, 0x48, 0x86, 0xfb, 0xcf, 0x7d, 0xca, 0xe5, 0x85, 0xd5, 0xce,
  0x59, 0x82, 0x18, 0xb6, 0xee, 0x5a, 0xab, 0xae, 0x6d, 0xaf, 0x3a, 0x62, 0xd3, 0x93, 0x68, 0x18,
  0xe7, 0xaf, 0xee, 0xf5, 0x50, 0xb7, 0x9e, 0x68, 0xd4, 0xd6, 0x94, 0x07, 0x23, 0x1e, 0x9d, 0x41,
  0x18, 0x0c, 0x73, 0xb8, 0x88, 0xa4, 0x54, 0xce, 0x85, 0xaa, 0x76, 0x01, 0x2a, 0xfe, 0xc9, 0x8b,
  0x2b, 0x41, 0xcf, 0x22, 0x17, 0xf2, 0x6f, 0x5a, 0xf9, 0x48, 0x6a, 0xa2, 0xb7, 0x01, 0xcd, 0xa2,
  0x77, 0x0d, 0x06, 0xb9, 0xf1, 0xa9, 0x5a, 0x93, 0x30, 0x52, 0x20, 0xcb, 0x2f, 0x2d, 0x97, 0x85,
  0x6c, 0x20, 0x85, 0xa5, 0xab, 0x17, 0x19, 0x29, 0x43, 0xdc, 0xc2, 0x14, 0xa7, 0x6a, 0xa7, 0x48,
  0x16, 0x2a, 0xc4, 0x93, 0x56, 0x3f, 0xab, 0x2d, 0x64, 0x68, 0x58, 0xe4, 0x91, 0xb8, 0xb0, 0x54,
  0x89, 0xed, 0x6d, 0x73, 0x8c, 0x74, 0x93, 0x4c, 0x65, 0x83, 0x14, 0xb3, 0xee, 0x24, 0xe0, 0x41,
  0x03, 0xd5, 0x4e, 0x43, 0x68, 0xa3, 0xba, 0x48, 0x43, 0x75, 0xd3, 0x5e, 0xae, 0xeb, 0x4a, 0xef,
  0x64, 0x41, 0x17, 0x8d, 0x40, 0x41, 0x57, 0x56, 0x1a, 0x9e, 0x6c, 0x6b, 0x25, 0x35, 0x68, 0x4d,
  0x20, 0x3d, 0x7e, 0x39, 0x25, 0x78, 0x82, 0xd5, 0x5c, 0x11, 0x63, 0x53, 0xe3, 0x43, 0xbf, 0xcd,
  0xf1, 0xe2, 0x6f, 0x85, 0x58, 0xa8, 0xc8, 0x75, 0x13, 0xbf, 0xd4, 0x9a, 0xb9, 0x8e, 0x49, 0x70,
  0x59, 0x17, 0x9a, 0x57, 0x8a, 0x7a, 0x73, 0x17, 0x87, 0x5c, 0x0c, 0x4d, 0x5e, 0x08, 0x0e, 0xad,
  0x11, 0x1e, 0xb7, 0x67, 0x29, 0x3e, 0x28, 0x17, 0x05, 0xf3, 0x92, 0xc1, 0xd0, 0xbf, 0x5c, 0x3a,
  0x35, 0x72, 0xad, 0xe8, 0xb1, 0x7f, 0x66, 0x33, 0xcc, 0xd5, 0x86, 0xbe, 0x99, 0x4f, 0x99, 0x29,
  0x5a, 0xeb, 0xde, 0x5d, 0xa1, 0x6a, 0x5e, 0x44, 0x01, 0x56, 0x0b, 0x33, 0x73, 0x63, 0x4d, 0xb6,
  0x72, 0xd7, 0xa4, 0xd5, 0x1b, 0x7b, 0x22, 0xb6, 0x8d, 0x89, 0xd8, 0x4e, 0x4d, 0xc4, 0xf6, 0x1a,
  0x13, 0xa1, 0xd1, 0x37, 0x30, 0x58, 0xfe, 0xc5, 0x30, 0xe8, 0xcf, 0x23, 0x5a, 0xe8, 0xd3, 0xfb,
  0x4e, 0xe3, 0x69, 0x9b, 0x20, 0xfc, 0xc9, 0xc4, 0xbf, 0xaf, 0xb3, 0x88, 0x4e, 0x64, 0x61, 0xd1,
  0x0a, 0x5d, 0x51, 0xa3, 0x4a, 0xa9, 0x1c, 0xd0, 0x37, 0x9a, 0xb5, 0xf6, 0x33, 0x56, 0x39, 0x92,
  0x2a, 0x79, 0x67, 0x37, 0xb7, 0xa5, 0xb8, 0x5c, 0xb5, 0x57, 0xe1, 0x88, 0xd8, 0x09, 0x36, 0x7a,
  0x68, 0x00, 0x78, 0x4f, 0x30, 0x5f, 0x3a, 0x96, 0x6b, 0x4b, 0x1e, 0xbf, 0x47, 0x9a, 0x7d, 0xbc,
  0x9a, 0x38, 0x96, 0xad, 0xc4, 0x86, 0x88, 0x87, 0x9f, 0xa5, 0x0f, 0x36, 0x19, 0x7a, 0xbc, 0x68,
  0x44, 0x58, 0xb0, 0xc8, 0x11, 0xa2, 0xfd, 0xc2, 0x92, 0x35, 0x9c, 0xd1, 0x70, 0xb7, 0x78, 0xf3,
  0x64, 0x4e, 0x61, 0xb5, 0x06, 0x79, 0x76, 0xd1, 0x7e, 0xf2, 0x44, 0x6d, 0x9b, 0x7e, 0x69, 0x37,
  0x5b, 0x8f, 0x9b, 0x17, 0x69, 0x65, 0xa6, 0xdb, 0x9b, 0x4d, 0x62, 0x64, 0x8f, 0xa3, 0x90, 0xe9,
  0x3e, 0x4d, 0x9b, 0xd3, 0x08, 0xfb, 0xc1, 0xba, 0xe8, 0x70, 0xe7, 0xc6, 0x1f, 0x85, 0xe3, 0xd9,
  0x90, 0xf7, 0x35, 0xb2, 0x1f, 0x0d, 0x7f, 0x38, 0x9d, 0x2f, 0x6f, 0xda, 0x2f, 0xad, 0xfe, 0xb6,
  0xff, 0xf8, 0x39, 0xf6, 0x72, 0xfd, 0xa7, 0xfe, 0xf3, 0x66, 0x35, 0x97, 0xbb, 0x10, 0xba, 0xcb,
  0xab, 0x28, 0xb6, 0x10, 0xfe, 0xd2, 0xbc, 0x68, 0xf9, 0xed, 0xd6, 0x7a, 0xec, 0x5c, 0x61, 0x93,
  0x02, 0x7e, 0x85, 0xf6, 0xf5, 0x9a, 0x5b, 0x83, 0xad, 0x01, 0x0d, 0xda, 0x53, 0xff, 0xa9, 0xaf,
  0x07, 0x6d, 0x30, 0x18, 0x08, 0x9e, 0x84, 0x69, 0xae, 0x4f, 0xa2, 0xbb, 0x5a, 0x23, 0x0e, 0x46,
  0x18, 0xaf, 0xfa, 0x94, 0x16, 0x44, 0x8e, 0x18, 0x97, 0x9b, 0x19, 0x5d, 0x60, 0xfe, 0xbd, 0x32,
  0x3d, 0xc1, 0x62, 0x51, 0x4b, 0x91, 0xa6, 0x5e, 0xca, 0x95, 0x56, 0x10, 0x8e, 0x4b, 0xc8, 0xc0,
  0x58, 0x43, 0x8f, 0x53, 0x1a, 0xf1, 0x13, 0x10, 0x51, 0x29, 0x95, 0xe8, 0x5e, 0xf0, 0xba, 0xb9,
  0x0d, 0x56, 0x99, 0x8e, 0x66, 0xff, 0xd9, 0xe0, 0xe9, 0x33, 0x90, 0xcd, 0xf6, 0xc5, 0xf6, 0xf3,
  0x64, 0xa3, 0xa5, 0x48, 0xf9, 0x59, 0x1f, 0xf6, 0x12, 0xd6, 0xd9, 0xcd, 0xd9, 0xf8, 0x91, 0xa1,
  0x96, 0x88, 0x48, 0x6a, 0x97, 0x71, 0xb2, 0xed, 0x7c, 0x8e, 0x5e, 0x3a, 0xfc, 0x6b, 0x72, 0x97,
  0xf1, 0x24, 0x48, 0x84, 0xb0, 0x3d, 0xef, 0x66, 0xc5, 0x4f, 0x5a, 0xcd, 0xd6, 0xd3, 0xb5, 0xa4,
  0x51, 0x4a, 0x16, 0xb4, 0x9b, 0x82, 0x3b, 0x7d, 0x55, 0x09, 0x5b, 0x6d, 0x4a, 0x50, 0xad, 0xed,
  0xb0, 0x2c, 0x95, 0x03, 0xde, 0x7f, 0x16, 0xb4, 0x82, 0x6d, 0x4b, 0x50, 0xa1, 0x99, 0xdc, 0xa1,
  0xb5, 0x99, 0xa7, 0xb9, 0xc9, 0x5d, 0x4f, 0x97, 0x6e, 0xa7, 0x66, 0x8c, 0xc9, 0xcd, 0x92, 0x05,
  0x62, 0xc7, 0xd5, 0xcc, 0xe7, 0xf2, 0x29, 0x3d, 0x77, 0x65, 0xa5, 0xb6, 0x25, 0x74, 0xda, 0x9b,
  0x60, 0x34, 0xe3, 0x15, 0x9d, 0xbb, 0xe8, 0xcb, 0xd5, 0x93, 0xa4, 0xe9, 0x8e, 0xec, 0xdc, 0x63,
  0x4d, 0x87, 0xa4, 0x4b, 0xd6, 0xa8, 0xaf, 0x59, 0x3d, 0x3e, 0x47, 0x76, 0xf4, 0x61, 0x30, 0x0d,
  0xb1, 0x81, 0x30, 0x73, 0xda, 0x25, 0x3a, 0x62, 0xb9, 0x0c, 0x2e, 0xe7, 0x12, 0x49, 0x75, 0x4e,
  0x3c, 0xbb, 0x41, 0x8d, 0xf7, 0xf3, 0x14, 0x9b, 0xf8, 0xe1, 0x8d, 0xb8, 0x3d, 0x27, 0xa8, 0xf0,
  0x5f, 0x6f, 0x02, 0x98, 0x14, 0x9d, 0x4a, 0x62, 0x20, 0x7a, 0x4e, 0x74, 0x5a, 0x9d, 0xab, 0x4d,
  0x59, 0xfe, 0x38, 0x63, 0x68, 0x17, 0xab, 0x5a, 0x46, 0xda, 0x35, 0x4b, 0x69, 0xac, 0x2e, 0x56,
  0x20, 0x49, 0xc6, 0xaf, 0x77, 0x6f, 0x25, 0x30, 0x2b, 0x32, 0xfe, 0x6c, 0x1b, 0x56, 0xe7, 0x64,
  0x99, 0xb2, 0xb9, 0xc3, 0xf6, 0xb4, 0xcd, 0xc3, 0x96, 0x32, 0x3b, 0xb6, 0xd8, 0xec, 0x48, 0xff,
  0x90, 0x86, 0xcc, 0x2a, 0x4b, 0x3f, 0x9c, 0x88, 0x95, 0xd4, 0x11, 0xf5, 0x58, 0x44, 0x08, 0x6b,
  0x7a, 0x30, 0xed, 0x5d, 0x2d, 0x32, 0xd6, 0x39, 0x65, 0xbe, 0xd4, 0xd6, 0xc9, 0x85, 0x65, 0x8e,
  0x5b, 0x22, 0xaf, 0x16, 0x30, 0x39, 0xa6, 0x8c, 0x2c, 0x19, 0xf2, 0xd8, 0x06, 0x79, 0xb0, 0xfd,
  0x55, 0xe9, 0xae, 0x8d, 0xd6, 0xe3, 0x05, 0xdb, 0x13, 0x0d, 0xa2, 0xe1, 0x92, 0x16, 0xd0, 0x36,
  0x80, 0x94, 0xb9, 0xc4, 0xd8, 0x45, 0xca, 0x4d, 0xc1, 0x42, 0xda, 0x41, 0xa8, 0xe7, 0x9d, 0x96,
  0xd3, 0x72, 0xb0, 0x71, 0xeb, 0x55, 0x1e, 0x37, 0xff, 0xe2, 0xd4, 0x69, 0x44, 0x24, 0xf9, 0xf2,
  0x08, 0xa8, 0x9d, 0x80, 0x29, 0x0a, 0x33, 0xa6, 0xda, 0x95, 0xcd, 0xc2, 0x0b, 0xad, 0x34, 0xe6,
  0x0e, 0xba, 0xce, 0x76, 0x48, 0x6f, 0xa9, 0xe9, 0x2f, 0x61, 0x90, 0x36, 0xfa, 0x61, 0xb6, 0xe6,
  0x89, 0x1a, 0x75, 0x69, 0x3e, 0x2c, 0xd0, 0x52, 0x2c, 0xbb, 0x62, 0x4d, 0x53, 0x71, 0x2d, 0xe1,
  0x68, 0x25, 0xf4, 0x9c, 0x6b, 0x14, 0x23, 0x25, 0xc7, 0xdc, 0xe3, 0x2f, 0xd9, 0xcc, 0x1b, 0xf3,
  0xf5, 0x24, 0x29, 0x99, 0xbb, 0xb1, 0x66, 0xd4, 0x2c, 0x01, 0x8d, 0xc4, 0x27, 0x29, 0x41, 0xd5,
  0xe6, 0x79, 0x48, 0xb1, 0x0e, 0x2c, 0x82, 0x17, 0x9b, 0xea, 0xa0, 0xe7, 0xc5, 0xa6, 0x3a, 0x78,
  0xa2, 0xc3, 0x0e, 0x75, 0x10, 0x05, 0x43, 0xf8, 0x83, 0x07, 0x8e, 0xf3, 0x02, 0xd6, 0x70, 0xfe,
  0x81, 0x9f, 0x57, 0xad, 0x9c, 0x73, 0x23, 0x24, 0xca, 0x6c, 0x40, 0x3a, 0xb0, 0x83, 0xc7, 0xb1,
  0xb7, 0x01, 0xc2, 0xdb, 0xd8, 0x39, 0x00, 0xed, 0xbc, 0x1f, 0x85, 0xe8, 0x00, 0xf6, 0x2f, 0xc1,
  0x8d, 0x1f, 0x62, 0x8a, 0xc2, 0x11, 0x1f, 0x6c, 0x5d, 0x06, 0x4e, 0x34, 0xc0, 0xd1, 0x55, 0x04,
  0x7e, 0xe7, 0x93, 0x9a, 0xe3, 0xdc, 0xcc, 0x86, 0x90, 0x4d, 0x7e, 0x7c, 0x0d, 0x7a, 0x6e, 0x00,
  0xb1, 0x33, 0x88, 0x7a, 0xb3, 0x38, 0x88, 0x9d, 0x68, 0xe4, 0xec, 0x0f, 0xa3, 0x59, 0xdf, 0x39,
  0x8c, 0xce, 0x9d, 0xf1, 0x24, 0xba, 0x0d, 0x63, 0x4c, 0x36, 0xa0, 0x1c, 0x7f, 0x84, 0x41, 0xbc,
  0x1f, 0xf5, 0x00, 0x32, 0xbc, 0x6f, 0xbc, 0xd8, 0x54, 0x2d, 0x35, 0x7e, 0x19, 0x4d, 0x92, 0x64,
  0xbe, 0xa1, 0x5a, 0x4b, 0xd3, 0xa4, 0xf2, 0x98, 0xcc, 0x37, 0x9c, 0xb0, 0xef, 0x6d, 0x8c, 0x82,
  0x69, 0x5d, 0x7c, 0xee, 0xbc, 0x85, 0x69, 0x21, 0x9a, 0x5c, 0x63, 0xa0, 0x00, 0xba, 0xa4, 0xd8,
  0x4d, 0xd4, 0x0f, 0x54, 0xb9, 0x63, 0xfc, 0x5e, 0xa9, 0x50, 0x8f, 0xfa, 0xa5, 0x4a, 0x71, 0x27,
  0x8d, 0x62, 0xaa, 0x17, 0x62, 0x76, 0x78, 0x36, 0xcc, 0xee, 0x10, 0x8b, 0xa1, 0xbe, 0x30, 0xa8,
  0x94, 0xee, 0x2a, 0x8f, 0xb9, 0x8a, 0xec, 0x8e, 0x7f, 0x2b, 0xce, 0xec, 0x74, 0xbf, 0xaf, 0xda,
  0x3b, 0xc7, 0x20, 0x65, 0xa0, 0x6d, 0xe7, 0x4c, 0x9c, 0xb1, 0x15, 0xdc, 0xd8, 0xd9, 0x83, 0x2e,
  0x82, 0x35, 0xdf, 0xf7, 0x1d, 0x22, 0x3d, 0x27, 0xc6, 0xe4, 0xc5, 0xfe, 0x74, 0x36, 0xf1, 0x27,
  0x30, 0x7f, 0x38, 0x40, 0x3b, 0xf5, 0x87, 0xf4, 0x63, 0x12, 0x8e, 0x7a, 0xe1, 0xd8, 0x1f, 0x1a,
  0x73, 0x60, 0x63, 0x55, 0x6b, 0x47, 0x35, 0x22, 0x55, 0x27, 0x51, 0x78, 0x92, 0x85, 0x4c, 0x36,
  0xae, 0x80, 0x02, 0x26, 0xd4, 0x97, 0x4b, 0x28, 0x51, 0xbc, 0x54, 0x36, 0x76, 0x4e, 0x7c, 0x88,
  0x71, 0xff, 0xc5, 0x26, 0xe7, 0x9b, 0x05, 0x04, 0x00, 0xf7, 0xd8, 0x2a, 0x90, 0x80, 0x00, 0x28,
  0x1a, 0xf3, 0x20, 0xdd, 0xfa, 0xc3, 0x19, 0xcc, 0x6b, 0x9b, 0xfe, 0x78, 0xbc, 0x4b, 0xc0, 0x1e,
  0x51, 0x26, 0x66, 0xcd, 0x27, 0xda, 0x14, 0xcb, 0xfd, 0xc5, 0xa6, 0x80, 0x5d, 0xad, 0xbc, 0x38,
  0x72, 0x0d, 0x47, 0x83, 0x68, 0x63, 0xe7, 0x70, 0x44, 0x82, 0x1c, 0x5c, 0x19, 0x80, 0x7d, 0xf4,
  0x81, 0xf8, 0x5f, 0x14, 0xe3, 0x14, 0xf6, 0x36, 0x5a, 0x0f, 0xe9, 0x48, 0x10, 0x1f, 0x30, 0xe2,
  0x60, 0x6e, 0x1a, 0xf6, 0xfd, 0xbe, 0x73, 0x4f, 0xcd, 0xa3, 0x99, 0xbe, 0xa5, 0xcf, 0xf5, 0xd0,
  0x5d, 0x44, 0xfe, 0x04, 0x63, 0xbc, 0xcf, 0xbc, 0x0d, 0x33, 0xc8, 0x0d, 0x04, 0x07, 0xeb, 0xf9,
  0xeb, 0xe1, 0x01, 0x9d, 0x5f, 0xcc, 0xe2, 0x34, 0xa2, 0x63, 0x4e, 0x5d, 0x0f, 0x13, 0x13, 0xbf,
  0x24, 0x7b, 0x7b, 0x6d, 0xe7, 0xe0, 0xc1, 0xba, 0xe0, 0x19, 0x4d, 0xe8, 0xc7, 0xa0, 0x34, 0x7c,
  0xf9, 0x7a, 0x75, 0x4d, 0x47, 0x0e, 0xef, 0x8a, 0x37, 0x9c, 0xab, 0x49, 0x30, 0xc8, 0x6b, 0xba,
  0x68, 0xac, 0x73, 0xec, 0x8f, 0x5f, 0x6c, 0xfa, 0x2b, 0xa1, 0x00, 0x23, 0x82, 0xcd, 0xa4, 0x8e,
  0x06, 0x62, 0xeb, 0x75, 0x83, 0x36, 0xf3, 0xb7, 0x73, 0x22, 0xbe, 0xbf, 0x0f, 0x4b, 0xfd, 0x72,
  0x16, 0xf6, 0xb1, 0xc6, 0x7e, 0x9f, 0x41, 0x13, 0x59, 0x13, 0x13, 0xdc, 0x02, 0x66, 0x58, 0xfc,
  0x67, 0xf4, 0xc7, 0x39, 0x81, 0x17, 0x80, 0x3f, 0x5c, 0xb5, 0x68, 0x34, 0xf5, 0x37, 0x76, 0xde,
  0x9d, 0xef, 0x39, 0xef, 0xc7, 0xc3, 0x88, 0x88, 0x48, 0x15, 0x2b, 0x5a, 0xba, 0x26, 0x43, 0xe0,
  0xf5, 0x05, 0x1b, 0x57, 0x7c, 0xb5, 0xb1, 0x73, 0x0a, 0xa6, 0x64, 0x33, 0x5d, 0xc9, 0x84, 0x0a,
  0x78, 0x12, 0x49, 0x5e, 0x81, 0x40, 0x7a, 0x28, 0x48, 0x25, 0x39, 0xcb, 0x9d, 0x4a, 0x97, 0x50,
  0x2e, 0xd3, 0xd2, 0x52, 0x5d, 0x54, 0x40, 0x52, 0x18, 0xf3, 0x5c, 0xd2, 0x36, 0xa3, 0xac, 0x50,
  0x94, 0x13, 0xa9, 0x50, 0xc8, 0x49, 0xff, 0x63, 0x16, 0xf6, 0xae, 0xed, 0xd6, 0x8a, 0xf6, 0xfe,
  0x1b, 0x65, 0x38, 0xfb, 0x8a, 0x73, 0xe8, 0x16, 0xda, 0xf5, 0x28, 0x45, 0xc2, 0xe2, 0x73, 0x59,
  0x26, 0x68, 0xb2, 0x3e, 0x51, 0x23, 0x49, 0x96, 0x8d, 0x9d, 0x3f, 0xc0, 0x0b, 0x1c, 0x21, 0x58,
  0x04, 0xf3, 0x33, 0x59, 0x9e, 0x09, 0xa8, 0x57, 0x8a, 0xbd, 0x42, 0x56, 0xac, 0x0c, 0x94, 0xc5,
  0xbb, 0x15, 0x26, 0x2e, 0xfe, 0xe5, 0xb4, 0x74, 0x8d, 0xac, 0xbd, 0x18, 0x15, 0x6a, 0x60, 0x47,
  0x1c, 0x58, 0x8c, 0x66, 0x37, 0x17, 0xc1, 0x64, 0xc3, 0x89, 0xa7, 0xc1, 0xd8, 0xdb, 0x68, 0x36,
  0x5a, 0x1b, 0x3f, 0xd6, 0x88, 0xb6, 0xd1, 0x8a, 0xf6, 0xd2, 0x56, 0xb4, 0x57, 0x6e, 0x46, 0xea,
  0xcb, 0x68, 0x92, 0xd6, 0x09, 0xc5, 0x94, 0x4b, 0x5b, 0x0c, 0xbb, 0x44, 0xc4, 0x19, 0x2c, 0x46,
  0x39, 0xa9, 0x80, 0x5a, 0x73, 0x2b, 0x8a, 0x19, 0x2b, 0x51, 0xe0, 0x04, 0x3b, 0x1a, 0x0a, 0x75,
  0x17, 0xd4, 0x00, 0x11, 0x4b, 0x9f, 0x09, 0xf1, 0x88, 0x42, 0xa5, 0x68, 0x1c, 0xd8, 0x10, 0x55,
  0xf3, 0x2e, 0xb0, 0x38, 0x99, 0x17, 0x53, 0x69, 0x98, 0x9c, 0x9d, 0x53, 0x4e, 0x5a, 0x0d, 0x8f,
  0x30, 0xf7, 0xc9, 0x45, 0x8d, 0x1e, 0x44, 0x58, 0x8c, 0x38, 0xa5, 0x09, 0x80, 0xf1, 0xb5, 0xf8,
  0x04, 0x3a, 0x7c, 0x66, 0xb0, 0xe5, 0x8c, 0x43, 0x32, 0x1d, 0xc3, 0xe8, 0x32, 0xec, 0xb1, 0x75,
  0x03, 0x3c, 0x87, 0xbd, 0x4a, 0x0a, 0xa6, 0xdf, 0xb2, 0x48, 0x6c, 0x64, 0x30, 0x88, 0x64, 0xd5,
  0x37, 0xe7, 0x88, 0x12, 0x4b, 0xa9, 0x29, 0xcd, 0xa7, 0x4c, 0x64, 0x42, 0x9d, 0x39, 0xbf, 0x0a,
  0xb1, 0x37, 0x97, 0x0b, 0x9c, 0x7e, 0x5e, 0x45, 0x77, 0x23, 0xd2, 0x2f, 0x49, 0x46, 0xb0, 0x12,
  0xe9, 0xc0, 0x66, 0x03, 0x8f, 0x1c, 0xbd, 0xd8, 0x08, 0xea, 0x1c, 0xdc, 0xe5, 0x26, 0x22, 0x9e,
  0xd2, 0xc8, 0xad, 0x3f, 0xa9, 0x4b, 0x6e, 0x1c, 0x64, 0x0d, 0x71, 0x39, 0xf5, 0xe7, 0x90, 0x4c,
  0x31, 0xd1, 0xc4, 0xfe, 0x6d, 0x50, 0x37, 0x2b, 0xc1, 0xca, 0x40, 0x92, 0xd1, 0x36, 0x35, 0x40,
  0x99, 0x89, 0xcf, 0x9d, 0x7a, 0x29, 0x13, 0x24, 0x8d, 0x43, 0x0e, 0xa4, 0x90, 0x9f, 0x72, 0x62,
  0x21, 0xce, 0xe2, 0xe5, 0x94, 0xe6, 0xb4, 0xa5, 0x1c, 0x75, 0x32, 0x83, 0x62, 0x73, 0x13, 0xe4,
  0xf1, 0xd4, 0x33, 0xde, 0x91, 0x41, 0xfb, 0xbf, 0x77, 0x02, 0x74, 0xaf, 0x1f, 0x15, 0xf2, 0x55,
  0x73, 0xef, 0x26, 0x07, 0xcb, 0x4c, 0xd9, 0xf9, 0xee, 0xd6, 0x09, 0xe5, 0x3c, 0xa7, 0x6d, 0x07,
  0xdc, 0x20, 0x47, 0xea, 0xeb, 0x2b, 0x37, 0x4b, 0xe0, 0x83, 0xdd, 0xe1, 0xb2, 0x8c, 0x93, 0xd8,
  0xab, 0x22, 0xa5, 0x69, 0x60, 0x34, 0x90, 0x3f, 0x0b, 0xa0, 0x6d, 0xfb, 0x12, 0xc5, 0xea, 0x35,
  0x2b, 0xbd, 0x63, 0x59, 0x0b, 0x12, 0xc2, 0x5c, 0x85, 0x07, 0x49, 0xdc, 0xb3, 0x61, 0x1c, 0xd4,
  0x6f, 0xc3, 0x11, 0x78, 0xed, 0x09, 0x7e, 0x63, 0x83, 0xf0, 0xe1, 0xf0, 0x6d, 0x2b, 0x21, 0x9d,
  0xef, 0x40, 0xd5, 0x36, 0x51, 0xb5, 0x7f, 0x08, 0xd5, 0x96, 0x89, 0x6a, 0xeb, 0x87, 0x50, 0x6d,
  0x9b, 0xa8, 0xb6, 0xd3, 0xa8, 0xd2, 0xa3, 0x2a, 0xec, 0x81, 0x46, 0x45, 0x52, 0xe9, 0xc1, 0x46,
  0xe6, 0x9e, 0x56, 0x58, 0x8c, 0x7d, 0x71, 0x2f, 0xc2, 0xee, 0x08, 0xfa, 0x7c, 0x14, 0x63, 0x47,
  0x35, 0xf1, 0x9d, 0xbd, 0x93, 0x43, 0x07, 0x67, 0x84, 0xd8, 0x5d, 0x43, 0xdf, 0x97, 0x7b, 0x42,
  0x59, 0x2a, 0xc1, 0x83, 0x4d, 0x7f, 0xce, 0xd4, 0x8e, 0x25, 0x56, 0x9a, 0x5e, 0x40, 0x18, 0xad,
  0x52, 0x0d, 0x79, 0x50, 0xce, 0x38, 0x89, 0xb6, 0x03, 0x47, 0x38, 0xe6, 0xdc, 0xcc, 0xb0, 0xf2,
  0xd0, 0x9e, 0xf7, 0xa7, 0x47, 0xb1, 0x68, 0x88, 0xc3, 0x27, 0x12, 0x7e, 0x5c, 0x93, 0x6b, 0x12,
  0xda, 0x19, 0x35, 0x19, 0x7e, 0x8e, 0x9b, 0x9a, 0x2c, 0x91, 0x07, 0x86, 0x8d, 0x2d, 0x63, 0xec,
  0xdc, 0x86, 0x93, 0xe9, 0x0c, 0x7e, 0xa7, 0xb4, 0x88, 0x55, 0xcb, 0x9c, 0x61, 0x08, 0x82, 0x96,
  0x3d, 0xed, 0xc3, 0x25, 0x60, 0x12, 0xf4, 0xcf, 0xc0, 0xbe, 0x02, 0xa9, 0x1d, 0x4b, 0x42, 0x6f,
  0x14, 0xad, 0xda, 0x64, 0x88, 0x97, 0xee, 0x7c, 0x25, 0x37, 0x4e, 0xab, 0x97, 0x66, 0x5e, 0x22,
  0x63, 0xc4, 0x5e, 0x66, 0xca, 0x9b, 0x8f, 0xa5, 0xfb, 0x62, 0x13, 0x85, 0x18, 0x36, 0x66, 0xc6,
  0x77, 0xf0, 0x8a, 0x44, 0x67, 0xc3, 0x1b, 0xb6, 0x2e, 0x4e, 0x03, 0x12, 0x27, 0xe1, 0xf4, 0x2a,
  0x82, 0xb6, 0x42, 0x06, 0xeb, 0x1b, 0xa0, 0xef, 0x39, 0x42, 0x66, 0x37, 0xa4, 0xa0, 0x76, 0x70,
  0xfa, 0x83, 0x21, 0x02, 0x64, 0x38, 0x70, 0xee, 0xa3, 0x19, 0xd9, 0x46, 0x20, 0x94, 0x9d, 0x31,
  0x4c, 0x25, 0x35, 0x87, 0xd4, 0xf4, 0x31, 0x6a, 0xa7, 0xb3, 0x00, 0x27, 0xc2, 0x9e, 0x1b, 0xc7,
  0x06, 0xc3, 0xe0, 0x16, 0x73, 0x23, 0x37, 0x87, 0xce, 0x45, 0x70, 0xe5, 0xdf, 0x86, 0xd1, 0x24,
  0xbb, 0xf1, 0x36, 0x9a, 0x98, 0x2f, 0x8f, 0x4a, 0x65, 0x51, 0xa9, 0x1c, 0xb2, 0x24, 0x50, 0x6a,
  0xec, 0xd2, 0x9a, 0xc2, 0x2a, 0xa2, 0x27, 0x25, 0x74, 0x5e, 0x4f, 0xc0, 0xf0, 0x5e, 0xf1, 0x1e,
  0x21, 0x85, 0x6f, 0xf5, 0xcd, 0x86, 0x41, 0x06, 0xa6, 0xc5, 0x28, 0xbb, 0xd7, 0x48, 0x76, 0x9f,
  0x27, 0x0a, 0x8e, 0xa9, 0x15, 0x34, 0x18, 0x40, 0xef, 0x88, 0x41, 0xe9, 0x4c, 0xd6, 0xa0, 0xe2,
  0x55, 0x0c, 0x26, 0xef, 0x63, 0xdf, 0x99, 0x91, 0x15, 0xa1, 0x1f, 0x5e, 0x46, 0xb4, 0x5b, 0xef,
  0x81, 0x0e, 0x46, 0xb4, 0x54, 0x22, 0xcc, 0x1e, 0x96, 0x11, 0x9c, 0x44, 0x23, 0xd2, 0x41, 0xa8,
  0x06, 0xac, 0xf8, 0x86, 0xf3, 0x7a, 0x38, 0xfb, 0x33, 0x32, 0xb9, 0x40, 0xc7, 0xd9, 0x87, 0x79,
  0x0c, 0xfc, 0x65, 0x34, 0x0b, 0x6e, 0xfd, 0x64, 0x53, 0x5c, 0x03, 0xc9, 0xe0, 0x97, 0x3f, 0xa9,
  0x39, 0xbf, 0xcf, 0xb0, 0x97, 0x07, 0x84, 0xce, 0x03, 0x5e, 0x14, 0xe9, 0xfb, 0x85, 0xf6, 0x97,
  0x94, 0x85, 0xc5, 0xb2, 0xaf, 0x98, 0xe3, 0xd3, 0xe3, 0x2d, 0xc4, 0xbe, 0x6a, 0x3e, 0x4c, 0x9c,
  0xc1, 0xd4, 0xea, 0x47, 0xda, 0xf4, 0xf2, 0x42, 0xd9, 0x25, 0xb3, 0x63, 0xcd, 0xb8, 0xd8, 0xc4,
  0x10, 0x5c, 0x45, 0x43, 0x18, 0xb0, 0x3c, 0x37, 0x42, 0x2b, 0x47, 0xe1, 0x7f, 0x32, 0xad, 0x1c,
  0xf6, 0xbd, 0x46, 0xa3, 0xf1, 0x0d, 0xcd, 0x0b, 0xa6, 0xf2, 0xb7, 0xd8, 0x18, 0xfe, 0x35, 0xb8,
  0xe7, 0x2f, 0x5a, 0x1f, 0xc4, 0x80, 0xc6, 0xe7, 0xd1, 0x75, 0x30, 0xa2, 0x24, 0x17, 0x04, 0xac,
  0xea, 0x5b, 0xb2, 0x6b, 0x5d, 0x81, 0xa2, 0x13, 0x16, 0x2f, 0x54, 0xf2, 0xbc, 0x81, 0xc8, 0x9d,
  0x09, 0xa7, 0x22, 0xe6, 0xb7, 0xba, 0x26, 0xb9, 0x0b, 0x62, 0x9f, 0x4d, 0x26, 0xe4, 0x46, 0x62,
  0xd6, 0xb6, 0xb1, 0x73, 0x14, 0x04, 0x13, 0xe2, 0xae, 0x33, 0x7f, 0xb8, 0x02, 0x52, 0x63, 0x2d,
  0xda, 0x68, 0x0a, 0x09, 0xa3, 0x70, 0x21, 0x95, 0x2a, 0x1f, 0xc7, 0xcc, 0x9c, 0x24, 0xb5, 0xe2,
  0xb8, 0xca, 0x61, 0x32, 0x8a, 0x8b, 0x4a, 0x1b, 0x76, 0xf3, 0x52, 0x3b, 0x5f, 0x21, 0xf5, 0x99,
  0xe4, 0x51, 0x27, 0x24, 0xef, 0x8c, 0x04, 0xe7, 0xb0, 0x9f, 0xb3, 0x05, 0x2c, 0x2d, 0x6f, 0x11,
  0xdf, 0xc6, 0xc5, 0x0c, 0x56, 0x67, 0x38, 0xdc, 0x93, 0x65, 0xba, 0x58, 0xfb, 0x59, 0xd6, 0x46,
  0xa6, 0x57, 0x6e, 0xdc, 0x1e, 0xfd, 0x5a, 0xa1, 0x55, 0xba, 0x84, 0xdd, 0x1c, 0x4e, 0xfe, 0x8c,
  0x3b, 0x21, 0x9f, 0x09, 0xd9, 0xf7, 0x37, 0x48, 0x5a, 0x53, 0xae, 0x83, 0xfb, 0x8d, 0x1d, 0xc1,
  0x35, 0x1d, 0xac, 0xa0, 0x65, 0x8d, 0x32, 0x4a, 0xd9, 0xcd, 0xda, 0x3b, 0x3b, 0x3b, 0x38, 0xaf,
  0x63, 0xb1, 0xfd, 0x48, 0x9b, 0xf4, 0xd2, 0xc5, 0x89, 0xeb, 0x35, 0xdd, 0x6d, 0x79, 0xa9, 0x12,
  0x1c, 0x5e, 0xcc, 0xcb, 0x5a, 0x97, 0x2e, 0x6f, 0x37, 0x91, 0x8e, 0x5e, 0x70, 0x5d, 0x00, 0xdb,
  0x53, 0x89, 0xfd, 0x67, 0x34, 0x74, 0x36, 0x19, 0x9a, 0xcd, 0x7c, 0x3f, 0x19, 0xae, 0xde, 0x48,
  0x2a, 0x6b, 0x37, 0xf1, 0x6a, 0x3a, 0x1d, 0xc7, 0x9d, 0xcd, 0x4d, 0x8c, 0xe3, 0x66, 0x18, 0x4d,
  0xc5, 0xbc, 0x68, 0xec, 0x3f, 0xd2, 0x62, 0x3a, 0xef, 0x10, 0x8d, 0x3d, 0xa3, 0x93, 0x8f, 0x15,
  0xda, 0xa9, 0x4b, 0xac, 0xd0, 0x44, 0xc2, 0xf9, 0x23, 0xad, 0x1b, 0xc3, 0x0a, 0x51, 0xbf, 0x01,
  0xdb, 0x3d, 0xc1, 0x0f, 0x1c, 0x14, 0x41, 0x32, 0xc2, 0xee, 0xeb, 0x1c, 0xc7, 0xcb, 0x1a, 0xa9,
  0x0a, 0xa6, 0x4c, 0x38, 0x38, 0xd7, 0xf2, 0x36, 0x70, 0x92, 0xd7, 0x54, 0xd6, 0x1c, 0xf1, 0xdb,
  0xea, 0x08, 0xfc, 0xb4, 0x90, 0x96, 0xda, 0xe7, 0xfd, 0x73, 0xa4, 0x82, 0xe0, 0x7f, 0x45, 0x72,
  0xa1, 0x84, 0xc9, 0xae, 0xa9, 0xb3, 0xc0, 0x68, 0x11, 0x67, 0x75, 0x15, 0xec, 0xc6, 0x2d, 0x25,
  0x44, 0xed, 0x01, 0x08, 0x5a, 0x6b, 0xfc, 0xa9, 0x8a, 0xf4, 0x21, 0x52, 0xdc, 0x9b, 0x84, 0x63,
  0x32, 0x9f, 0x83, 0x4b, 0xc7, 0x53, 0xe7, 0xec, 0xe0, 0xe8, 0x60, 0xff, 0xfc, 0xcc, 0x9b, 0x93,
  0x1a, 0x49, 0x96, 0x8e, 0xce, 0xbc, 0xd9, 0x71, 0x5f, 0x49, 0xcf, 0x45, 0xb7, 0xd6, 0xea, 0xb8,
  0x89, 0x6d, 0xc1, 0xad, 0xb5, 0x3b, 0xee, 0xc9, 0x2c, 0xbe, 0x12, 0xfd, 0x73, 0x6b, 0x5b, 0x1d,
  0x57, 0xc8, 0x06, 0xb7, 0xb6, 0xdd, 0x71, 0xc5, 0x1e, 0xd5, 0x5d, 0xd4, 0xee, 0x70, 0xd4, 0xf7,
  0x3e, 0x0e, 0x5e, 0x5d, 0xf5, 0xc6, 0x9d, 0x39, 0x30, 0xbc, 0x7a, 0xb3, 0x7f, 0xe2, 0xd6, 0x80,
  0x97, 0x34, 0x7c, 0xe8, 0xbe, 0x87, 0x27, 0x00, 0xc2, 0x99, 0x1f, 0x8e, 0xa0, 0x2f, 0x45, 0x9d,
  0x00, 0xda, 0xc7, 0x37, 0x03, 0xbd, 0xc1, 0x69, 0x3d, 0xf2, 0x85, 0x95, 0x5e, 0x37, 0xe9, 0xdd,
  0x60, 0xc0, 0xad, 0x39, 0x3d, 0x7f, 0xef, 0x9c, 0x81, 0x9a, 0x82, 0x09, 0xb7, 0xe6, 0x7c, 0xff,
  0x44, 0x7f, 0x6e, 0x89, 0x4f, 0x28, 0x2a, 0x00, 0xe2, 0x16, 0x9d, 0x0d, 0x49, 0x35, 0x45, 0xc2,
  0x71, 0xe0, 0xd6, 0x1e, 0x5b, 0xdf, 0xce, 0x9b, 0xfb, 0x0b, 0x08, 0x28, 0xc7, 0x40, 0xa0, 0xea,
  0x84, 0xd5, 0xa7, 0xff, 0x8e, 0xce, 0xde, 0xb7, 0xda, 0x5c, 0xf5, 0xf1, 0xd9, 0x1f, 0x0e, 0x5f,
  0x03, 0x72, 0x2a, 0x57, 0x38, 0x49, 0x85, 0x29, 0xe9, 0xae, 0xca, 0x6d, 0x39, 0x4a, 0x32, 0x48,
  0x25, 0xa7, 0xcc, 0x2a, 0xb0, 0xb0, 0xb5, 0xb0, 0x9d, 0x3f, 0x98, 0x7b, 0xc3, 0x3b, 0xff, 0x3e,
  0x76, 0xde, 0x8d, 0xb8, 0xf5, 0xaf, 0x41, 0xed, 0xd1, 0x1d, 0x14, 0x3a, 0x14, 0x68, 0x71, 0x07,
  0x64, 0x8a, 0x32, 0x77, 0xb6, 0x15, 0xba, 0xad, 0x7c, 0x74, 0xaf, 0x82, 0x01, 0x94, 0x53, 0x31,
  0x31, 0x7b, 0x43, 0x7f, 0x82, 0xd1, 0x5f, 0x74, 0xd5, 0xdc, 0xee, 0x9d, 0x9e, 0xee, 0xfd, 0xfd,
  0xb3, 0x9e, 0x61, 0x61, 0x0f, 0x38, 0xc7, 0xba, 0x8a, 0x19, 0xd1, 0x5b, 0x9c, 0x21, 0x09, 0x24,
  0x67, 0xad, 0x67, 0x2f, 0xdb, 0x4d, 0x46, 0xf2, 0xea, 0xcd, 0x79, 0x4b, 0xb4, 0x04, 0xbf, 0xda,
  0x6d, 0x1e, 0xc5, 0x77, 0xa3, 0x4d, 0x1e, 0x7d, 0x0c, 0xe0, 0xdb, 0xf3, 0x7d, 0xb7, 0xf6, 0x04,
  0x44, 0x40, 0x7f, 0x9f, 0xd2, 0x5f, 0x2c, 0x44, 0xb7, 0xf6, 0xac, 0xe3, 0xf2, 0x1a, 0x1f, 0x11,
  0x25, 0x3c, 0x47, 0x53, 0xf0, 0x23, 0xba, 0x74, 0x8e, 0xd8, 0x4d, 0xcd, 0xa9, 0x7c, 0xa8, 0xef,
  0x7c, 0xa0, 0x53, 0x9f, 0xaa, 0x1e, 0xe2, 0x73, 0xb0, 0xee, 0xd3, 0xe0, 0x12, 0x7b, 0xc0, 0x60,
  0x42, 0xc3, 0x1d, 0x33, 0x09, 0xb4, 0xa0, 0xff, 0x52, 0xda, 0x24, 0x72, 0xe0, 0x68, 0x56, 0xbf,
  0x08, 0xa7, 0x55, 0x6e, 0x54, 0x5b, 0xa7, 0xc7, 0x4e, 0x65, 0xab, 0x2d, 0x32, 0x34, 0x85, 0x84,
  0x93, 0x09, 0xba, 0xf5, 0xf3, 0x10, 0xbe, 0x99, 0xdd, 0xfc, 0xd4, 0xa6, 0xfd, 0x04, 0x7c, 0xc9,
  0x9c, 0x9e, 0x61, 0x2e, 0x0f, 0xdf, 0xbd, 0x3d, 0xf3, 0x3e, 0x3e, 0x78, 0x30, 0x0f, 0xfb, 0x1d,
  0x37, 0xe4, 0x53, 0xc1, 0xe9, 0xbd, 0x5b, 0x63, 0x65, 0x0d, 0x13, 0x21, 0x13, 0xf8, 0x54, 0x7c,
  0x0f, 0x5e, 0xad, 0x71, 0xec, 0xd6, 0x04, 0xc3, 0xea, 0x7c, 0x74, 0x49, 0x0b, 0x7d, 0x8b, 0x3d,
  0x8d, 0x5b, 0x73, 0xfd, 0x3e, 0xb8, 0x2a, 0x96, 0xe9, 0x44, 0xfd, 0x3e, 0xf1, 0x09, 0xd4, 0x85,
  0x7e, 0x0f, 0xfa, 0x3a, 0xee, 0x8f, 0x92, 0x8f, 0x77, 0x53, 0x1f, 0xbf, 0x71, 0x64, 0x74, 0x22,
  0x77, 0xa1, 0xf8, 0x62, 0x0b, 0xf1, 0xe1, 0xe0, 0x0f, 0xac, 0xf5, 0xe3, 0x30, 0xc6, 0x91, 0xf0,
  0x25, 0x12, 0x63, 0x38, 0xb9, 0xf7, 0x67, 0xa0, 0xce, 0x53, 0xb2, 0x0c, 0x4c, 0xa6, 0x6f, 0x22,
  0x78, 0x3e, 0xb9, 0x9f, 0x16, 0x35, 0xd9, 0x5a, 0x74, 0x42, 0x1e, 0x5c, 0x1a, 0x2d, 0xde, 0xb7,
  0x12, 0x75, 0x53, 0x89, 0x8b, 0x9c, 0xc5, 0x21, 0xd5, 0x45, 0x3f, 0x65, 0xeb, 0x0c, 0xde, 0x22,
  0xbf, 0x04, 0x53, 0x39, 0xd4, 0x9f, 0xb3, 0x0b, 0xec, 0x8a, 0x8f, 0xe1, 0x40, 0x20, 0x13, 0x7e,
  0x87, 0xca, 0x8a, 0x45, 0x27, 0xbf, 0x5e, 0x8d, 0xe2, 0x56, 0xf2, 0xb3, 0x4d, 0x7d, 0x1f, 0x1b,
  0xbd, 0xba, 0x0e, 0x82, 0xf1, 0xde, 0xf8, 0x60, 0x24, 0x97, 0x18, 0xc3, 0xc9, 0xf6, 0x9d, 0xc3,
  0x44, 0x89, 0x3d, 0xfc, 0x59, 0xd0, 0x33, 0x3a, 0xc4, 0xc7, 0xa9, 0xfb, 0xb0, 0x50, 0xea, 0xde,
  0xbc, 0xa4, 0x14, 0xe7, 0x54, 0x98, 0x34, 0x79, 0x12, 0x0e, 0xdf, 0x09, 0x03, 0xaa, 0xd1, 0x37,
  0x5e, 0xd3, 0x7b, 0xec, 0xd7, 0xf9, 0x06, 0x5c, 0x03, 0x15, 0xb1, 0x3c, 0x84, 0x45, 0x69, 0x38,
  0x1b, 0xab, 0xaf, 0x57, 0x30, 0x0d, 0xcc, 0x46, 0xbd, 0xe0, 0x98, 0xfa, 0x2d, 0x56, 0xef, 0x09,
  0x6e, 0x5c, 0x46, 0x7d, 0x4e, 0xe8, 0xc7, 0xad, 0x67, 0x17, 0xed, 0xe6, 0x1f, 0x7e, 0x38, 0xe5,
  0x6f, 0x9f, 0xd7, 0xdc, 0x1e, 0x18, 0x19, 0xce, 0x38, 0xcf, 0x7c, 0xda, 0xb2, 0xc5, 0xe9, 0x86,
  0x9e, 0x84, 0x34, 0xa9, 0xb2, 0xa1, 0xf8, 0xa0, 0xb3, 0xcf, 0x31, 0xcf, 0x9c, 0x6e, 0x99, 0x68,
  0x07, 0xc3, 0x89, 0x56, 0xca, 0xdf, 0xb2, 0x7e, 0xfa, 0x48, 0x21, 0x15, 0x26, 0xda, 0x04, 0xaf,
  0xf8, 0x76, 0x88, 0xd1, 0x70, 0xf7, 0xf7, 0xe1, 0xed, 0x73, 0x21, 0xec, 0x02, 0x46, 0x3d, 0x06,
  0x37, 0xd2, 0xd8, 0x69, 0x11, 0x1b, 0xd0, 0x7f, 0x6b, 0x35, 0x75, 0x16, 0x16, 0x51, 0x41, 0x8e,
  0xe0, 0x35, 0xc7, 0xe1, 0xe8, 0x43, 0x34, 0x9c, 0xa2, 0xeb, 0x7f, 0x63, 0x8e, 0x64, 0x67, 0xfa,
  0x5f, 0x4b, 0x32, 0x51, 0x92, 0x98, 0x53, 0x0e, 0x4e, 0x14, 0x53, 0x39, 0x16, 0x09, 0xd3, 0x41,
  0x04, 0x79, 0x09, 0x98, 0x14, 0x9c, 0x1c, 0x4e, 0x18, 0x9d, 0x34, 0x64, 0x1c, 0xcd, 0x58, 0x38,
  0x18, 0x04, 0xb4, 0xe9, 0x83, 0x19, 0x41, 0xd4, 0x46, 0x12, 0x83, 0xd9, 0xb6, 0xf8, 0x04, 0xe7,
  0x37, 0xbe, 0x48, 0xbd, 0xe5, 0xcf, 0x57, 0x34, 0x0d, 0xc7, 0x54, 0x9d, 0xaa, 0xdc, 0x24, 0x03,
  0x21, 0x01, 0x94, 0x8a, 0x25, 0xc0, 0x64, 0xe2, 0x2b, 0x69, 0x8e, 0xb1, 0x12, 0xcf, 0xe0, 0xfc,
  0x28, 0xfb, 0x8a, 0x5f, 0x42, 0xf4, 0xbc, 0x1b, 0x69, 0x41, 0x92, 0xa4, 0xb6, 0xcd, 0xd4, 0x44,
  0xa6, 0xa9, 0x0f, 0x96, 0x48, 0xe6, 0xb8, 0x90, 0x05, 0x25, 0x19, 0x11, 0x6d, 0x4f, 0xd9, 0x74,
  0x5e, 0xc3, 0xb8, 0x77, 0x01, 0x5f, 0x46, 0xe7, 0x25, 0x04, 0xee, 0x65, 0x60, 0x8c, 0x8f, 0xe0,
  0x2e, 0x0c, 0x7b, 0x18, 0x51, 0x35, 0x50, 0x40, 0xdf, 0x59, 0xb6, 0x01, 0x91, 0xb6, 0x27, 0x8c,
  0x03, 0xe2, 0xe3, 0x95, 0xb2, 0x0e, 0x88, 0xcf, 0x97, 0x96, 0x79, 0x20, 0x95, 0x06, 0xb5, 0x58,
  0xa4, 0x90, 0x42, 0xab, 0x3f, 0xd0, 0xa0, 0x1b, 0xdc, 0x69, 0x0b, 0x3e, 0x04, 0x93, 0x98, 0xa9,
  0x92, 0x12, 0xf7, 0xfd, 0xb1, 0x7f, 0x11, 0x0e, 0x71, 0xbc, 0xcc, 0x14, 0xe9, 0x93, 0x1c, 0x3e,
  0x1c, 0x91, 0x3d, 0x73, 0x12, 0x9c, 0x0f, 0x63, 0x89, 0x06, 0xa7, 0x61, 0xc1, 0x39, 0xce, 0x55,
  0xc9, 0x2a, 0x24, 0x1b, 0x40, 0x2a, 0x2e, 0x98, 0x42, 0x34, 0xea, 0x9b, 0x4b, 0x43, 0x48, 0x00,
  0x8b, 0x33, 0x48, 0x7f, 0x83, 0x73, 0xf2, 0xf2, 0xa4, 0x2b, 0xfb, 0xbc, 0x3a, 0xc0, 0x55, 0xec,
  0x05, 0x28, 0xd9, 0x2f, 0xc3, 0xa2, 0x82, 0x44, 0x0d, 0xd2, 0x1f, 0x70, 0xa5, 0x12, 0x83, 0x21,
  0x3e, 0x4f, 0x83, 0x1b, 0xd8, 0x9c, 0x52, 0x89, 0xe4, 0x0c, 0xa0, 0x3f, 0xce, 0xc1, 0x0c, 0x8f,
  0x13, 0x64, 0x67, 0x14, 0x04, 0x20, 0xc9, 0xec, 0x8d, 0xed, 0x04, 0x43, 0xfd, 0x49, 0xea, 0x98,
  0xce, 0x5e, 0xfa, 0x98, 0xde, 0x74, 0xff, 0xc0, 0x3f, 0xd2, 0xdd, 0x93, 0x2c, 0xc5, 0xa9, 0x9c,
  0xcc, 0x2e, 0x60, 0xe4, 0xbd, 0x72, 0x7e, 0x73, 0x84, 0x1c, 0xac, 0x1a, 0x9d, 0xcc, 0x6a, 0x01,
  0x49, 0xf3, 0x0c, 0x79, 0x19, 0x1b, 0x9d, 0x04, 0xc9, 0x65, 0x93, 0x95, 0x9e, 0xa4, 0x72, 0x92,
  0x0c, 0x08, 0x05, 0x2a, 0x25, 0x93, 0x3f, 0xc1, 0xcf, 0xed, 0x93, 0x16, 0xa2, 0x27, 0x7b, 0xbf,
  0x1f, 0x7c, 0x7e, 0x75, 0xf0, 0x1a, 0x4a, 0xd1, 0x83, 0x07, 0xe4, 0xf4, 0xd3, 0x99, 0xe7, 0x2f,
  0x64, 0x32, 0xe6, 0x91, 0x02, 0xfc, 0x83, 0xc7, 0x85, 0x6e, 0x4d, 0x99, 0x5e, 0x99, 0x27, 0x24,
  0xfc, 0xe3, 0x53, 0x8d, 0x70, 0xb1, 0xdf, 0x40, 0x67, 0x3a, 0x99, 0x05, 0xfc, 0x29, 0x45, 0x47,
  0x92, 0xc0, 0xeb, 0xa3, 0x33, 0xf0, 0x71, 0xf2, 0xc0, 0xdf, 0x27, 0xc6, 0x56, 0xc4, 0x48, 0xa6,
  0x6d, 0x81, 0xf1, 0x79, 0x26, 0xce, 0x0a, 0x8c, 0x14, 0x61, 0xa2, 0x65, 0xbc, 0x34, 0x8d, 0x89,
  0xb7, 0x92, 0xee, 0x7e, 0x89, 0xc7, 0x85, 0x1a, 0x8c, 0x03, 0x65, 0xf1, 0x1f, 0x3a, 0x01, 0xce,
  0x0a, 0xc7, 0x51, 0x0d, 0x1a, 0x0b, 0xb9, 0x24, 0x5d, 0xf0, 0xe2, 0x96, 0x07, 0x04, 0xc1, 0x08,
  0xe6, 0x4f, 0x9f, 0xdc, 0xa5, 0xc9, 0x3d, 0x8c, 0x7c, 0xb5, 0xac, 0x41, 0x30, 0xfb, 0x9d, 0xb4,
  0x4f, 0x75, 0xdc, 0x68, 0x31, 0xf7, 0x5c, 0x0f, 0x44, 0x59, 0xc7, 0x35, 0x90, 0xea, 0x77, 0x32,
  0x7c, 0xa2, 0xdb, 0x0c, 0x4f, 0xfd, 0x96, 0x36, 0xf3, 0xa4, 0xd3, 0x05, 0x7e, 0x55, 0xaa, 0xc7,
  0x39, 0x0a, 0x15, 0x36, 0x9e, 0xa0, 0x74, 0x53, 0x6f, 0x21, 0x7f, 0x46, 0x3a, 0xc8, 0xe8, 0x87,
  0x3d, 0xb6, 0x90, 0x91, 0xa3, 0x91, 0x3d, 0xef, 0x89, 0xa2, 0x66, 0x6b, 0x41, 0xeb, 0x8d, 0xc5,
  0x4f, 0xa7, 0x02, 0x16, 0xe1, 0x26, 0xfd, 0x1b, 0xde, 0x5c, 0xfe, 0xad, 0x3f, 0xfa, 0x4f, 0xf2,
  0xfa, 0x03, 0x45, 0xd3, 0x44, 0x92, 0x97, 0x98, 0x1a, 0x95, 0x33, 0x69, 0xba, 0x76, 0xc0, 0xc9,
  0x1c, 0xdc, 0x65, 0xfb, 0x0f, 0x9c, 0x12, 0x75, 0x1c, 0x3e, 0x65, 0xf7, 0xa1, 0xf1, 0xd4, 0x70,
  0xa2, 0x01, 0xb7, 0x6b, 0x79, 0x36, 0x84, 0x7d, 0x00, 0x1d, 0xfe, 0xf4, 0x84, 0x04, 0x27, 0xdc,
  0x88, 0x32, 0x32, 0xe6, 0xbc, 0x18, 0x7c, 0xd3, 0x8f, 0xed, 0xa1, 0x32, 0x94, 0x2a, 0x53, 0x6f,
  0xb1, 0xd5, 0x8d, 0xff, 0xe2, 0x71, 0x13, 0x6c, 0xa6, 0x60, 0xe0, 0x14, 0xf7, 0x16, 0x43, 0x05,
  0x8e, 0x18, 0x44, 0x58, 0x0f, 0x50, 0x25, 0x7b, 0x62, 0x44, 0x88, 0x03, 0x50, 0xe7, 0x49, 0x49,
  0x56, 0xeb, 0xc3, 0x39, 0xc0, 0x8a, 0xea, 0x87, 0x10, 0x30, 0x94, 0x73, 0xc3, 0x65, 0xfc, 0xf1,
  0x90, 0x86, 0x13, 0xab, 0x09, 0xd5, 0x61, 0x47, 0xb0, 0xe5, 0x54, 0xb0, 0x5f, 0xad, 0x63, 0x7b,
  0x5b, 0xad, 0x39, 0xdb, 0x4e, 0x85, 0xf7, 0xb3, 0xb0, 0x8d, 0xd5, 0x8f, 0x83, 0x2a, 0xc6, 0xf7,
  0xb1, 0x53, 0x11, 0xbb, 0xda, 0xaa, 0x3d, 0x9e, 0xa6, 0x2c, 0x32, 0x18, 0xf7, 0x7f, 0xf1, 0x08,
  0x32, 0xa7, 0x48, 0x06, 0x30, 0x7b, 0x00, 0xa3, 0xc6, 0x6f, 0xe9, 0x89, 0x8c, 0x38, 0x45, 0x14,
  0x6b, 0x17, 0xfb, 0x4d, 0xcd, 0x9a, 0x7e, 0x80, 0xe7, 0x14, 0xf4, 0x56, 0x33, 0x95, 0x55, 0x3b,
  0x2b, 0xb8, 0xce, 0x83, 0x07, 0xc9, 0x0e, 0x6e, 0xff, 0xfd, 0xe9, 0xe9, 0xc1, 0xdb, 0xf3, 0xcf,
  0x24, 0x84, 0xbc, 0xca, 0x28, 0xb8, 0xa3, 0x83, 0xd5, 0x33, 0xec, 0x93, 0x7b, 0x57, 0x27, 0xd4,
  0xb9, 0xb8, 0x42, 0x87, 0xbe, 0xd4, 0x68, 0xb8, 0xa3, 0x53, 0x6a, 0xb5, 0x71, 0x19, 0x4c, 0x2b,
  0x2e, 0x71, 0x14, 0xb7, 0xfa, 0xed, 0x9b, 0x4b, 0x02, 0xcb, 0xad, 0xc2, 0x5b, 0xff, 0x28, 0xba,
  0x0b, 0x26, 0xfb, 0x50, 0xac, 0x2a, 0x55, 0x60, 0x1f, 0x60, 0xab, 0x20, 0xcc, 0x48, 0xe2, 0x64,
  0x01, 0x2e, 0xb2, 0x01, 0xf4, 0xb7, 0x4a, 0x75, 0x8e, 0xbb, 0x08, 0xb3, 0xc9, 0x28, 0x91, 0x7a,
  0x1f, 0xcd, 0x26, 0x7c, 0xfa, 0xf6, 0x4d, 0x67, 0x34, 0x08, 0xf5, 0xc2, 0x40, 0x25, 0x47, 0xef,
  0xe5, 0xfd, 0x61, 0xbf, 0x02, 0xaa, 0x52, 0x98, 0xd4, 0x26, 0x14, 0x2e, 0xe9, 0xa3, 0x7e, 0x45,
  0x02, 0x79, 0x3b, 0xf2, 0x47, 0x03, 0xb6, 0x28, 0xcf, 0x0b, 0xf9, 0xb2, 0xad, 0x69, 0x88, 0x78,
  0x7d, 0x78, 0x70, 0xf4, 0xea, 0xcc, 0xa3, 0x1e, 0x43, 0x6c, 0x57, 0x56, 0xda, 0x6a, 0xd4, 0xfe,
  0xa7, 0xed, 0x13, 0x6a, 0xa5, 0xaa, 0x4d, 0xd6, 0x56, 0x11, 0xe7, 0x96, 0x60, 0x3b, 0x41, 0x49,
  0x29, 0x3b, 0x3f, 0x57, 0x61, 0xca, 0xd8, 0x1e, 0x72, 0xe1, 0xf3, 0x2a, 0x2a, 0xcc, 0x2e, 0xd0,
  0xc1, 0x44, 0xa9, 0x54, 0xe6, 0xa7, 0xaa, 0x26, 0xf8, 0xf3, 0x83, 0xbf, 0x9d, 0xef, 0x9d, 0x1e,
  0xec, 0xe5, 0x10, 0xc0, 0x52, 0x4d, 0xdd, 0x52, 0xca, 0x0d, 0x9c, 0x27, 0x38, 0x9e, 0xf8, 0xe3,
  0xdd, 0xe9, 0xab, 0x2c, 0x4e, 0xd3, 0x92, 0x61, 0x98, 0x0d, 0xac, 0x4d, 0xbe, 0x6d, 0xc8, 0xc8,
  0xee, 0x21, 0x8c, 0x8a, 0x5e, 0xbe, 0x7b, 0x77, 0x94, 0xad, 0xa4, 0xd0, 0x44, 0x92, 0x6b, 0x14,
  0x49, 0xdb, 0x14, 0x96, 0x6d, 0xfe, 0xd7, 0xd9, 0x97, 0x65, 0x76, 0x50, 0x2b, 0xee, 0x5b, 0xac,
  0x5d, 0x86, 0xd1, 0x5f, 0xee, 0xea, 0xe7, 0xe3, 0xbd, 0xbf, 0x1d, 0x1d, 0xbc, 0xf5, 0xe6, 0xca,
  0x5a, 0xd4, 0xd9, 0x6a, 0xd5, 0xb4, 0xb9, 0x08, 0x77, 0x59, 0x6b, 0x7a, 0x94, 0x3b, 0xed, 0xad,
  0x9a, 0x32, 0xd4, 0x74, 0xb6, 0x9e, 0xd7, 0xd4, 0x90, 0x77, 0x9e, 0xc8, 0x74, 0x69, 0x9c, 0xa1,
  0x42, 0xb6, 0x75, 0x46, 0xa5, 0x48, 0xf3, 0x8c, 0xfa, 0x24, 0xfb, 0x8c, 0xf1, 0xbb, 0xcd, 0xb5,
  0xe9, 0xc9, 0xa3, 0xea, 0x8c, 0xd9, 0xa3, 0xcf, 0xcc, 0x96, 0xb1, 0xb3, 0xfd, 0xb4, 0x96, 0xec,
  0x19, 0xe5, 0x97, 0xde, 0x34, 0xca, 0x6f, 0x7b, 0xc6, 0x3b, 0x4f, 0x5b, 0xb5, 0x14, 0x31, 0xe2,
  0x7a, 0x0c, 0x03, 0x4a, 0x72, 0x54, 0x9f, 0xa9, 0xad, 0x23, 0x75, 0x39, 0x45, 0xa6, 0x04, 0xb9,
  0x48, 0x8d, 0xe7, 0x9b, 0xc3, 0xb7, 0x96, 0x8d, 0xdd, 0x6d, 0x7a, 0xca, 0x8c, 0x5b, 0x73, 0x5a,
  0x5e, 0xb2, 0x55, 0xa8, 0x39, 0x6d, 0x2f, 0x31, 0xb0, 0xd7, 0x9c, 0x2d, 0x4f, 0xd8, 0xd7, 0x21,
  0xed, 0x3d, 0x61, 0x5e, 0x87, 0x4c, 0xcb, 0x6e, 0xfb, 0x4c, 0xc3, 0x77, 0x07, 0x77, 0x39, 0xe1,
  0x50, 0x23, 0x5c, 0x74, 0x48, 0x6d, 0xeb, 0x45, 0x63, 0x78, 0x96, 0x4f, 0x08, 0xdc, 0xef, 0x3a,
  0xad, 0x7a, 0x7b, 0xfb, 0xa9, 0xb8, 0x72, 0x44, 0xaa, 0x8a, 0xcf, 0xd2, 0x32, 0xc6, 0xd1, 0xc3,
  0x2d, 0xd4, 0x0d, 0x40, 0xe1, 0x9e, 0xd5, 0x9f, 0x24, 0x43, 0x47, 0xc2, 0xf7, 0x68, 0x93, 0xa5,
  0xb4, 0xae, 0xd4, 0x34, 0x8d, 0x93, 0xf1, 0x19, 0x8a, 0x1d, 0x21, 0xa0, 0x9b, 0x6a, 0x23, 0xe1,
  0x05, 0x84, 0xe3, 0x9d, 0x89, 0x2f, 0x25, 0x32, 0xec, 0x11, 0xec, 0xbb, 0x87, 0x0c, 0x61, 0xca,
  0x24, 0xb4, 0x63, 0xda, 0x16, 0xf6, 0x84, 0x9e, 0xa4, 0xdc, 0x9b, 0x82, 0x78, 0x1c, 0xb0, 0xf7,
  0x03, 0xda, 0x18, 0xe9, 0xca, 0xb2, 0x36, 0xdd, 0x44, 0xcd, 0x62, 0xb5, 0xb3, 0x47, 0x36, 0x2f,
  0xdc, 0x46, 0xa1, 0x26, 0x70, 0x5d, 0x12, 0x83, 0x33, 0x83, 0xfb, 0x45, 0xcb, 0x61, 0x77, 0x19,
  0x65, 0x5d, 0x85, 0xe3, 0x45, 0x9b, 0x53, 0x12, 0xbb, 0xaa, 0xae, 0x28, 0x63, 0xa1, 0xfd, 0xe9,
  0xf5, 0x24, 0x22, 0x4d, 0x0f, 0x1b, 0xb9, 0x81, 0xfc, 0x7e, 0x02, 0xdb, 0xe0, 0x00, 0xda, 0x45,
  0x2f, 0xe2, 0x51, 0x22, 0x7f, 0xed, 0x19, 0x3b, 0x44, 0x99, 0x7a, 0x71, 0x62, 0xb6, 0x77, 0xf7,
  0x62, 0x5c, 0x9c, 0xe3, 0x39, 0xb3, 0xf4, 0x67, 0xa3, 0x95, 0x3c, 0xf0, 0x20, 0x76, 0x52, 0x84,
  0x24, 0x3a, 0xba, 0x6c, 0x45, 0xd4, 0x48, 0x1d, 0x84, 0x99, 0x28, 0x41, 0x9a, 0x27, 0x12, 0xa1,
  0x6e, 0xb1, 0xf3, 0x99, 0x69, 0xc1, 0xef, 0x38, 0xb7, 0x04, 0xf0, 0x67, 0xc0, 0x3a, 0xab, 0x70,
  0xeb, 0xa2, 0x23, 0xb9, 0xf0, 0x26, 0x32, 0x6a, 0xae, 0x7c, 0x45, 0xf1, 0x2a, 0xf4, 0xd8, 0x3f,
  0x41, 0x82, 0x8d, 0x66, 0xf3, 0x83, 0xe3, 0xed, 0xe0, 0x47, 0xaa, 0x32, 0x4b, 0xc4, 0xae, 0x5e,
  0x99, 0xff, 0xb5, 0xb8, 0xb2, 0x76, 0xe3, 0xb1, 0xa8, 0xac, 0xfd, 0xb8, 0x59, 0x73, 0x1e, 0xab,
  0xaa, 0x71, 0x1c, 0x98, 0xd3, 0x53, 0x29, 0xa8, 0x0b, 0x6a, 0xe6, 0xc9, 0x15, 0x13, 0x92, 0xdf,
  0xc1, 0xa4, 0x7f, 0x0e, 0xee, 0x90, 0x15, 0xf5, 0x70, 0x8d, 0x4a, 0xf2, 0x3a, 0x26, 0x2b, 0x69,
  0x19, 0xb5, 0xb4, 0xa8, 0x33, 0xe9, 0xa3, 0x9d, 0xe3, 0x83, 0xf3, 0x3d, 0x6f, 0xae, 0xd5, 0xa8,
  0xce, 0x9c, 0xcf, 0x56, 0x49, 0xe3, 0x87, 0xcf, 0x25, 0x98, 0x3c, 0xdc, 0x25, 0xf9, 0xdf, 0x2d,
  0xfe, 0x77, 0x9b, 0xac, 0x37, 0x5a, 0xcf, 0x32, 0x80, 0x4f, 0x0f, 0x8e, 0x08, 0x1a, 0x7f, 0xda,
  0xe2, 0xcf, 0x96, 0xf8, 0xc3, 0x05, 0x0c, 0xca, 0x4d, 0x4a, 0x9c, 0x11, 0xfc, 0x19, 0x41, 0x9f,
  0x11, 0xec, 0x99, 0x01, 0x29, 0xcf, 0x97, 0x0c, 0x50, 0x3e, 0xca, 0x65, 0x78, 0xfd, 0x6b, 0x4b,
  0xff, 0xda, 0x16, 0xbf, 0x92, 0xe2, 0x19, 0xd5, 0x2e, 0x85, 0x0b, 0xf9, 0x12, 0x97, 0xfc, 0xb5,
  0xa5, 0x7f, 0x6d, 0x8b, 0x5f, 0x1a, 0x57, 0x46, 0x17, 0xb4, 0x51, 0x5d, 0xcd, 0x6e, 0x04, 0x26,
  0xf9, 0x63, 0x4b, 0xfd, 0xd8, 0xe6, 0x1f, 0x1a, 0x4d, 0xee, 0x2a, 0xb1, 0x30, 0x7d, 0x00, 0xa9,
  0x08, 0x82, 0x14, 0x08, 0xed, 0xef, 0xad, 0xd4, 0xf7, 0xb6, 0xf9, 0x9d, 0xae, 0xc5, 0x5e, 0x1e,
  0xa9, 0x5a, 0x70, 0x79, 0xd9, 0xaa, 0xc5, 0xfc, 0xde, 0x4a, 0x7d, 0x6f, 0x9b, 0xdf, 0x39, 0x7d,
  0x51, 0x24, 0x6a, 0x55, 0x21, 0x0c, 0xc8, 0x4c, 0x82, 0xa2, 0x8e, 0x54, 0xc2, 0x56, 0x3a, 0x61,
  0xdb, 0x4a, 0xc8, 0xe9, 0x4c, 0x61, 0x35, 0xa2, 0x6d, 0x46, 0x35, 0x46, 0xc2, 0x56, 0x3a, 0x61,
  0xdb, 0x4a, 0xf8, 0x94, 0x77, 0x8a, 0x68, 0xd2, 0xdc, 0x39, 0x9f, 0xae, 0xa1, 0xe0, 0x79, 0x5b,
  0xfd, 0xd8, 0x52, 0x3f, 0xb6, 0xf9, 0xc7, 0xa7, 0xe2, 0xd3, 0xc3, 0xef, 0x44, 0x94, 0x73, 0x00,
  0x69, 0xa2, 0x61, 0xbb, 0xda, 0x34, 0x12, 0xa8, 0x8c, 0x8f, 0x2d, 0xf3, 0x63, 0x5b, 0x7f, 0x7c,
  0x5a, 0x7a, 0xba, 0xf9, 0x33, 0x90, 0x9b, 0xbb, 0x03, 0x03, 0xe3, 0x1b, 0xd5, 0xeb, 0x37, 0xed,
  0xbc, 0xc1, 0x5a, 0xb7, 0x54, 0xf6, 0xfc, 0xd3, 0x2c, 0x93, 0xb4, 0xf0, 0x4d, 0xbb, 0xa8, 0xfb,
  0x3f, 0x82, 0xc1, 0xde, 0x97, 0x98, 0x5c, 0x4f, 0xb5, 0xf7, 0x54, 0xcd, 0xed, 0xa9, 0x9a, 0xdb,
  0xd3, 0x5c, 0x22, 0xf9, 0x21, 0x4c, 0x69, 0x8d, 0xf0, 0x68, 0xef, 0xe5, 0xc1, 0x11, 0xa9, 0x84,
  0x86, 0xab, 0x84, 0x7b, 0x06, 0x3f, 0xdf, 0xc3, 0x13, 0x47, 0x18, 0xfb, 0x4d, 0xff, 0x08, 0xf7,
  0x9d, 0xb8, 0x1e, 0x0d, 0xb3, 0xba, 0xc8, 0xcc, 0x9c, 0x0d, 0xc9, 0xe3, 0x7f, 0x87, 0xbf, 0x11,
  0xd0, 0x20, 0x1c, 0x55, 0x95, 0x76, 0xc3, 0xd6, 0x7d, 0xe5, 0xfb, 0x10, 0x0b, 0x53, 0xbf, 0x6d,
  0xfa, 0x17, 0xea, 0xa3, 0x95, 0x65, 0x29, 0x7a, 0x52, 0x79, 0x93, 0xee, 0xc7, 0x7d, 0x32, 0xb3,
  0x17, 0xaf, 0x1e, 0x97, 0x3e, 0xc9, 0x7e, 0xe5, 0xe6, 0xae, 0x52, 0x91, 0xcd, 0xa3, 0x53, 0x4e,
  0xe1, 0x1a, 0x8f, 0xd0, 0xa6, 0x4a, 0x94, 0x42, 0x06, 0xb4, 0x80, 0x72, 0x08, 0xd5, 0xc5, 0x97,
  0xd9, 0xaa, 0x6c, 0x66, 0xa6, 0x4d, 0x59, 0xb5, 0x50, 0xe2, 0xb0, 0x2b, 0xcb, 0x07, 0xcb, 0x69,
  0x4f, 0x8a, 0x80, 0x5c, 0xfe, 0x36, 0xdb, 0x94, 0x0f, 0x90, 0x69, 0x57, 0xfa, 0xd0, 0x83, 0x8c,
  0xb1, 0xf2, 0x76, 0x1c, 0x35, 0xce, 0x80, 0x2f, 0x81, 0xcc, 0x62, 0xb5, 0x4e, 0x4c, 0x84, 0xaf,
  0x0e, 0x8c, 0xdc, 0x69, 0x8c, 0xf9, 0x50, 0x04, 0x91, 0x90, 0xf8, 0xf1, 0xde, 0x09, 0x6c, 0x4b,
  0x87, 0xa7, 0x9f, 0x59, 0x4d, 0xf1, 0xe6, 0xb9, 0x74, 0x50, 0x62, 0x11, 0x29, 0x9c, 0xe9, 0x25,
  0xf6, 0x90, 0xbc, 0x99, 0x2d, 0xb6, 0x86, 0x14, 0xcd, 0x5e, 0xb9, 0x2d, 0x24, 0x7f, 0xa6, 0x4a,
  0x2c, 0x21, 0x39, 0xc3, 0x72, 0xb6, 0xbf, 0x77, 0xb4, 0x77, 0xaa, 0xc6, 0x25, 0x3b, 0x49, 0x65,
  0x93, 0x5d, 0x34, 0x11, 0xc5, 0x53, 0x69, 0xb6, 0xe0, 0xdd, 0xab, 0x97, 0xef, 0xcf, 0x3e, 0xb3,
  0xe5, 0x44, 0xa8, 0x90, 0x2f, 0xff, 0xfe, 0xf9, 0xf4, 0xe0, 0xf7, 0xc3, 0xb3, 0xf3, 0x83, 0xd3,
  0xd2, 0x79, 0x2a, 0x1c, 0xed, 0x5c, 0x16, 0xf0, 0xdd, 0xf3, 0x54, 0x34, 0xde, 0x79, 0x0b, 0xba,
  0x74, 0x9e, 0x32, 0x7d, 0x16, 0x63, 0xae, 0x3b, 0xfb, 0xf9, 0xaf, 0x07, 0x7f, 0x37, 0x2d, 0x3a,
  0x4b, 0x8e, 0x13, 0x8b, 0xe6, 0x22, 0xff, 0xb4, 0xb1, 0x56, 0x36, 0x1b, 0x86, 0xb1, 0x25, 0x3b,
  0x1d, 0xdc, 0xaa, 0x8f, 0x4b, 0x2d, 0x82, 0x4b, 0x2c, 0x78, 0xcb, 0x4c, 0x89, 0x99, 0xe2, 0xc9,
  0xd1, 0xe8, 0xd9, 0x9b, 0x77, 0xa7, 0xe7, 0x9f, 0x61, 0xf5, 0x3a, 0x3f, 0x3b, 0x3f, 0x05, 0xbd,
  0xc2, 0x36, 0xed, 0xb9, 0xca, 0x45, 0x74, 0x16, 0xd7, 0x7b, 0xbc, 0x23, 0x1b, 0xb6, 0xea, 0xf1,
  0x74, 0xd6, 0x0f, 0xa3, 0xfa, 0xf6, 0xd6, 0xe3, 0x26, 0x62, 0x31, 0x6d, 0x37, 0x9b, 0x75, 0x7f,
  0x6b, 0xf0, 0x6c, 0xd0, 0x60, 0x7b, 0x81, 0x32, 0x20, 0xc7, 0x0d, 0x18, 0x7b, 0x72, 0x1c, 0x5f,
  0xdd, 0x54, 0x7d, 0x67, 0x7f, 0x7f, 0xbb, 0xff, 0x73, 0xab, 0x22, 0xb3, 0x0d, 0xd5, 0x82, 0x7b,
  0x0b, 0x0e, 0xef, 0x79, 0x48, 0x6e, 0x0e, 0xbd, 0x8f, 0xc2, 0x40, 0x9f, 0xf9, 0xf7, 0x93, 0x09,
  0xfa, 0x0a, 0xf7, 0x95, 0xee, 0x3d, 0x4e, 0x97, 0xc9, 0x38, 0xe7, 0x15, 0x16, 0x01, 0x6f, 0xbe,
  0x30, 0x4d, 0xed, 0xc1, 0xd0, 0x34, 0x8b, 0xc3, 0x87, 0x7b, 0x86, 0xcb, 0x1b, 0x53, 0xb2, 0xd7,
  0x1f, 0x90, 0xa9, 0x6d, 0x34, 0x55, 0x96, 0x73, 0xd3, 0xa8, 0xce, 0xf7, 0xe6, 0x2b, 0x37, 0x38,
  0x46, 0x84, 0x9a, 0x5f, 0x43, 0x98, 0x93, 0xbe, 0xe7, 0xba, 0xd5, 0xb9, 0x18, 0x8f, 0x11, 0x9a,
  0xe9, 0x01, 0xad, 0xcb, 0x50, 0x6e, 0xb5, 0x4b, 0x09, 0x0d, 0xba, 0xec, 0xb0, 0x2f, 0xc3, 0xfb,
  0xcb, 0x82, 0x22, 0x83, 0x23, 0xb7, 0x34, 0x38, 0x9e, 0x94, 0xc7, 0x98, 0x3c, 0xcf, 0x0d, 0x68,
  0x8a, 0xdd, 0x5d, 0x57, 0x46, 0xe6, 0x75, 0x3b, 0x2a, 0x23, 0xba, 0xa6, 0xd4, 0x67, 0x17, 0x08,
  0xaa, 0xdf, 0x77, 0x3b, 0xee, 0x2f, 0xfd, 0x8b, 0xe0, 0x69, 0x70, 0xe1, 0x9a, 0x6d, 0xe3, 0xc3,
  0x18, 0x04, 0x87, 0xa9, 0xc0, 0x21, 0x5c, 0xf7, 0xcb, 0xd4, 0x58, 0x3e, 0x22, 0x03, 0x47, 0x06,
  0xf8, 0x17, 0x71, 0x73, 0xd8, 0xfd, 0xb6, 0xb2, 0x59, 0xf9, 0xb8, 0x57, 0xff, 0xdf, 0x9f, 0xaa,
  0x9b, 0x97, 0x35, 0xd7, 0xf9, 0xb5, 0x85, 0xa3, 0x09, 0x9d, 0xf3, 0xef, 0x8d, 0xcd, 0x5a, 0xcf,
  0xdb, 0xe9, 0xe1, 0xb0, 0xe2, 0x3d, 0x45, 0xb4, 0x12, 0x87, 0x15, 0xf6, 0x68, 0x90, 0x4b, 0x00,
  0x6f, 0x13, 0xa8, 0xce, 0x1a, 0x47, 0x87, 0xa8, 0xce, 0xc3, 0x41, 0xc5, 0x3c, 0x34, 0x68, 0x5c,
  0xf9, 0x31, 0x37, 0xa9, 0x2a, 0x9b, 0xb4, 0x47, 0xf1, 0x2c, 0x1b, 0x61, 0xcc, 0x7f, 0x2b, 0xa2,
  0xd0, 0x2e, 0xff, 0x69, 0xfc, 0x89, 0x15, 0x5a, 0x71, 0x6b, 0x8e, 0x5b, 0xed, 0xb8, 0x6e, 0x57,
  0xc2, 0x73, 0x96, 0xb3, 0xbb, 0xeb, 0xb8, 0x76, 0x77, 0xa3, 0xb7, 0xec, 0x60, 0x2c, 0x31, 0xa8,
  0x39, 0xf0, 0xac, 0x54, 0x85, 0x43, 0x24, 0xa2, 0xd2, 0xd7, 0xf4, 0x9a, 0x42, 0x50, 0x19, 0x55,
  0x77, 0x47, 0x1c, 0x08, 0x5e, 0xa3, 0x0b, 0x63, 0x71, 0xfc, 0x46, 0xb4, 0x76, 0xc6, 0x97, 0xef,
  0x83, 0x7e, 0x45, 0x61, 0xa5, 0x5b, 0xf9, 0x6f, 0xd5, 0xec, 0xf6, 0x06, 0x97, 0x75, 0xc3, 0xb3,
  0x83, 0x02, 0x27, 0x2a, 0x18, 0x4f, 0x01, 0xee, 0xea, 0xd6, 0xa9, 0x94, 0x86, 0x68, 0x50, 0x47,
  0x67, 0x68, 0xba, 0x6c, 0x24, 0xc8, 0x76, 0x77, 0x9b, 0xba, 0xc9, 0x8c, 0xcf, 0xf3, 0x1e, 0x5b,
  0x03, 0x7e, 0x33, 0x15, 0x1d, 0xab, 0xe1, 0xee, 0x4a, 0x38, 0x8d, 0xbd, 0x96, 0x9e, 0x68, 0x11,
  0x9a, 0xc3, 0x1b, 0xc1, 0x10, 0xfd, 0xed, 0x9b, 0xee, 0xee, 0x5b, 0xff, 0xad, 0x1a, 0x61, 0xb7,
  0x5e, 0x77, 0x3b, 0xd6, 0xe0, 0x60, 0x66, 0x5f, 0x87, 0x5f, 0xd1, 0x4d, 0x81, 0x8c, 0xa6, 0xd6,
  0xe7, 0x50, 0x3c, 0xc9, 0x71, 0x14, 0x2c, 0xd2, 0x7b, 0xe3, 0xb0, 0x02, 0xcf, 0xf3, 0x9a, 0x08,
  0xe7, 0x11, 0x63, 0x15, 0xa9, 0x51, 0x41, 0x0a, 0x3e, 0x61, 0x0e, 0xbc, 0x82, 0x16, 0x3a, 0x8a,
  0xb0, 0xd6, 0xf9, 0x94, 0x12, 0xce, 0xe8, 0x12, 0x76, 0xd1, 0x05, 0x2d, 0x10, 0x54, 0x83, 0x62,
  0x12, 0x3d, 0x7a, 0xf4, 0x90, 0x7f, 0x8b, 0x48, 0x38, 0x71, 0x75, 0x6e, 0x7e, 0x79, 0x73, 0x57,
  0x2e, 0x92, 0x3a, 0x59, 0x21, 0x40, 0xe2, 0xe4, 0xba, 0x1d, 0x8a, 0xc3, 0xb4, 0xcd, 0x3f, 0x61,
  0x29, 0x83, 0x27, 0xa5, 0xa8, 0x16, 0x56, 0x49, 0xcf, 0xbf, 0x83, 0xeb, 0x9c, 0x33, 0xa0, 0x40,
  0x5d, 0xaa, 0x71, 0x71, 0x95, 0x6a, 0x7b, 0x88, 0x5c, 0x04, 0xc8, 0xae, 0xce, 0xa7, 0x57, 0x88,
  0x00, 0xe0, 0x90, 0x90, 0x38, 0xa0, 0x35, 0x55, 0x11, 0x25, 0x28, 0x97, 0x16, 0x64, 0x05, 0x87,
  0x71, 0xf4, 0x3b, 0x66, 0xfe, 0x7e, 0x8e, 0x94, 0xea, 0x42, 0x0e, 0x24, 0x92, 0x2d, 0x32, 0x53,
  0x86, 0xf7, 0x97, 0x14, 0xe1, 0xe7, 0xaf, 0x7c, 0x68, 0xc6, 0x85, 0xd4, 0x28, 0x88, 0x81, 0x3f,
  0x43, 0x2c, 0xa5, 0xd1, 0xa5, 0xcc, 0xc2, 0x41, 0x5f, 0xe6, 0x90, 0x0f, 0x6d, 0x13, 0x34, 0x0e,
  0x7b, 0xde, 0x70, 0x06, 0x23, 0x6f, 0x85, 0xd6, 0x34, 0x9a, 0x91, 0x49, 0xe5, 0x40, 0xc0, 0x79,
  0x39, 0xfa, 0xb2, 0xc2, 0x18, 0x47, 0x11, 0x6a, 0x39, 0x11, 0x96, 0x3c, 0xe4, 0x82, 0x93, 0xe4,
  0x60, 0x19, 0xe0, 0x12, 0x29, 0x95, 0xcf, 0xc1, 0x4f, 0x51, 0x6d, 0xf3, 0xb3, 0x6e, 0xe4, 0x81,
  0x88, 0xae, 0x55, 0xc4, 0x1d, 0x50, 0x6b, 0xd4, 0xa5, 0x28, 0xe3, 0xd6, 0xea, 0xc4, 0x29, 0x26,
  0xa6, 0x95, 0x4f, 0x6c, 0x89, 0xb0, 0xf5, 0x4a, 0x12, 0x71, 0x2d, 0x78, 0x1d, 0x25, 0x01, 0x2f,
  0xb0, 0x86, 0x44, 0x3a, 0x6a, 0x1c, 0x05, 0x93, 0x37, 0xe7, 0xc7, 0x90, 0x26, 0x6e, 0xf7, 0xdd,
  0xc5, 0x9f, 0x94, 0x46, 0xa2, 0x04, 0xb6, 0xf9, 0x8a, 0x74, 0x86, 0x6e, 0x28, 0x4b, 0x7c, 0x15,
  0x21, 0x6f, 0x27, 0x07, 0xa0, 0xbe, 0x4a, 0xe5, 0xa3, 0x58, 0x14, 0xbc, 0xab, 0xfb, 0x54, 0xf5,
  0x76, 0x12, 0x02, 0xa5, 0xc3, 0x4d, 0xcd, 0xdb, 0x7b, 0xb8, 0x73, 0x36, 0x0d, 0x24, 0x7b, 0xc7,
  0x48, 0x73, 0x36, 0x2a, 0x17, 0x3f, 0xc4, 0x0a, 0xf5, 0xf8, 0x5f, 0x95, 0x64, 0x32, 0x6f, 0xc6,
  0xae, 0x1a, 0x4a, 0x93, 0x30, 0xea, 0xef, 0xd3, 0xd3, 0x12, 0x15, 0x01, 0x5b, 0x5d, 0x54, 0xb3,
  0x03, 0xc0, 0xfa, 0xe4, 0x4b, 0x11, 0x7b, 0x42, 0x8f, 0x01, 0x9d, 0xcc, 0xf0, 0x08, 0x58, 0xa1,
  0x29, 0xd0, 0x0e, 0xca, 0xb0, 0x87, 0x20, 0x11, 0x7f, 0x49, 0x67, 0x89, 0xc6, 0x02, 0x3c, 0xee,
  0xd1, 0x0f, 0xbe, 0x26, 0x5d, 0x15, 0x48, 0x0a, 0xbb, 0x2a, 0x9d, 0xfe, 0x11, 0xf2, 0x90, 0x7f,
  0x34, 0xf8, 0xba, 0x02, 0x9d, 0x0e, 0x79, 0xae, 0x8e, 0x55, 0xea, 0xfe, 0x26, 0x50, 0xef, 0xba,
  0xe2, 0x8e, 0x30, 0x2d, 0xc2, 0xa4, 0x84, 0x39, 0x12, 0x72, 0x73, 0x83, 0x02, 0xdc, 0x8a, 0xdf,
  0x5a, 0xd5, 0xdf, 0x5c, 0x27, 0x29, 0xfe, 0xee, 0x2d, 0x4a, 0xbe, 0x7b, 0xfd, 0x3a, 0x29, 0xdc,
  0xf7, 0x11, 0x14, 0x2c, 0xa0, 0xbe, 0x01, 0xdc, 0xe3, 0x7f, 0x55, 0x16, 0xae, 0x25, 0x62, 0x99,
  0x5f, 0x7b, 0x15, 0xea, 0x8b, 0x21, 0xc2, 0xe9, 0xb4, 0xde, 0xe8, 0xfe, 0x47, 0x2e, 0xf4, 0xc9,
  0x7b, 0x98, 0x49, 0xea, 0xe6, 0x8d, 0xf4, 0x42, 0x8c, 0xa5, 0x39, 0x4b, 0xa2, 0xbe, 0xd4, 0x2c,
  0x51, 0x8b, 0x71, 0x11, 0xa4, 0x5f, 0xe1, 0xc9, 0x55, 0x12, 0x4c, 0x72, 0x82, 0x2f, 0xd6, 0xb5,
  0x3a, 0x40, 0xe2, 0x82, 0xc6, 0xc5, 0xce, 0xaf, 0xc2, 0x78, 0xb0, 0xc0, 0x4d, 0x91, 0x1d, 0x8e,
  0x09, 0x86, 0x14, 0x2e, 0xb7, 0x90, 0x71, 0xbf, 0xc4, 0x75, 0x8d, 0x2f, 0x59, 0x62, 0x20, 0x65,
  0x32, 0x16, 0x83, 0x54, 0x9d, 0xd3, 0xfc, 0x73, 0x8c, 0x1b, 0x70, 0x8a, 0x64, 0xca, 0x3f, 0xea,
  0x06, 0xb9, 0x27, 0x88, 0x4c, 0x47, 0x16, 0x11, 0x58, 0xa8, 0xa9, 0x44, 0x63, 0x2c, 0xbf, 0xc1,
  0x5c, 0xc0, 0xc9, 0xab, 0xb5, 0x04, 0x12, 0x57, 0x32, 0x24, 0x4c, 0x38, 0xde, 0xeb, 0xf7, 0xc1,
  0xc0, 0x88, 0x03, 0x45, 0x83, 0x81, 0x60, 0x24, 0x06, 0xe4, 0xd9, 0xd9, 0xe1, 0x2b, 0x05, 0x2b,
  0x1d, 0x99, 0x70, 0x75, 0x1b, 0xc7, 0x7f, 0xdf, 0xbe, 0x89, 0x44, 0x7f, 0x2c, 0xbe, 0xd2, 0x55,
  0xec, 0xe9, 0x2a, 0xfc, 0x31, 0x0d, 0xbe, 0x38, 0x01, 0xdd, 0xad, 0xa4, 0x4a, 0x49, 0xba, 0x81,
  0xf4, 0x46, 0xed, 0x16, 0x02, 0x5c, 0x0c, 0xc1, 0x56, 0xf9, 0xcb, 0xaf, 0x73, 0x51, 0x62, 0x30,
  0x09, 0x02, 0x4a, 0xfa, 0xf6, 0xad, 0xb9, 0x80, 0x97, 0xa9, 0x4a, 0x86, 0xe9, 0x43, 0xa5, 0x7e,
  0x31, 0x4b, 0xe3, 0x12, 0xb5, 0xaa, 0x1f, 0x07, 0x61, 0xb2, 0x72, 0x50, 0x2e, 0xa2, 0x17, 0xb9,
  0xe4, 0x46, 0x3f, 0xb4, 0xbb, 0x79, 0x84, 0x90, 0x74, 0x46, 0x65, 0x98, 0xc0, 0x29, 0x25, 0xbd,
  0x8f, 0xb9, 0xba, 0x59, 0x6c, 0xe1, 0x96, 0xde, 0xee, 0x0a, 0x3f, 0x01, 0xcb, 0x24, 0x44, 0x47,
  0x82, 0xdc, 0x91, 0x83, 0xf1, 0x49, 0x2a, 0x27, 0x5a, 0xde, 0x43, 0x65, 0xe5, 0x45, 0xac, 0x63,
  0xcd, 0x91, 0xc2, 0x07, 0x1a, 0x37, 0x17, 0x8a, 0x40, 0x69, 0xf8, 0xa1, 0x07, 0xfd, 0xdd, 0x2f,
  0x64, 0x29, 0x52, 0x4d, 0xcb, 0x9d, 0x04, 0x3d, 0x8b, 0x8b, 0x2f, 0x9d, 0x4a, 0xce, 0xa8, 0x7f,
  0xd9, 0x3b, 0xd1, 0x08, 0xd2, 0x43, 0x8f, 0x22, 0x74, 0xdd, 0x46, 0xcc, 0x3c, 0xb7, 0xc7, 0x58,
  0xea, 0xdc, 0x4c, 0xbd, 0x50, 0x53, 0xed, 0x22, 0x41, 0x92, 0x5b, 0x9d, 0x60, 0xee, 0x1d, 0xc5,
  0xf2, 0xab, 0x96, 0xc2, 0x43, 0x23, 0x90, 0x84, 0xcd, 0x43, 0x95, 0x37, 0x69, 0x9d, 0xd7, 0x65,
  0xa7, 0x4a, 0x5d, 0x29, 0xe5, 0xcb, 0x21, 0x15, 0xb0, 0xe9, 0xf6, 0xb9, 0x12, 0x3d, 0xef, 0x10,
  0x84, 0xc2, 0x95, 0x44, 0xd8, 0xa3, 0xd1, 0xe7, 0x43, 0x4d, 0xab, 0x06, 0xe1, 0x7f, 0xa4, 0xab,
  0xa0, 0x29, 0xe4, 0xa4, 0x33, 0x25, 0x8d, 0xb9, 0x36, 0x51, 0x30, 0x67, 0x38, 0x0a, 0x44, 0x7c,
  0x06, 0x51, 0x0e, 0x7f, 0x97, 0x0e, 0x6d, 0x6a, 0x51, 0xa7, 0xf8, 0xbb, 0x19, 0xc5, 0x23, 0x97,
  0xbd, 0x0b, 0x78, 0x32, 0x08, 0xc6, 0x92, 0x56, 0xe8, 0x37, 0x99, 0x0b, 0xe1, 0x00, 0xf0, 0xed,
  0xdb, 0xc7, 0x4f, 0x12, 0x02, 0x67, 0x1a, 0x32, 0x1f, 0xbf, 0x42, 0x38, 0x9a, 0xdd, 0x1b, 0x99,
  0xcc, 0x11, 0x55, 0x79, 0xfe, 0xe0, 0x60, 0x0c, 0x06, 0x04, 0x9f, 0x32, 0x29, 0x08, 0xfe, 0x48,
  0x43, 0x18, 0xe7, 0x3f, 0x5e, 0xa2, 0x98, 0x1a, 0xa9, 0x0c, 0x0b, 0xf6, 0x53, 0xa1, 0x2d, 0x55,
  0xe8, 0x35, 0xbb, 0xe1, 0x8b, 0xed, 0x6e, 0xf8, 0xdb, 0x6f, 0xaa, 0xcf, 0x7c, 0xe5, 0x4f, 0xeb,
  0xb6, 0x46, 0xc1, 0x8f, 0xe1, 0x27, 0xd6, 0x6a, 0x05, 0x98, 0xb8, 0xe8, 0x20, 0x4e, 0xd3, 0x3c,
  0x2e, 0xe3, 0x79, 0xcf, 0x8d, 0x61, 0x38, 0x22, 0xd6, 0xea, 0x99, 0x50, 0xbb, 0x2e, 0x6f, 0x30,
  0x40, 0x7f, 0xe7, 0xe6, 0x78, 0xd1, 0xd9, 0x79, 0x0a, 0x0e, 0x20, 0xce, 0xbe, 0x82, 0x41, 0x54,
  0xeb, 0x42, 0x61, 0x08, 0xf6, 0x4c, 0xa2, 0x29, 0xfa, 0x6a, 0x12, 0x43, 0x12, 0x0d, 0xdb, 0xe5,
  0xac, 0x64, 0x9e, 0xbe, 0x94, 0x85, 0x76, 0x41, 0xa8, 0x07, 0x8a, 0xb3, 0xf1, 0xeb, 0x3c, 0xfc,
  0xad, 0xb5, 0x10, 0x9c, 0x9f, 0x83, 0x6d, 0xfe, 0x3a, 0xd7, 0xdd, 0x59, 0x74, 0x1c, 0x16, 0x1b,
  0x3c, 0xcd, 0x18, 0x0e, 0xa1, 0xa4, 0x0b, 0x7d, 0x9c, 0x14, 0x7a, 0x95, 0x5e, 0x5d, 0x08, 0x18,
  0xea, 0x9a, 0x90, 0x2e, 0x09, 0xba, 0x37, 0x12, 0x07, 0xa6, 0x3f, 0x07, 0x83, 0x48, 0xad, 0x2e,
  0x9c, 0xbf, 0xa4, 0x8a, 0x1d, 0xf2, 0x73, 0x24, 0xa2, 0xa8, 0x20, 0x02, 0x9a, 0x8e, 0x44, 0x40,
  0xa7, 0xab, 0x61, 0x21, 0x2a, 0xe1, 0x05, 0x59, 0x15, 0xc2, 0x7f, 0xc9, 0x91, 0xb0, 0xd1, 0x57,
  0x8e, 0xcc, 0x9b, 0x48, 0x57, 0x6c, 0x26, 0x58, 0x05, 0x54, 0xeb, 0x03, 0x7a, 0xaa, 0x9e, 0x14,
  0xc1, 0xb0, 0xe4, 0xa4, 0x3c, 0xf4, 0x0c, 0x95, 0x50, 0x05, 0x03, 0x03, 0xab, 0xc9, 0x4b, 0x94,
  0x7a, 0x9a, 0xa0, 0x66, 0x95, 0xbc, 0x8b, 0xf9, 0xef, 0xae, 0x87, 0xbe, 0x9d, 0x8b, 0xbf, 0x5d,
  0x50, 0x41, 0x7b, 0x8d, 0x1a, 0x84, 0x4e, 0x5b, 0x4d, 0x27, 0x34, 0xac, 0xad, 0x42, 0xb2, 0xcc,
  0x94, 0x42, 0xcb, 0xeb, 0x64, 0x36, 0x86, 0xb2, 0x14, 0x90, 0x87, 0xb9, 0xf4, 0x67, 0xff, 0x80,
  0xc3, 0x66, 0xf6, 0x4f, 0xb9, 0xaf, 0xa8, 0x1d, 0x8e, 0x52, 0x92, 0x1e, 0x3d, 0xb2, 0xf7, 0xd2,
  0x92, 0xc3, 0xb2, 0xd7, 0xc9, 0xa9, 0x66, 0x04, 0xd5, 0x47, 0x8f, 0xf2, 0x33, 0x1a, 0xc3, 0x60,
  0x74, 0x89, 0xd7, 0x06, 0x3d, 0x6f, 0xbb, 0x3a, 0x37, 0x0d, 0x2d, 0xd8, 0xc1, 0xe5, 0x97, 0x28,
  0x50, 0xb6, 0xcc, 0x39, 0xbf, 0x98, 0x81, 0x14, 0xb8, 0x39, 0xaf, 0xc9, 0x3a, 0x60, 0x1a, 0x06,
  0x70, 0xad, 0x55, 0x4a, 0x0e, 0x44, 0xb2, 0xf1, 0x92, 0x63, 0x70, 0xb6, 0x4b, 0x74, 0x75, 0x2e,
  0x85, 0x1d, 0x5b, 0xb2, 0x76, 0x01, 0x4b, 0x50, 0xe6, 0xfa, 0x15, 0x11, 0x76, 0x8d, 0xe7, 0x39,
  0x5c, 0x0d, 0xa5, 0xb4, 0x4f, 0x54, 0xe3, 0xe1, 0xff, 0xa4, 0x26, 0x56, 0xe4, 0x0a, 0xab, 0xe2,
  0x5c, 0x51, 0x19, 0xff, 0x34, 0x6b, 0x33, 0xde, 0xe4, 0x70, 0x13, 0x00, 0x53, 0x28, 0x59, 0xd6,
  0x18, 0xdd, 0x14, 0x73, 0xb9, 0x70, 0x19, 0x32, 0x28, 0xaa, 0xe6, 0xf0, 0x30, 0xc5, 0x5e, 0xb1,
  0x7d, 0x04, 0x8e, 0xb0, 0x49, 0xe3, 0xc5, 0x46, 0xe4, 0x9d, 0xdc, 0x95, 0x5b, 0xf7, 0x45, 0x53,
  0x03, 0x3a, 0xf6, 0xc3, 0x89, 0x30, 0x1e, 0x52, 0x58, 0x0e, 0xdb, 0xc0, 0x9f, 0x1e, 0x7b, 0x32,
  0x29, 0x32, 0x54, 0x99, 0xb5, 0x59, 0x1a, 0x92, 0x88, 0x09, 0xa5, 0x8a, 0x7e, 0x10, 0x5d, 0x50,
  0x68, 0xd2, 0x04, 0xaa, 0x69, 0xfe, 0xa3, 0x82, 0xf8, 0x54, 0xdd, 0xcd, 0x49, 0xb4, 0x3a, 0x7a,
  0xc3, 0x4d, 0xff, 0x43, 0xb5, 0x4c, 0x01, 0xed, 0xa6, 0x3a, 0x92, 0x14, 0x16, 0xed, 0xd2, 0xe5,
  0xc5, 0x98, 0x53, 0xf9, 0xd7, 0x78, 0xd9, 0xc5, 0xab, 0x10, 0xdf, 0xaa, 0xf1, 0x04, 0x02, 0x5a,
  0xec, 0xa3, 0x6a, 0xfc, 0xbe, 0x0f, 0x1c, 0xba, 0x84, 0x6b, 0x5d, 0x9f, 0xf6, 0x22, 0x7c, 0x3f,
  0x5b, 0x60, 0xa0, 0x17, 0x61, 0x56, 0x21, 0x13, 0x87, 0x21, 0x4d, 0x3a, 0xd1, 0x0f, 0xca, 0x40,
  0x39, 0x91, 0xb8, 0x85, 0xa0, 0x52, 0xef, 0xcb, 0xa8, 0x82, 0x52, 0xe7, 0xb9, 0xba, 0x2e, 0xac,
  0x87, 0xf9, 0xb7, 0x06, 0xbf, 0xba, 0x6e, 0xb0, 0xf8, 0x74, 0xd5, 0xcb, 0x44, 0x6e, 0x92, 0x21,
  0x3b, 0xe3, 0xc1, 0x64, 0x3b, 0x0c, 0xfc, 0x51, 0x45, 0x7e, 0xcb, 0xa2, 0x60, 0x21, 0xaa, 0x97,
  0x73, 0x79, 0x83, 0x9e, 0x0a, 0xa9, 0x45, 0xa2, 0x06, 0xc6, 0x53, 0x3f, 0xba, 0x45, 0x40, 0x87,
  0xbc, 0x99, 0x93, 0xdc, 0x4c, 0x6c, 0x47, 0x05, 0xec, 0x02, 0x47, 0xab, 0x81, 0x85, 0x5b, 0x76,
  0x56, 0x6c, 0xea, 0x04, 0x8c, 0xd1, 0xeb, 0xe9, 0xd7, 0x69, 0x61, 0xaf, 0x69, 0x47, 0xa5, 0x3a,
  0x0d, 0x38, 0x5b, 0xef, 0xc3, 0x25, 0x27, 0x63, 0xd8, 0xc5, 0x3c, 0xa3, 0xb7, 0xd7, 0x35, 0x40,
  0xca, 0x32, 0x19, 0x21, 0x45, 0xa0, 0x9c, 0xb7, 0x60, 0x12, 0xc1, 0x68, 0x58, 0xcb, 0xe3, 0xd1,
  0xa3, 0x7c, 0x43, 0x60, 0xd5, 0xa4, 0x87, 0x18, 0x37, 0x63, 0x7b, 0xc1, 0x87, 0xbc, 0xe5, 0x9a,
  0x10, 0xb3, 0x85, 0xd6, 0x22, 0x73, 0x3b, 0x47, 0xd2, 0xba, 0x8d, 0x9b, 0xa8, 0x55, 0xe2, 0xb7,
  0xc9, 0xbf, 0x78, 0x45, 0xd9, 0x70, 0x56, 0x85, 0xa9, 0xac, 0x54, 0x8d, 0xb0, 0x93, 0xc5, 0xcb,
  0xf9, 0xad, 0xc3, 0x70, 0xd2, 0x68, 0x2d, 0x03, 0xc2, 0x7b, 0x2e, 0xc5, 0x89, 0x71, 0x33, 0xd9,
  0x88, 0x3c, 0xef, 0xb9, 0x88, 0x2d, 0x2f, 0x73, 0x88, 0xdd, 0x37, 0xc4, 0x89, 0x7b, 0x62, 0xc5,
  0xe8, 0xf9, 0xcc, 0xb9, 0x12, 0x3b, 0x86, 0xa2, 0x17, 0xd5, 0xa6, 0x55, 0x9a, 0xc4, 0xb5, 0x9a,
  0xeb, 0xcd, 0x08, 0x5f, 0xe3, 0x9a, 0x20, 0xb2, 0x5d, 0x48, 0x3e, 0x97, 0x31, 0xdf, 0xf7, 0x45,
  0xc8, 0x77, 0xb2, 0x7f, 0xe4, 0x3e, 0x31, 0x90, 0x53, 0x5c, 0x46, 0xf8, 0x37, 0xbb, 0x66, 0x66,
  0x8b, 0x98, 0xff, 0x9e, 0xbb, 0xe4, 0xbd, 0xa7, 0xc2, 0x92, 0xa7, 0xfc, 0x58, 0x00, 0xca, 0x37,
  0xf3, 0xd1, 0xeb, 0xc7, 0x2a, 0xd0, 0x66, 0x42, 0xbc, 0x5d, 0x6b, 0xb5, 0x6b, 0x2d, 0xf1, 0x4e,
  0x94, 0xdb, 0x7d, 0x60, 0x8d, 0x1f, 0xbd, 0x43, 0xbb, 0xda, 0x00, 0x12, 0x64, 0x46, 0x8e, 0xea,
  0xea, 0x13, 0x6c, 0x47, 0xab, 0xca, 0x4a, 0x85, 0xf4, 0x28, 0x23, 0x12, 0xb1, 0x21, 0x97, 0xb3,
  0xbe, 0xf8, 0x92, 0xad, 0xe0, 0x8f, 0x95, 0xc4, 0xbe, 0xc2, 0xfe, 0x47, 0x4a, 0xfc, 0x27, 0x4f,
  0xa8, 0xe5, 0xb4, 0x9d, 0xd5, 0xe0, 0xd5, 0x18, 0xab, 0x93, 0x14, 0x90, 0x0c, 0x56, 0x84, 0x31,
  0x71, 0xb3, 0xd9, 0x1c, 0xcc, 0xc4, 0x6d, 0xe5, 0xe4, 0x48, 0xfd, 0xd1, 0xe0, 0x12, 0xd2, 0x56,
  0x05, 0x0d, 0x2f, 0x0b, 0x9d, 0xe1, 0xbc, 0x16, 0x7f, 0x58, 0x02, 0x5f, 0xc8, 0x84, 0x8d, 0x61,
  0xb2, 0x94, 0x0e, 0x85, 0x46, 0x83, 0xd9, 0xe2, 0xb1, 0xa2, 0x4a, 0xd5, 0x6c, 0xa6, 0x21, 0xe5,
  0x64, 0x25, 0xcd, 0x9e, 0x74, 0xc7, 0x5a, 0xd5, 0x9d, 0x56, 0x4d, 0x49, 0x9c, 0x44, 0xfe, 0xdb,
  0x58, 0xaa, 0x36, 0xd9, 0x49, 0x8e, 0xad, 0xa9, 0xa5, 0xa6, 0x2a, 0xaf, 0xa6, 0xc8, 0x79, 0x42,
  0x8f, 0x20, 0xac, 0xc8, 0x10, 0x08, 0x74, 0x19, 0x41, 0x33, 0xd0, 0x5a, 0x14, 0x9d, 0x94, 0x28,
  0x20, 0x69, 0x7d, 0x70, 0xe6, 0x4a, 0xf7, 0x21, 0x17, 0xfb, 0x31, 0xe9, 0x80, 0xf1, 0x25, 0xa7,
  0xf6, 0xd5, 0xc9, 0x5d, 0x83, 0xaf, 0x44, 0xef, 0x0c, 0xbd, 0x16, 0xc1, 0x27, 0x25, 0xf2, 0x29,
  0xde, 0xc8, 0x4f, 0x93, 0xbc, 0x91, 0x65, 0x18, 0xcf, 0x73, 0xa8, 0xdd, 0x00, 0xcc, 0x90, 0xfb,
  0x75, 0x42, 0xe4, 0x45, 0x60, 0x25, 0x54, 0x9e, 0x8c, 0x8e, 0x49, 0xe6, 0x09, 0xa2, 0x22, 0x3a,
  0xd7, 0xe5, 0x6a, 0x77, 0x29, 0x12, 0x37, 0x14, 0xd9, 0x72, 0xea, 0xae, 0xa6, 0x88, 0x4e, 0x92,
  0x73, 0x42, 0x2a, 0x35, 0x5d, 0x49, 0x42, 0xd0, 0xc4, 0xd0, 0x0d, 0xba, 0x17, 0x20, 0xa6, 0x38,
  0x8b, 0xed, 0x8e, 0x20, 0x5e, 0x8d, 0xd4, 0x98, 0xe4, 0xdf, 0xcc, 0x3e, 0x82, 0xca, 0x24, 0xba,
  0x9d, 0x71, 0x69, 0x21, 0xad, 0x82, 0xd8, 0x22, 0x96, 0x5e, 0x0d, 0x5c, 0x8d, 0x00, 0x09, 0xd2,
  0xa4, 0x3d, 0xfa, 0x76, 0xad, 0x4c, 0x73, 0x49, 0x14, 0x37, 0x40, 0x15, 0xc9, 0xf4, 0x80, 0x70,
  0x54, 0x4d, 0xbd, 0x50, 0x1a, 0xe0, 0xf9, 0xb1, 0x2d, 0x52, 0xd5, 0x12, 0x65, 0x9e, 0x44, 0xf8,
  0xf2, 0x56, 0x13, 0x54, 0x99, 0x5a, 0xb0, 0x86, 0x46, 0x22, 0x2d, 0x68, 0x30, 0xcc, 0xac, 0x32,
  0x58, 0x04, 0x57, 0xc4, 0x7c, 0x12, 0x4c, 0x6b, 0x70, 0x1e, 0x0d, 0x6e, 0x8d, 0xb1, 0x6c, 0xaa,
  0x00, 0x61, 0x8b, 0x1c, 0x91, 0xba, 0xa6, 0x01, 0x6b, 0x6b, 0xa8, 0xa7, 0x3d, 0x2c, 0x65, 0x0a,
  0xa2, 0x4c, 0x32, 0xe9, 0xa9, 0xc3, 0x37, 0x1b, 0xa5, 0x71, 0xf2, 0x26, 0x0e, 0xbf, 0x78, 0xb9,
  0xc8, 0x23, 0xe2, 0x23, 0x7d, 0x0a, 0xa7, 0x43, 0xdd, 0xae, 0x77, 0x1c, 0xa7, 0x8b, 0x59, 0xe7,
  0x72, 0x46, 0x45, 0x19, 0x08, 0x73, 0x6c, 0x8c, 0x46, 0x24, 0x70, 0xdc, 0xf7, 0xbc, 0x43, 0x3b,
  0x05, 0xb2, 0xd0, 0xbf, 0x42, 0x83, 0x9d, 0x49, 0x8e, 0x93, 0xe6, 0x6a, 0x79, 0xfb, 0x9c, 0x70,
  0x1d, 0x96, 0x1b, 0x16, 0x73, 0xdb, 0x30, 0x97, 0xd1, 0x86, 0x4b, 0x79, 0xac, 0x58, 0x38, 0xe1,
  0x12, 0x16, 0x1b, 0xae, 0xc1, 0x5b, 0x41, 0x48, 0x9a, 0xd3, 0xd9, 0xac, 0x43, 0x08, 0x9e, 0xd5,
  0x98, 0x87, 0x80, 0x5d, 0x22, 0xba, 0x24, 0x90, 0x39, 0x3f, 0x61, 0x19, 0xf3, 0x16, 0xf0, 0xab,
  0x73, 0x6e, 0xda, 0x77, 0x26, 0x2d, 0xa2, 0x35, 0x2a, 0x59, 0xb0, 0x5e, 0x5e, 0x35, 0x81, 0xd2,
  0x9c, 0x59, 0x1a, 0x00, 0x32, 0x19, 0xc1, 0xfb, 0x26, 0xf7, 0x0e, 0x25, 0x7b, 0xd2, 0x24, 0xb9,
  0xb9, 0x0e, 0x84, 0xff, 0x4d, 0x07, 0xce, 0x75, 0xe5, 0x90, 0x19, 0x6e, 0x54, 0x6b, 0x8f, 0xcf,
  0x7c, 0x09, 0x7c, 0xd2, 0x0c, 0x41, 0x9b, 0xcc, 0x94, 0xad, 0x96, 0x02, 0x58, 0x6c, 0xc5, 0xf3,
  0x0d, 0x64, 0x54, 0x80, 0x73, 0x52, 0x62, 0xed, 0x3a, 0x11, 0x66, 0xeb, 0x89, 0xb2, 0x12, 0x41,
  0x56, 0x2a, 0xc6, 0xae, 0xb5, 0xf0, 0x2a, 0x16, 0x5d, 0xd4, 0x47, 0x4b, 0x6c, 0x65, 0x8c, 0xa2,
  0x79, 0xf6, 0x50, 0xed, 0x2b, 0xa5, 0xed, 0xa0, 0x55, 0x85, 0xa5, 0xd8, 0x90, 0x9a, 0xb1, 0x6d,
  0x9d, 0xdd, 0xc0, 0x4f, 0x27, 0x65, 0xe0, 0xfa, 0x7f, 0xc8, 0xa2, 0x65, 0x99, 0x98, 0x1e, 0xca,
  0x46, 0x75, 0xff, 0x9b, 0x18, 0x98, 0x4a, 0x4d, 0xb0, 0xc2, 0xb1, 0x55, 0xd3, 0xd7, 0x77, 0x19,
  0xa3, 0xee, 0x56, 0xdc, 0x48, 0xe4, 0x1a, 0xcc, 0x5d, 0x23, 0x2f, 0xc7, 0x4c, 0xbe, 0xb6, 0xa1,
  0x7c, 0x25, 0x4b, 0x78, 0xb9, 0x2d, 0x7c, 0x4d, 0x13, 0xd0, 0x52, 0x03, 0xd0, 0x77, 0x9b, 0x7f,
  0x1e, 0xac, 0x6f, 0x4e, 0x29, 0x33, 0xa6, 0x7c, 0x97, 0x29, 0x25, 0xdf, 0x90, 0x42, 0x92, 0x20,
  0x83, 0xf5, 0x70, 0x65, 0xd9, 0x92, 0x40, 0x97, 0x4a, 0x97, 0xef, 0xb2, 0x9f, 0x94, 0x5a, 0x4f,
  0x8a, 0x6c, 0x27, 0x49, 0x3a, 0x94, 0x7b, 0xf6, 0xaf, 0x74, 0x7f, 0xcb, 0x31, 0x82, 0xa4, 0x0d,
  0x2c, 0x86, 0xfb, 0xa9, 0x05, 0x5d, 0x2b, 0x34, 0xc2, 0x66, 0xfa, 0x5f, 0x66, 0x1a, 0xc1, 0x6a,
  0x2c, 0xf1, 0x3f, 0xd7, 0x6e, 0xad, 0xdf, 0xbe, 0x2d, 0x83, 0xb2, 0x1a, 0x51, 0xd5, 0x2a, 0x41,
  0x0e, 0xef, 0xae, 0x24, 0x4d, 0xcb, 0x11, 0xcd, 0x8b, 0x07, 0xe5, 0x96, 0x93, 0x43, 0x25, 0xa2,
  0x1f, 0x7c, 0x87, 0xe5, 0xa4, 0xd4, 0x6e, 0xf2, 0x7d, 0x56, 0x93, 0x02, 0x9b, 0x89, 0xab, 0xae,
  0xa5, 0x64, 0x70, 0xaf, 0x4e, 0xc2, 0x06, 0xf8, 0x0a, 0x34, 0xbc, 0xae, 0x4d, 0xa4, 0xdc, 0x22,
  0x52, 0x68, 0x0f, 0x31, 0x32, 0x12, 0x3a, 0xd6, 0x9c, 0x34, 0x63, 0x2b, 0xc9, 0xf5, 0x9e, 0xce,
  0x76, 0xaf, 0xd4, 0xac, 0xf1, 0x5f, 0x41, 0xa3, 0x46, 0xe3, 0x0a, 0x89, 0xb4, 0xd4, 0x20, 0x62,
  0xd3, 0x69, 0x99, 0x41, 0x24, 0xcf, 0xd6, 0xf1, 0xff, 0x8c, 0xa9, 0xe3, 0xbb, 0xce, 0xc1, 0x8d,
  0x98, 0x27, 0x7a, 0xf6, 0x77, 0xe5, 0xe1, 0xb8, 0x56, 0xac, 0x3a, 0xc6, 0xe2, 0xfe, 0xa9, 0x27,
  0xe4, 0x57, 0xd3, 0x9b, 0xe1, 0x6b, 0x5c, 0x67, 0xb0, 0x69, 0x7f, 0xa9, 0x4a, 0x20, 0x54, 0x9f,
  0xbc, 0xa6, 0x5b, 0x9a, 0xce, 0x1a, 0x5b, 0x6c, 0x73, 0x83, 0x9d, 0xd2, 0x27, 0xc3, 0xa2, 0x05,
  0x2a, 0x32, 0xd2, 0xaa, 0xa6, 0xb9, 0x2c, 0x8d, 0xd9, 0x94, 0x0e, 0xa3, 0xe6, 0x2e, 0x27, 0x6f,
  0x26, 0xd1, 0x2d, 0xf3, 0x4c, 0x7e, 0x8d, 0xee, 0xd8, 0xf6, 0x98, 0xc2, 0x46, 0xe7, 0xfb, 0x48,
  0x8b, 0xca, 0x4c, 0xff, 0xe8, 0x1a, 0x0d, 0xff, 0xa7, 0xcc, 0x39, 0xdb, 0x9a, 0x26, 0x19, 0xdb,
  0x51, 0x3a, 0x95, 0x6a, 0x4d, 0x30, 0x7e, 0xdb, 0xb6, 0x8b, 0x42, 0xdb, 0xcb, 0xc2, 0xea, 0xa2,
  0x65, 0x77, 0xa1, 0xf9, 0xc3, 0x0b, 0xc3, 0xf2, 0x6a, 0x83, 0x47, 0x0e, 0xf0, 0x34, 0x27, 0xee,
  0xae, 0x98, 0x95, 0xdd, 0x56, 0xa7, 0x59, 0xed, 0x54, 0xf4, 0xfd, 0x90, 0x66, 0x75, 0x85, 0x79,
  0xd2, 0x5b, 0xfb, 0x54, 0x68, 0xa3, 0xef, 0x21, 0x39, 0xf5, 0x8e, 0xc9, 0xd2, 0x59, 0x0a, 0x57,
  0x63, 0xfb, 0x9a, 0xa7, 0x89, 0x18, 0x3e, 0x72, 0x3f, 0x28, 0x0a, 0x43, 0x37, 0x3d, 0x12, 0xee,
  0x3a, 0x19, 0x90, 0x15, 0x3b, 0xfd, 0x43, 0x4b, 0xa9, 0xb0, 0x53, 0xbc, 0xc6, 0x52, 0x21, 0x9d,
  0x0c, 0xce, 0xa3, 0x9e, 0x3e, 0x82, 0x6b, 0x69, 0x7a, 0x36, 0xa5, 0x50, 0xdd, 0x55, 0x3f, 0x3a,
  0x3c, 0x9e, 0x6e, 0x32, 0x16, 0x05, 0x05, 0xaa, 0xb9, 0x36, 0xb2, 0x7f, 0xf6, 0x10, 0xaf, 0x23,
  0x6e, 0xff, 0x9b, 0x58, 0x7d, 0x6c, 0xb1, 0x1d, 0x16, 0x49, 0xec, 0x7c, 0xd2, 0x29, 0xb2, 0xf6,
  0x94, 0xf3, 0xc0, 0x85, 0xc1, 0xf8, 0xfe, 0x67, 0x9b, 0x6c, 0x84, 0x1f, 0x9e, 0x0a, 0x81, 0xc5,
  0x26, 0x98, 0xe4, 0x06, 0xc7, 0xc8, 0xbc, 0x0b, 0x66, 0x46, 0x35, 0x57, 0x7e, 0xae, 0x7d, 0x7c,
  0x78, 0x04, 0xb5, 0x3b, 0xd2, 0x77, 0xbf, 0xe0, 0x22, 0xe8, 0x36, 0xdd, 0x8e, 0x12, 0x2c, 0x86,
  0xff, 0x5f, 0x82, 0xa0, 0xda, 0xfd, 0xf8, 0x13, 0xe2, 0xa2, 0x7f, 0xd2, 0x9c, 0x9f, 0x04, 0xba,
  0xba, 0x22, 0x62, 0xeb, 0x13, 0x88, 0xf9, 0x39, 0xb9, 0x17, 0x26, 0x05, 0x78, 0xf5, 0x7e, 0xf9,
  0x48, 0x2a, 0x00, 0x3d, 0x25, 0xe3, 0x6d, 0xfc, 0x3a, 0xc7, 0x9f, 0xc5, 0xc6, 0xa7, 0x2f, 0xec,
  0x6e, 0x48, 0xa5, 0xaa, 0x3c, 0x86, 0xe2, 0x21, 0x50, 0x8f, 0xba, 0x96, 0xba, 0x44, 0x11, 0x4c,
  0x79, 0x7c, 0xde, 0x30, 0x00, 0x2f, 0x39, 0x01, 0x5b, 0xfd, 0xb9, 0x35, 0x8b, 0x3f, 0xd9, 0x49,
  0x3a, 0xd6, 0xf7, 0xe7, 0xf4, 0x34, 0x25, 0xce, 0x63, 0xa5, 0x37, 0xf7, 0x2c, 0xb0, 0x9f, 0x72,
  0x79, 0x4f, 0x63, 0x0c, 0x29, 0xee, 0xb2, 0x78, 0x9c, 0xc2, 0x93, 0x57, 0xf9, 0x5a, 0x66, 0x2e,
  0xc5, 0x6f, 0xb0, 0x72, 0xdb, 0xa9, 0x5c, 0x11, 0x70, 0x5b, 0xe5, 0x6e, 0x99, 0xb9, 0x1c, 0x0e,
  0xe2, 0x3c, 0x3a, 0xd6, 0xb9, 0xdb, 0x66, 0xae, 0xb0, 0x18, 0xa9, 0xac, 0xc7, 0x66, 0x96, 0x50,
  0x50, 0x8f, 0x85, 0x7b, 0xbf, 0x67, 0x54, 0xf3, 0xed, 0x9b, 0x81, 0x95, 0x3e, 0x04, 0x92, 0xa4,
  0xec, 0x2c, 0x0e, 0x74, 0xc8, 0x09, 0xcf, 0x68, 0x3d, 0xc1, 0x5a, 0x58, 0x54, 0x41, 0x94, 0x4c,
  0xd1, 0x45, 0x2a, 0x02, 0xf6, 0xc3, 0x8a, 0x31, 0x44, 0x16, 0x1a, 0x21, 0xc6, 0xf3, 0x4b, 0xdb,
  0x01, 0xb3, 0x09, 0xc7, 0xb2, 0x3e, 0x94, 0x61, 0x13, 0x91, 0xb6, 0x25, 0x96, 0xd2, 0x0e, 0x95,
  0x61, 0x49, 0xa2, 0x70, 0x3f, 0x34, 0x87, 0xa9, 0x5a, 0x32, 0x08, 0xa9, 0xa0, 0x09, 0x0f, 0x53,
  0x53, 0x53, 0x56, 0x59, 0xf6, 0x7e, 0xf8, 0x1a, 0xa5, 0xed, 0x28, 0x0a, 0xdf, 0x57, 0x70, 0xfd,
  0x5a, 0xd3, 0xc1, 0x27, 0xd7, 0x28, 0x9a, 0xbd, 0xb6, 0xbf, 0x4e, 0xe1, 0xd4, 0xd5, 0xfe, 0x9c,
  0xa2, 0x9a, 0xc0, 0x29, 0x5c, 0xad, 0x60, 0x12, 0xc9, 0x9b, 0x90, 0xae, 0x3a, 0x7d, 0xb0, 0xe2,
  0xbe, 0xea, 0x13, 0x1f, 0xf7, 0xd1, 0x23, 0x82, 0x92, 0x72, 0x0d, 0x60, 0x9a, 0x58, 0x94, 0xb0,
  0xa4, 0x6c, 0xdb, 0xf6, 0x21, 0x00, 0x3a, 0xd2, 0xcd, 0xcf, 0xa9, 0xc4, 0x1c, 0xd9, 0x45, 0x84,
  0xa4, 0xa3, 0x30, 0xc0, 0x63, 0x19, 0x78, 0xbd, 0x62, 0x44, 0xf0, 0xab, 0xa2, 0x7b, 0x1c, 0x5e,
  0xd8, 0x1f, 0x39, 0x7f, 0x22, 0xe6, 0x2d, 0x3d, 0x39, 0x88, 0x4e, 0x6d, 0x4a, 0x3b, 0x0a, 0x4a,
  0xf1, 0xc1, 0xd7, 0xa6, 0x8e, 0x6e, 0xd2, 0x70, 0x53, 0xc7, 0x58, 0xe6, 0xe2, 0x2a, 0x6e, 0x9b,
  0x19, 0x87, 0x50, 0xc4, 0x30, 0xbe, 0x12, 0x91, 0x11, 0x11, 0xf8, 0xb8, 0xe1, 0xf0, 0x9a, 0x7b,
  0xe5, 0x99, 0x8b, 0x98, 0xda, 0x05, 0x39, 0x45, 0x2e, 0xe1, 0x22, 0x1c, 0x60, 0x97, 0x6e, 0xcf,
  0x02, 0x45, 0x4c, 0x5d, 0x0a, 0x46, 0xb7, 0x88, 0x5d, 0x88, 0xb0, 0x68, 0x14, 0x59, 0x1e, 0x48,
  0xa9, 0xd1, 0xb4, 0x78, 0x19, 0x13, 0xde, 0x5c, 0xf3, 0xcc, 0x58, 0x87, 0x66, 0xa0, 0xc3, 0x9c,
  0xe6, 0xeb, 0x75, 0x5d, 0xd2, 0x7c, 0xe3, 0x81, 0xa0, 0x6c, 0xfb, 0x45, 0x6c, 0x3d, 0x1d, 0x22,
  0x31, 0x79, 0xa8, 0xa5, 0x6f, 0xc4, 0x50, 0x94, 0x91, 0x01, 0xd3, 0xf1, 0x13, 0x73, 0xb4, 0xa0,
  0x6c, 0xed, 0xa0, 0x27, 0xf4, 0x1b, 0x91, 0xc4, 0x45, 0xcd, 0x12, 0x15, 0xf7, 0x2e, 0xca, 0x8d,
  0x0f, 0x8d, 0xae, 0xa9, 0xe6, 0x91, 0xbb, 0x60, 0x64, 0x44, 0x8a, 0xa6, 0xf8, 0xd0, 0x88, 0x08,
  0xad, 0x6b, 0x66, 0x5d, 0x25, 0x47, 0xee, 0xe5, 0x5f, 0x12, 0x98, 0xa7, 0x08, 0x96, 0xf4, 0x0e,
  0x11, 0x77, 0x78, 0x9e, 0xdc, 0x48, 0x48, 0x5e, 0xf8, 0xc6, 0xbd, 0x04, 0x29, 0x5f, 0xe5, 0x95,
  0x4b, 0x52, 0x88, 0xe4, 0x55, 0xeb, 0xa9, 0x0e, 0x6e, 0xa9, 0xae, 0xd5, 0xa7, 0xef, 0x34, 0xec,
  0x36, 0xf4, 0xf6, 0x2b, 0x7b, 0xa1, 0x41, 0x6c, 0xca, 0x58, 0xf2, 0x95, 0xd7, 0xfc, 0x30, 0xa9,
  0xa8, 0x6b, 0xac, 0x41, 0x7e, 0x3d, 0xcb, 0x6e, 0x9f, 0x39, 0x0a, 0xfc, 0xb8, 0x17, 0x85, 0x4a,
  0x3e, 0xf2, 0xf1, 0xec, 0xea, 0x54, 0x6b, 0x67, 0x14, 0x6d, 0xd9, 0x4b, 0x47, 0x52, 0x36, 0xf1,
  0x0a, 0xbf, 0xfd, 0xaa, 0x35, 0x81, 0x1c, 0xf4, 0x9d, 0x33, 0xba, 0x19, 0x2e, 0x90, 0x05, 0xa4,
  0xf4, 0x4c, 0x9f, 0x56, 0x40, 0x9b, 0x7e, 0xcf, 0xbc, 0x14, 0xb7, 0x7c, 0xdf, 0x4f, 0x3e, 0x1c,
  0x9c, 0x1e, 0x8d, 0x87, 0x0c, 0x6c, 0x04, 0xb0, 0x36, 0x2a, 0x28, 0x04, 0xe5, 0xdb, 0x38, 0x0c,
  0x68, 0xbd, 0xdb, 0x9d, 0x07, 0x2a, 0xa3, 0x6b, 0x77, 0x93, 0x1b, 0x78, 0x85, 0xa0, 0x7c, 0x47,
  0x8e, 0x01, 0xb3, 0x0f, 0xb5, 0xe6, 0xc1, 0x9b, 0x61, 0xb9, 0xb9, 0x58, 0xf2, 0x56, 0x5a, 0x1e,
  0x38, 0xc5, 0xeb, 0x2e, 0x21, 0x0b, 0xa3, 0x1d, 0x9c, 0x5f, 0x7e, 0x85, 0x26, 0x7b, 0x87, 0x4f,
  0x94, 0x5a, 0x42, 0x3d, 0x22, 0x8f, 0x47, 0xf7, 0x14, 0xd7, 0xf0, 0x8d, 0xcb, 0x3e, 0xa9, 0x07,
  0x7a, 0xf5, 0x16, 0x40, 0xa4, 0x6b, 0xe0, 0x2c, 0x98, 0x46, 0x96, 0xb9, 0x13, 0x28, 0xcb, 0xe5,
  0xdd, 0x15, 0x9c, 0x10, 0xbe, 0x8c, 0x38, 0xa2, 0xd5, 0xbd, 0xab, 0xf1, 0x75, 0x12, 0x14, 0x5d,
  0x31, 0x36, 0xb2, 0x52, 0xbd, 0x2d, 0x90, 0x09, 0xe0, 0xc1, 0x3b, 0xfa, 0x5e, 0xbe, 0x08, 0x04,
  0x6e, 0x46, 0x0d, 0xd7, 0x50, 0xe2, 0xde, 0x91, 0xfc, 0x94, 0x11, 0x00, 0xba, 0x6a, 0xb4, 0x46,
  0x25, 0x06, 0x42, 0xb1, 0x91, 0xcb, 0x13, 0xa0, 0x82, 0x1f, 0x71, 0x69, 0x79, 0x3a, 0x07, 0x12,
  0x46, 0x2c, 0xfd, 0xf3, 0x88, 0xf6, 0xf4, 0xdb, 0xf0, 0x80, 0x16, 0xfc, 0x56, 0x40, 0x18, 0x1b,
  0x40, 0x31, 0xf9, 0xdd, 0xd2, 0x92, 0x92, 0x79, 0xd1, 0xaa, 0x5b, 0xd2, 0x34, 0x86, 0xb1, 0xaf,
  0x01, 0x1a, 0xf7, 0xfb, 0x5c, 0x99, 0x6f, 0x5d, 0xe9, 0x95, 0x81, 0xd2, 0xc5, 0x9a, 0x16, 0xcd,
  0x30, 0x77, 0x97, 0x9c, 0xae, 0x68, 0x60, 0x05, 0x6f, 0xb5, 0x52, 0x57, 0x35, 0x55, 0x99, 0x78,
  0x7b, 0xc5, 0xde, 0xd5, 0x65, 0xdc, 0x29, 0x52, 0x4e, 0x06, 0xc9, 0x21, 0x18, 0x6f, 0xbe, 0xa1,
  0xc0, 0x66, 0x1b, 0x2b, 0x3c, 0x2c, 0x88, 0xa6, 0xac, 0x64, 0x06, 0xc4, 0x4d, 0xf9, 0x6e, 0xfe,
  0x26, 0xb8, 0x9b, 0x61, 0xbc, 0xdd, 0xa2, 0x8d, 0x98, 0xbd, 0xda, 0xfc, 0xbe, 0x68, 0x91, 0x6e,
  0xa4, 0xed, 0x03, 0x91, 0x6f, 0x88, 0xb3, 0xa2, 0xc6, 0x20, 0x74, 0xf6, 0x4d, 0x25, 0x7f, 0x27,
  0xb9, 0x37, 0x1c, 0xaa, 0xcd, 0xa4, 0xb8, 0x9d, 0x95, 0xda, 0x52, 0x56, 0xa5, 0xe8, 0x6e, 0xe0,
  0x9a, 0xe7, 0xb4, 0x52, 0xf1, 0x6b, 0x17, 0xb0, 0x86, 0xaa, 0xed, 0x5c, 0x8e, 0x4b, 0x54, 0xb5,
  0x2e, 0x33, 0x2f, 0xf2, 0x32, 0x35, 0x36, 0x08, 0xf3, 0x0a, 0x9b, 0x03, 0x76, 0x44, 0xb4, 0x1f,
  0x71, 0xa7, 0x35, 0x31, 0x3a, 0xef, 0x72, 0xae, 0x32, 0x2b, 0xef, 0x22, 0x26, 0xb6, 0xb1, 0x8d,
  0x4c, 0x8c, 0x03, 0x55, 0x6d, 0x91, 0xc8, 0xb1, 0x30, 0xb0, 0xd1, 0x4d, 0xe9, 0xa2, 0x0f, 0x29,
  0x4b, 0xc5, 0xd2, 0xb1, 0x27, 0xb9, 0x5b, 0x62, 0x48, 0x97, 0x05, 0xcc, 0xc6, 0x48, 0x70, 0xe9,
  0xc5, 0x64, 0x9a, 0x31, 0xb4, 0x6b, 0x93, 0xf9, 0x08, 0x96, 0x85, 0xc2, 0xb0, 0x68, 0x74, 0x73,
  0xec, 0xdc, 0x12, 0x34, 0xaf, 0xa3, 0x12, 0x5c, 0x1a, 0xf7, 0xec, 0x0e, 0x98, 0x56, 0xbe, 0x25,
  0x28, 0x32, 0x8d, 0xb1, 0xcd, 0x37, 0x08, 0xab, 0x44, 0x64, 0x91, 0xe1, 0xed, 0xfc, 0x82, 0xbd,
  0x37, 0xc7, 0x0d, 0x47, 0x5d, 0xf3, 0xa2, 0x9b, 0xe6, 0xf6, 0xff, 0x1c, 0x86, 0x59, 0xb6, 0x98,
  0x65, 0xc3, 0xc4, 0x20, 0xe4, 0x2d, 0x14, 0x5a, 0x8d, 0xf9, 0x21, 0xc7, 0x52, 0xb6, 0x9e, 0xa5,
  0x98, 0x80, 0x28, 0x75, 0x68, 0x60, 0x5f, 0xa4, 0x33, 0x8f, 0x0d, 0xe4, 0x25, 0x00, 0x3e, 0x52,
  0x4b, 0x1a, 0x99, 0x24, 0x66, 0x2a, 0xb8, 0x49, 0x8e, 0x10, 0x0b, 0x6b, 0x11, 0xa6, 0xd3, 0x9f,
  0x56, 0x8d, 0x24, 0x04, 0x59, 0xca, 0xa4, 0x81, 0x11, 0xc5, 0x13, 0x1d, 0xe2, 0x98, 0xe9, 0x60,
  0xd4, 0xe7, 0x4d, 0xa4, 0x30, 0x09, 0x8b, 0x58, 0x31, 0xb0, 0x80, 0x0e, 0xe9, 0x4a, 0x8d, 0x11,
  0xbf, 0x8b, 0xd8, 0xbc, 0xe5, 0xf2, 0x49, 0x57, 0x7e, 0xa1, 0xa0, 0x4d, 0xc2, 0x1b, 0x8a, 0x17,
  0x24, 0x73, 0x54, 0x41, 0x33, 0x93, 0xa7, 0x9b, 0x8a, 0xab, 0xf0, 0x38, 0x3a, 0x78, 0xd5, 0xe6,
  0xbf, 0x73, 0x54, 0xb4, 0xdd, 0xce, 0x3f, 0x36, 0xff, 0xb1, 0xb9, 0x19, 0x42, 0x94, 0xc4, 0x74,
  0xe3, 0x1b, 0x90, 0xbb, 0xf4, 0x6f, 0xe7, 0x8b, 0x0a, 0x9a, 0x46, 0x77, 0xbf, 0xbf, 0x4e, 0x17,
  0x56, 0xd8, 0x90, 0x40, 0xb6, 0xfb, 0x0d, 0x34, 0x63, 0x0a, 0x73, 0x84, 0xa8, 0x46, 0x93, 0x7b,
  0x15, 0x9d, 0x44, 0xbe, 0x3e, 0xc2, 0xe9, 0x0d, 0xf2, 0x42, 0x1a, 0x41, 0x7e, 0xd8, 0x41, 0x87,
  0x16, 0x08, 0x9f, 0xd4, 0xbb, 0x9a, 0xab, 0x36, 0x2d, 0xf2, 0x70, 0x1f, 0x13, 0x08, 0xa6, 0x87,
  0xa2, 0x28, 0xc5, 0xb3, 0xc1, 0x20, 0xfc, 0x5a, 0xc3, 0x98, 0xf9, 0x31, 0xd5, 0x99, 0x98, 0x3b,
  0xe5, 0x40, 0xf6, 0xbd, 0x82, 0x31, 0xa5, 0x46, 0x74, 0x05, 0x73, 0x52, 0xa0, 0x6a, 0x01, 0x8b,
  0x58, 0x6c, 0xf2, 0x38, 0x91, 0xda, 0x96, 0xe0, 0xe8, 0x67, 0x63, 0x24, 0x89, 0x26, 0x3c, 0x7a,
  0xc4, 0x90, 0xa0, 0x9d, 0x7e, 0xfc, 0x47, 0x38, 0xbd, 0xaa, 0xa8, 0xf0, 0x4a, 0x9c, 0x9b, 0x0a,
  0xad, 0xa4, 0x79, 0x9b, 0xb1, 0x7f, 0xb1, 0x87, 0xce, 0x68, 0x14, 0x38, 0x8c, 0xba, 0x7f, 0xad,
  0x7a, 0x99, 0x13, 0xad, 0x29, 0x6f, 0xa0, 0xe8, 0x7d, 0x2d, 0x73, 0x94, 0xc4, 0x69, 0xc1, 0x77,
  0x0f, 0x96, 0x68, 0xa7, 0x88, 0x1c, 0xd3, 0x49, 0xca, 0xd4, 0xc4, 0x9d, 0x6c, 0x23, 0x45, 0xde,
  0xd2, 0xa6, 0x53, 0x8c, 0xb0, 0xaf, 0x10, 0x75, 0xd2, 0xd3, 0x67, 0x60, 0xc8, 0xcc, 0x22, 0xde,
  0x63, 0x98, 0xc2, 0xe8, 0x7d, 0x84, 0xd7, 0xea, 0xa6, 0x59, 0xc4, 0x2f, 0x3c, 0xd9, 0x13, 0x18,
  0x96, 0xa6, 0xf7, 0x9d, 0x87, 0x19, 0x80, 0x85, 0x2d, 0xc4, 0x61, 0xca, 0x39, 0xc2, 0xde, 0x99,
  0x62, 0x66, 0x55, 0x92, 0x88, 0x6f, 0x0f, 0xf3, 0x6e, 0x2d, 0x7f, 0xfb, 0xf6, 0x50, 0x04, 0x92,
  0x12, 0x88, 0xd4, 0xe2, 0x18, 0xd1, 0xe3, 0xb5, 0x56, 0x74, 0x37, 0x23, 0xf0, 0x9b, 0x59, 0xd9,
  0x2d, 0x2e, 0xb9, 0xe3, 0xfe, 0x39, 0x3b, 0x3c, 0xc4, 0xe9, 0x0a, 0xf9, 0xe7, 0xb7, 0x6f, 0xe6,
  0x21, 0x11, 0xc9, 0xa3, 0x88, 0xb9, 0x8e, 0x12, 0x1f, 0xee, 0x07, 0x44, 0x53, 0xef, 0x20, 0x74,
  0x81, 0xf3, 0xcd, 0xc1, 0xcf, 0x76, 0xf2, 0x73, 0x2b, 0xf9, 0xb9, 0x4d, 0x3f, 0x95, 0x82, 0x2d,
  0x6e, 0x05, 0x20, 0x8e, 0xe3, 0x07, 0x11, 0x87, 0xfd, 0x83, 0x08, 0xc4, 0xfe, 0x41, 0x44, 0x62,
  0xff, 0xc0, 0xa1, 0xd8, 0x55, 0xdb, 0xe5, 0x0d, 0x02, 0x52, 0x01, 0xc4, 0x41, 0xf9, 0xce, 0x17,
  0x15, 0x1d, 0xa8, 0x23, 0x83, 0x02, 0x7d, 0x14, 0x31, 0xa9, 0xcc, 0x18, 0x0a, 0x5f, 0xaa, 0xb2,
  0xbb, 0xa8, 0xdd, 0xcd, 0xdb, 0x8f, 0xd0, 0x6e, 0xea, 0x55, 0xe8, 0x5f, 0x8e, 0x30, 0x79, 0x61,
  0xcf, 0x32, 0x67, 0xeb, 0xd0, 0x22, 0x62, 0x47, 0xd6, 0x07, 0x94, 0x36, 0x52, 0x3d, 0xa4, 0x4c,
  0x25, 0x6c, 0x12, 0xc3, 0x96, 0x8e, 0x1a, 0xe6, 0x59, 0x94, 0x9c, 0xec, 0xd6, 0x53, 0x8f, 0x67,
  0xd4, 0xdc, 0xbc, 0xa0, 0x8f, 0x35, 0x7a, 0x43, 0x43, 0xee, 0x48, 0x35, 0x46, 0x7e, 0x73, 0x08,
  0xd1, 0x53, 0x86, 0xe1, 0x25, 0x9e, 0x73, 0xe2, 0x03, 0x29, 0xd3, 0xa8, 0x4e, 0xe1, 0x1f, 0x4a,
  0x2a, 0x95, 0xaf, 0x73, 0x98, 0xf5, 0x71, 0xe4, 0x47, 0xb3, 0x2a, 0x42, 0xb1, 0xa4, 0x96, 0x1e,
  0xa2, 0xf8, 0x78, 0x56, 0xfc, 0x26, 0x4c, 0x83, 0x1d, 0xb2, 0x43, 0x45, 0xf6, 0xd8, 0xd8, 0x29,
  0x09, 0xe5, 0x91, 0xc4, 0x75, 0xd2, 0xe1, 0x30, 0x38, 0x0e, 0x86, 0x8a, 0xed, 0xa4, 0x03, 0x65,
  0xc8, 0xf0, 0x17, 0x89, 0x8f, 0x04, 0xa2, 0x40, 0x70, 0x74, 0x04, 0xef, 0x0e, 0x4e, 0xd5, 0xf0,
  0x66, 0xf9, 0xfc, 0x99, 0x02, 0xc7, 0xc8, 0x10, 0x2b, 0x14, 0x74, 0x52, 0x4f, 0xc5, 0x2c, 0xbe,
  0xf7, 0x34, 0xb8, 0x88, 0x81, 0xf9, 0x12, 0x69, 0xbb, 0x2e, 0xe5, 0xa8, 0x48, 0x46, 0xc6, 0x00,
  0x4e, 0x49, 0x40, 0xa5, 0x0a, 0xd0, 0x43, 0x85, 0x1c, 0x4b, 0xaa, 0x77, 0x4d, 0x2f, 0xd0, 0xfc,
  0x81, 0x8c, 0x89, 0xbc, 0x05, 0xa0, 0x4b, 0xc1, 0xea, 0x69, 0x14, 0xcb, 0x8d, 0x87, 0x93, 0xc0,
  0x73, 0xa4, 0xb8, 0x3c, 0x70, 0x0e, 0x9c, 0x07, 0x68, 0xb1, 0x5e, 0xb3, 0x04, 0x35, 0x36, 0xdc,
  0x24, 0xf2, 0xc9, 0xe9, 0x55, 0x24, 0x0f, 0x11, 0xa5, 0x80, 0xa5, 0xf7, 0x5a, 0x4e, 0xe8, 0x9d,
  0x1d, 0x6c, 0xa4, 0x54, 0xc9, 0x4c, 0x38, 0x8c, 0xcc, 0x0b, 0x2f, 0x92, 0x41, 0xb3, 0xa4, 0x35,
  0xb0, 0xf9, 0xb3, 0xe9, 0x15, 0x9f, 0x63, 0x98, 0x0d, 0xda, 0x75, 0x39, 0x82, 0xa1, 0x0a, 0x60,
  0x56, 0x31, 0xab, 0xdc, 0x75, 0xf9, 0xcb, 0xa1, 0x8d, 0x0e, 0x05, 0xb3, 0xeb, 0xa8, 0xb0, 0x76,
  0x0e, 0x76, 0x66, 0x7d, 0xda, 0x92, 0xd3, 0xaa, 0x49, 0x45, 0xe9, 0xf9, 0x28, 0x0e, 0x2d, 0x39,
  0x54, 0x94, 0x88, 0x33, 0xa4, 0x1f, 0x03, 0x4a, 0x9a, 0x6c, 0xbf, 0xe4, 0xb3, 0xeb, 0xde, 0xe3,
  0xc5, 0x23, 0x0a, 0x89, 0x88, 0xa8, 0x54, 0x46, 0x71, 0xf3, 0xa9, 0x1b, 0xb3, 0x74, 0xe6, 0x15,
  0x1c, 0x15, 0x7f, 0xcb, 0x28, 0xcb, 0x2f, 0xe2, 0xa4, 0x0a, 0xc9, 0x57, 0x72, 0x72, 0xa0, 0xc5,
  0x6a, 0x4a, 0x81, 0xeb, 0x67, 0x74, 0x72, 0x0a, 0xe8, 0x01, 0x77, 0x98, 0x06, 0xdc, 0x9a, 0x3d,
  0xa6, 0x56, 0xe4, 0xc1, 0x4e, 0xf2, 0xa9, 0x87, 0xd2, 0x6e, 0x2b, 0x26, 0x46, 0xc6, 0x3a, 0x57,
  0x73, 0x94, 0xd3, 0x3a, 0x04, 0xef, 0xc5, 0xb0, 0x4f, 0xf9, 0x25, 0x5d, 0xb2, 0xe3, 0x14, 0x35,
  0x48, 0x3e, 0x0d, 0x6b, 0x4f, 0x24, 0xa9, 0x7a, 0xdc, 0x14, 0x16, 0x5a, 0x45, 0x45, 0xa1, 0x1e,
  0x71, 0x18, 0xb0, 0x84, 0x61, 0x49, 0xa1, 0x41, 0xfd, 0x5f, 0x80, 0xfd, 0x9a, 0x59, 0x52, 0xd8,
  0x6d, 0x82, 0xfb, 0x38, 0xa9, 0x22, 0x89, 0xdc, 0xdd, 0x75, 0x15, 0x3f, 0xab, 0x53, 0xb8, 0xac,
  0xe4, 0x4b, 0x84, 0x5b, 0xa4, 0xa8, 0x65, 0x46, 0x4b, 0x88, 0x9d, 0xe9, 0x46, 0x30, 0x2b, 0xcb,
  0xd4, 0xcf, 0xa9, 0x76, 0xd5, 0x0a, 0xf0, 0x7b, 0x6b, 0x3d, 0xc2, 0xfa, 0x45, 0x2c, 0xf9, 0x38,
  0xa4, 0xb7, 0x3d, 0xf5, 0x33, 0xb9, 0xc9, 0xfa, 0x06, 0x29, 0x10, 0x88, 0x84, 0x90, 0x00, 0xbb,
  0xbb, 0x19, 0x9a, 0x10, 0xd4, 0x2e, 0x78, 0x86, 0x88, 0x8e, 0x86, 0x10, 0x58, 0x59, 0x00, 0xe6,
  0x12, 0x6e, 0x8d, 0x9b, 0x92, 0x93, 0x2d, 0xd8, 0x15, 0x08, 0x0a, 0x1c, 0xce, 0xca, 0x16, 0x19,
  0x0e, 0x33, 0x32, 0x07, 0x51, 0xdf, 0xfa, 0x30, 0x43, 0x88, 0x60, 0x77, 0xd0, 0xad, 0x45, 0xec,
  0xb6, 0xde, 0xf5, 0xc2, 0xb9, 0xb8, 0x87, 0xca, 0x8c, 0xa0, 0x66, 0xd4, 0x3a, 0x94, 0x36, 0xc2,
  0xb0, 0x19, 0xde, 0xf5, 0x93, 0xe8, 0x12, 0xaf, 0xef, 0xbd, 0xb1, 0x85, 0xa3, 0x4c, 0xb5, 0x85,
  0xa4, 0x01, 0x6a, 0x87, 0x74, 0x08, 0xfe, 0x03, 0x1d, 0x31, 0xb8, 0x20, 0x12, 0x66, 0x24, 0x6e,
  0x32, 0x4c, 0xd0, 0x2e, 0x41, 0xc1, 0xa7, 0x8a, 0x4a, 0x51, 0xde, 0xee, 0x17, 0xe7, 0x5f, 0x8f,
  0x20, 0x5a, 0x8a, 0x21, 0x28, 0x62, 0x5b, 0x1a, 0x31, 0xcd, 0x0f, 0x1d, 0xf4, 0x41, 0xae, 0x65,
  0x0a, 0xea, 0xbc, 0xbc, 0x58, 0xaf, 0x72, 0xaf, 0x5c, 0x5c, 0x0a, 0xda, 0xb2, 0x88, 0x1b, 0x85,
  0x11, 0x5e, 0x0e, 0xac, 0x23, 0xc4, 0xb6, 0x70, 0x99, 0x79, 0x5f, 0x5e, 0x63, 0x36, 0x86, 0x30,
  0xc3, 0x27, 0xd5, 0xe4, 0xf6, 0xf8, 0xbd, 0xab, 0x13, 0x01, 0xf9, 0x81, 0x68, 0xd9, 0xa4, 0xc0,
  0x6c, 0x2e, 0x58, 0xf3, 0x84, 0x83, 0x7c, 0xf1, 0x6e, 0x41, 0xd1, 0x61, 0x2e, 0x36, 0xc1, 0x58,
  0x0a, 0x90, 0x1d, 0x27, 0xd1, 0xe5, 0x6c, 0x14, 0xaa, 0x6b, 0xb0, 0x6a, 0x8f, 0xf8, 0x65, 0xb7,
  0x6c, 0xaf, 0x65, 0x56, 0x79, 0x53, 0x14, 0xb0, 0x64, 0x93, 0x59, 0x2c, 0x52, 0xec, 0x97, 0x34,
  0x81, 0xec, 0x7c, 0x79, 0x25, 0x29, 0xbd, 0xb4, 0xe0, 0xbe, 0x30, 0x53, 0x9c, 0xc1, 0xef, 0x29,
  0xaf, 0xbc, 0x91, 0x4d, 0xae, 0x08, 0xa5, 0x38, 0x44, 0x84, 0xc4, 0x42, 0x1c, 0x94, 0x5d, 0x8c,
  0x43, 0x91, 0x07, 0xbd, 0x9d, 0xa4, 0x49, 0xb5, 0x00, 0x56, 0x72, 0x07, 0x5a, 0xcf, 0xbc, 0x5e,
  0x16, 0xea, 0x87, 0x20, 0xfd, 0x54, 0x29, 0x4b, 0xe1, 0x77, 0x6b, 0x59, 0xfd, 0x3f, 0x69, 0xb1,
  0x95, 0x57, 0x2d, 0xa8, 0x1d, 0xf6, 0xac, 0x3e, 0x1f, 0x3e, 0x03, 0x99, 0xbd, 0x73, 0xc9, 0x76,
  0x3d, 0x81, 0x2d, 0xc2, 0x86, 0xb0, 0x90, 0xe4, 0x22, 0xb0, 0x32, 0x46, 0x1b, 0x5e, 0x9a, 0x0c,
  0x4d, 0x06, 0x66, 0xb9, 0xfb, 0x4a, 0x03, 0x46, 0x9c, 0xc3, 0xc1, 0x54, 0x56, 0xc2, 0xc5, 0x64,
  0x82, 0xcd, 0xc2, 0x7c, 0x5c, 0x6d, 0x09, 0xe4, 0x42, 0xf0, 0xdc, 0x93, 0xd3, 0x77, 0xbf, 0x9f,
  0xee, 0x1d, 0x3b, 0x6f, 0xf7, 0x8e, 0x0f, 0x3c, 0xec, 0x5b, 0x3e, 0xff, 0xdb, 0xfb, 0xc3, 0xfd,
  0xbf, 0xfe, 0xe3, 0x1f, 0x23, 0xc4, 0x9f, 0x3c, 0x3d, 0xa7, 0x7d, 0x0f, 0xa5, 0xb6, 0x38, 0xe1,
  0xe0, 0xc4, 0xc1, 0x9b, 0x51, 0x1e, 0x3d, 0x26, 0xe5, 0x20, 0xfb, 0xfc, 0xc0, 0x7b, 0xf7, 0xd6,
  0x39, 0x3f, 0x44, 0x41, 0x3c, 0xc4, 0xd5, 0x2c, 0x02, 0x79, 0xfd, 0x1a, 0x39, 0x07, 0x6f, 0x5f,
  0x49, 0xee, 0xa5, 0x1a, 0x65, 0x99, 0xcb, 0x15, 0x5b, 0x40, 0x04, 0xd1, 0x43, 0xf9, 0x64, 0x5c,
  0x65, 0x3c, 0x1b, 0xc6, 0x91, 0xda, 0xdc, 0x21, 0x56, 0xa8, 0x1a, 0xed, 0xff, 0x75, 0xf6, 0xee,
  0x2d, 0x4c, 0xfa, 0xa4, 0x0e, 0x86, 0x83, 0xfb, 0xca, 0x9c, 0xe0, 0x82, 0x0f, 0xc6, 0x3c, 0x77,
  0xc4, 0xa6, 0x6c, 0x51, 0x23, 0xce, 0x57, 0x6b, 0xeb, 0x69, 0x72, 0x35, 0x0a, 0x29, 0x74, 0xfa,
  0x42, 0xb6, 0xf1, 0x74, 0xa8, 0xfa, 0x26, 0x78, 0xe6, 0x1d, 0x56, 0x63, 0x3c, 0x0e, 0x1d, 0x95,
  0xd4, 0x69, 0x96, 0xec, 0x14, 0xb7, 0x60, 0xdd, 0x26, 0x80, 0x90, 0x2e, 0x71, 0xec, 0x6c, 0xf1,
  0xaa, 0x95, 0x5b, 0xa1, 0x9f, 0x1e, 0xdc, 0xae, 0x59, 0x08, 0x3a, 0xd6, 0x8c, 0x27, 0x6d, 0xb2,
  0xe8, 0x0c, 0x53, 0xa4, 0x48, 0x2d, 0x1b, 0xdf, 0x3b, 0xd3, 0x3f, 0x79, 0x11, 0x8b, 0xc8, 0x8a,
  0x4c, 0x4d, 0x8c, 0x49, 0x44, 0xce, 0x56, 0xa1, 0xc0, 0x5d, 0x3c, 0x9c, 0x1e, 0x6e, 0xde, 0xb6,
  0x36, 0xe5, 0x5b, 0xe8, 0x6e, 0x6d, 0x8e, 0xdb, 0xf4, 0x57, 0x11, 0xde, 0x31, 0x3c, 0x79, 0x77,
  0x76, 0x4e, 0x9a, 0x63, 0xff, 0xbe, 0xb3, 0x7c, 0x2a, 0xc5, 0x66, 0xab, 0x5a, 0x93, 0xf1, 0xbf,
  0x3b, 0xab, 0xc4, 0xff, 0x96, 0x3e, 0x81, 0x2a, 0x94, 0x37, 0x82, 0xc8, 0xc6, 0x57, 0x3c, 0x46,
  0x95, 0xe4, 0xb2, 0x22, 0xc2, 0xf3, 0xbb, 0x27, 0x26, 0x81, 0x39, 0xec, 0x87, 0xd0, 0x8f, 0x3a,
  0x88, 0xf4, 0x29, 0x76, 0x89, 0x1c, 0x78, 0x9b, 0x87, 0x84, 0xed, 0x63, 0x15, 0xa1, 0xba, 0xcc,
  0x4d, 0x0c, 0xcc, 0xb6, 0x78, 0x78, 0xf0, 0x70, 0x78, 0xa4, 0x4a, 0xfe, 0xe6, 0x12, 0x12, 0x06,
  0x6f, 0xa8, 0x37, 0x00, 0x54, 0xa0, 0xed, 0x6e, 0xe6, 0x90, 0x9e, 0x55, 0x38, 0x34, 0xee, 0x44,
  0xac, 0x0b, 0xb5, 0x68, 0x95, 0x9d, 0x08, 0x5b, 0x0f, 0x0a, 0xef, 0x84, 0x58, 0x4c, 0x29, 0x43,
  0xa9, 0xe9, 0x7c, 0x6a, 0x5a, 0x49, 0xe9, 0x50, 0x47, 0x98, 0x6a, 0x8c, 0x10, 0xd7, 0x96, 0xbf,
  0xb4, 0x69, 0xfb, 0x65, 0xf3, 0x64, 0x12, 0x18, 0x5c, 0xa8, 0x98, 0x3b, 0xa2, 0x7c, 0x55, 0xd4,
  0xdd, 0x18, 0xe3, 0xb5, 0xca, 0x0a, 0x58, 0xb3, 0xe5, 0x8e, 0xbf, 0x70, 0x82, 0xaf, 0xbd, 0x00,
  0xfb, 0x21, 0xa8, 0xa2, 0x02, 0x7c, 0x81, 0x9b, 0x03, 0xfe, 0x04, 0x51, 0x73, 0x17, 0x8c, 0x50,
  0xd6, 0x92, 0xda, 0xf4, 0xb0, 0x51, 0xc6, 0x6e, 0x47, 0xda, 0xb2, 0x60, 0xee, 0xe3, 0x10, 0x0c,
  0x3e, 0x6d, 0xc2, 0x2a, 0x28, 0x55, 0x60, 0x8f, 0x58, 0xc9, 0x16, 0x61, 0x75, 0xd4, 0xde, 0x18,
  0x38, 0x37, 0x33, 0xda, 0xfb, 0xe2, 0x59, 0x78, 0xb2, 0x8e, 0x39, 0x39, 0x75, 0x38, 0x15, 0x66,
  0x19, 0xc4, 0x33, 0x02, 0x78, 0xec, 0xfc, 0xf4, 0x87, 0x34, 0xaa, 0x62, 0x7e, 0xb2, 0x63, 0x26,
  0x0d, 0x23, 0xab, 0x0f, 0x57, 0xa1, 0x25, 0x65, 0x99, 0x15, 0xc5, 0x1e, 0x1f, 0xb5, 0x5d, 0x29,
  0x1c, 0x1a, 0x06, 0xf8, 0xe7, 0x8c, 0x0a, 0xa1, 0xc6, 0x80, 0xa8, 0x20, 0xfc, 0xa2, 0x5d, 0xe6,
  0x6a, 0x82, 0xff, 0x4e, 0x1c, 0x98, 0x8e, 0x03, 0xfb, 0x14, 0x56, 0x7e, 0xe2, 0xdf, 0x69, 0xeb,
  0x3d, 0x06, 0xea, 0x06, 0x16, 0x09, 0x39, 0x9e, 0xc8, 0x31, 0x07, 0x50, 0x58, 0xe8, 0x05, 0x48,
  0x35, 0xfd, 0x36, 0x80, 0xe5, 0xb6, 0x00, 0x69, 0x0a, 0xcf, 0x95, 0x10, 0x6f, 0x94, 0x8b, 0xad,
  0xa5, 0x59, 0xd2, 0x88, 0x88, 0xff, 0x8d, 0xc2, 0xe4, 0xe7, 0xa4, 0x7b, 0x18, 0xd5, 0x0c, 0xfe,
  0xf7, 0xa3, 0x78, 0x36, 0xc6, 0x3b, 0x91, 0xb8, 0xbd, 0xeb, 0x64, 0xeb, 0x12, 0xef, 0x9e, 0xc1,
  0xc3, 0x0a, 0x2e, 0x41, 0x74, 0x88, 0x23, 0x36, 0x89, 0xfa, 0x97, 0xf6, 0x28, 0x00, 0xbb, 0x9b,
  0x0d, 0xa7, 0xf4, 0x8c, 0x89, 0xaa, 0x16, 0x51, 0xd8, 0xc2, 0x29, 0xb7, 0x45, 0xf3, 0x09, 0x8c,
  0xd3, 0x54, 0x73, 0x87, 0xb0, 0xff, 0xd5, 0xa3, 0x04, 0x11, 0x78, 0xfd, 0xdd, 0x80, 0x9b, 0x47,
  0x1d, 0x42, 0xc6, 0x0b, 0xaf, 0x69, 0x1f, 0xe5, 0x5f, 0x73, 0xe8, 0x29, 0x00, 0xc7, 0xe0, 0xbb,
  0x01, 0x2e, 0xc2, 0x02, 0x48, 0x0f, 0x1f, 0x05, 0x19, 0x11, 0xbc, 0xc6, 0x00, 0x01, 0x00, 0x62,
  0xbf, 0x2b, 0x10, 0x12, 0x18, 0x02, 0xa4, 0x1f, 0x50, 0xbf, 0xde, 0x9f, 0x1e, 0xee, 0x47, 0x37,
  0x63, 0xec, 0x9b, 0x46, 0xca, 0x70, 0x2b, 0x19, 0xee, 0xe7, 0xd9, 0x08, 0x8e, 0x92, 0xe0, 0x84,
  0x0b, 0x71, 0xfc, 0x58, 0x15, 0x3d, 0x13, 0x67, 0x56, 0xc2, 0xde, 0x26, 0x86, 0x5d, 0x72, 0x46,
  0xa4, 0xc7, 0x15, 0x01, 0x53, 0x55, 0xb6, 0xe4, 0xcc, 0x18, 0x87, 0x23, 0x66, 0xb8, 0xd4, 0x8d,
  0xba, 0xf0, 0x49, 0xca, 0x8c, 0xb4, 0xab, 0x4f, 0x8b, 0x04, 0x32, 0x8b, 0xbe, 0x0c, 0xe0, 0xd7,
  0x38, 0x65, 0x16, 0x6f, 0xf7, 0xa6, 0xfc, 0xbe, 0xf5, 0xf9, 0x61, 0x64, 0xbf, 0x5a, 0x9c, 0x71,
  0x7d, 0x31, 0xf3, 0xeb, 0xd8, 0xfc, 0xc8, 0xd8, 0xaf, 0x72, 0xa8, 0x6a, 0xbe, 0x7c, 0xdf, 0x38,
  0x53, 0x8e, 0x33, 0x72, 0x0a, 0xf4, 0xf5, 0x13, 0xc8, 0x99, 0x22, 0xd2, 0x4b, 0x08, 0xdd, 0x4e,
  0x17, 0xba, 0xb0, 0xdf, 0x49, 0xce, 0x94, 0xd4, 0xf9, 0x75, 0x36, 0xae, 0x14, 0x16, 0xa7, 0x27,
  0x94, 0x0b, 0x8e, 0x32, 0x4a, 0x70, 0xe2, 0x94, 0x23, 0x8d, 0x31, 0xe7, 0x81, 0x22, 0x44, 0x62,
  0x97, 0x8f, 0x34, 0xaf, 0x5a, 0x03, 0xc1, 0x17, 0x23, 0x57, 0xaf, 0x11, 0xe1, 0x05, 0x00, 0x39,
  0x65, 0x38, 0x08, 0x3e, 0xf5, 0xef, 0x4c, 0xff, 0x35, 0xdb, 0x49, 0x09, 0xf9, 0xf5, 0x9b, 0x58,
  0x61, 0x43, 0x84, 0x78, 0x26, 0xbd, 0xf4, 0x83, 0x31, 0x12, 0x0d, 0x18, 0xb1, 0xfc, 0xb5, 0xd3,
  0xac, 0x2a, 0x0e, 0x4c, 0x29, 0x87, 0xe0, 0xad, 0x13, 0x7a, 0xe8, 0x32, 0xf6, 0x24, 0x40, 0xc9,
  0xc1, 0x64, 0x9a, 0xd6, 0xf4, 0x29, 0xb5, 0x3c, 0x14, 0x4a, 0x51, 0x57, 0x9e, 0x85, 0x34, 0x63,
  0x30, 0x74, 0x13, 0xaa, 0xca, 0x83, 0x4f, 0x6c, 0x85, 0xae, 0x49, 0x4d, 0x79, 0xa0, 0xa6, 0x9d,
  0xd0, 0xcd, 0x50, 0xd1, 0x8a, 0xe6, 0xda, 0x95, 0xa8, 0xa7, 0xf8, 0x0c, 0xe2, 0x7b, 0x28, 0x25,
  0xf7, 0x70, 0x21, 0x45, 0x15, 0x35, 0x7b, 0xae, 0x3a, 0x10, 0xa6, 0x57, 0x74, 0xef, 0xa7, 0xf2,
  0xb8, 0x96, 0xe3, 0xdb, 0x0f, 0x3c, 0x27, 0x80, 0x87, 0xa1, 0x12, 0x0f, 0x35, 0xc3, 0x6e, 0xde,
  0x7a, 0x5c, 0xad, 0xfe, 0x0b, 0x1e, 0x65, 0x6d, 0x66, 0x23, 0x1e, 0x67, 0x24, 0x53, 0x3c, 0x0a,
  0x61, 0x2d, 0xd5, 0xa7, 0x82, 0xe2, 0xd0, 0xdf, 0xfb, 0xf8, 0xd1, 0xb5, 0x27, 0x17, 0x7b, 0x68,
  0x01, 0xd8, 0xb0, 0xd3, 0x3f, 0xd5, 0x3e, 0xba, 0x72, 0x3e, 0x13, 0x10, 0x99, 0x40, 0x79, 0x7a,
  0x0a, 0x93, 0x5c, 0x9d, 0x44, 0xf9, 0xf6, 0xac, 0x25, 0x40, 0x76, 0xba, 0x05, 0x89, 0xe1, 0xca,
  0x81, 0x43, 0x2a, 0x41, 0xc9, 0xb1, 0x4f, 0x00, 0x64, 0x02, 0xe5, 0xd9, 0x63, 0x9a, 0x80, 0xd8,
  0xe9, 0x9f, 0xf4, 0xb1, 0x99, 0x72, 0x80, 0x08, 0x87, 0xc8, 0xa3, 0xe3, 0x7f, 0x5e, 0x79, 0xa4,
  0xd4, 0x16, 0x1d, 0xbe, 0x2b, 0xa6, 0xcf, 0x47, 0x6d, 0x42, 0x13, 0xd6, 0x65, 0xbe, 0x08, 0x17,
  0x1f, 0xef, 0xd7, 0x39, 0xf4, 0x9a, 0xb4, 0xd8, 0x31, 0x11, 0xc2, 0x87, 0x42, 0x1f, 0xbd, 0x7d,
  0xb3, 0x0f, 0xde, 0xa8, 0x33, 0xe6, 0x0c, 0xc2, 0xce, 0x7c, 0x1b, 0x06, 0x77, 0xc9, 0xab, 0x35,
  0xa2, 0x47, 0x5e, 0xd1, 0xc2, 0x25, 0x8e, 0x91, 0xe1, 0x2c, 0xbd, 0x24, 0x0a, 0x78, 0x4e, 0xba,
  0xbc, 0xaa, 0x56, 0x4e, 0x3c, 0xa9, 0x5b, 0x36, 0x26, 0x9c, 0x96, 0x4c, 0x79, 0x55, 0x67, 0xc4,
  0x4f, 0x75, 0x55, 0x09, 0xe5, 0xad, 0xc8, 0x6c, 0x72, 0x7b, 0x9c, 0x48, 0xaf, 0xea, 0x52, 0xc9,
  0xe6, 0x2d, 0xe3, 0x52, 0xb9, 0x35, 0x98, 0xc2, 0xae, 0xba, 0x82, 0x28, 0xf4, 0x96, 0x33, 0xb8,
  0xdc, 0x7a, 0x32, 0xa2, 0xb1, 0xba, 0xaa, 0xf4, 0xf4, 0x56, 0x64, 0x90, 0x4b, 0xaa, 0x65, 0x01,
  0x57, 0x5d, 0x4d, 0xbc, 0x7a, 0x3f, 0x85, 0xbd, 0xe6, 0x36, 0x28, 0x11, 0xb6, 0xd5, 0xa5, 0x82,
  0xd8, 0xfb, 0x01, 0xbe, 0x9c, 0x5b, 0xb9, 0x16, 0xcd, 0xd5, 0x65, 0x52, 0x5b, 0x0d, 0xfa, 0x77,
  0xb2, 0x73, 0x3c, 0x3f, 0x55, 0xc4, 0x00, 0xb2, 0xfe, 0xe6, 0x06, 0xd4, 0x2b, 0xf8, 0x05, 0x26,
  0x8c, 0x9e, 0xbc, 0x57, 0x72, 0x79, 0xf9, 0x43, 0xb6, 0xd4, 0x57, 0x4b, 0x96, 0x94, 0x7e, 0x3e,
  0x2c, 0xb7, 0xbc, 0xb9, 0x87, 0x49, 0x89, 0x82, 0x3c, 0xd4, 0x72, 0x11, 0xa5, 0x71, 0xca, 0x12,
  0x79, 0xc8, 0xb4, 0xe4, 0xc8, 0x43, 0xa7, 0x57, 0x4b, 0x1a, 0xa1, 0x2e, 0x95, 0x87, 0xd2, 0x96,
  0x33, 0x79, 0x78, 0xed, 0x35, 0x91, 0x46, 0x6e, 0x97, 0xd7, 0x35, 0xa4, 0x4e, 0xa0, 0xcf, 0xf8,
  0x16, 0x8d, 0x97, 0x27, 0xb4, 0x76, 0x77, 0xf3, 0x52, 0x31, 0xaf, 0x03, 0x18, 0x6c, 0x70, 0xa6,
  0x99, 0x9b, 0xbd, 0x47, 0x3e, 0x33, 0xf9, 0x59, 0x78, 0x0c, 0x68, 0x48, 0x1d, 0x4c, 0xd5, 0x5d,
  0xda, 0x33, 0x14, 0x2b, 0x5a, 0x14, 0xb2, 0xbb, 0x29, 0x6c, 0xd5, 0x32, 0x4d, 0xb9, 0xab, 0xae,
  0xc3, 0x3c, 0x2c, 0x65, 0x31, 0x29, 0xcb, 0x41, 0x49, 0xd3, 0x72, 0x2a, 0xe9, 0x26, 0x9e, 0x1b,
  0xa9, 0xb1, 0x95, 0xf2, 0x3e, 0x19, 0x1c, 0x99, 0x90, 0x33, 0xa2, 0x32, 0x27, 0x35, 0x98, 0x32,
  0x55, 0x8d, 0x63, 0x52, 0x45, 0xde, 0x10, 0x4a, 0x36, 0xb1, 0x64, 0xf4, 0x12, 0x1c, 0xd5, 0x82,
  0x5d, 0x40, 0xf9, 0x98, 0xe5, 0x18, 0x5a, 0xf2, 0x9b, 0x61, 0x63, 0x35, 0xe9, 0x7c, 0x10, 0x4e,
  0x6e, 0xf0, 0x3e, 0x52, 0x20, 0x8f, 0x51, 0xf3, 0xfa, 0xf2, 0xda, 0x06, 0x49, 0x53, 0x7a, 0x0a,
  0x83, 0xb9, 0x98, 0x52, 0xaf, 0x7b, 0xc8, 0x02, 0x08, 0xfe, 0x29, 0xee, 0x0d, 0xc1, 0x58, 0x98,
  0x6a, 0xef, 0xbe, 0x91, 0xe5, 0xe5, 0xc1, 0x2b, 0x47, 0x2b, 0x37, 0x19, 0x19, 0xe9, 0x40, 0x95,
  0x07, 0x4d, 0xee, 0xb8, 0xc2, 0x88, 0xeb, 0xae, 0x5b, 0x4f, 0x96, 0x23, 0xf0, 0xeb, 0x90, 0xe7,
  0xea, 0xa9, 0xa5, 0xdc, 0x49, 0xb7, 0x20, 0xb4, 0x83, 0x48, 0x3e, 0x02, 0x0b, 0xb7, 0xad, 0x69,
  0x4a, 0xdc, 0xf3, 0x64, 0x03, 0x88, 0x5d, 0x99, 0x7a, 0x99, 0x28, 0xb7, 0x44, 0xe1, 0x96, 0x0f,
  0x59, 0x62, 0xc7, 0x77, 0x1c, 0x63, 0xc3, 0x57, 0x24, 0x4a, 0x3c, 0x43, 0xee, 0x88, 0x9f, 0x18,
  0xe4, 0xad, 0x27, 0xcd, 0xa6, 0xf8, 0xe2, 0xa0, 0xed, 0x12, 0xdd, 0x26, 0xcb, 0x1b, 0xa8, 0xa2,
  0x39, 0x3c, 0x56, 0x38, 0x44, 0xd0, 0x5d, 0x8f, 0x62, 0x6f, 0x1a, 0xf9, 0xb4, 0xad, 0x05, 0x90,
  0x3d, 0xcd, 0xf7, 0xea, 0xad, 0x6e, 0x91, 0x77, 0x8a, 0xb8, 0xe6, 0x95, 0xe4, 0xc2, 0xae, 0x1f,
  0xdd, 0x1d, 0x8e, 0xe0, 0x0d, 0x85, 0x37, 0xa7, 0xce, 0xe1, 0xfa, 0xc6, 0xf9, 0x05, 0xda, 0x66,
  0xa9, 0x38, 0x14, 0x1a, 0x31, 0x3f, 0xf6, 0x48, 0xb6, 0x20, 0x69, 0xb4, 0xc2, 0xde, 0xbb, 0x54,
  0x05, 0xb6, 0x59, 0xbb, 0xd6, 0xb4, 0x0b, 0xcd, 0x7d, 0xdd, 0x72, 0x31, 0xdc, 0xb5, 0x2f, 0xf5,
  0x74, 0x8b, 0x7c, 0xea, 0xba, 0xea, 0xac, 0x40, 0x21, 0x72, 0xf8, 0x8c, 0xa6, 0xef, 0xd3, 0xc9,
  0x0d, 0x8c, 0x72, 0x68, 0x62, 0x78, 0x19, 0x35, 0x5c, 0x71, 0x5a, 0x60, 0x9f, 0x14, 0xa4, 0x8b,
  0x6a, 0x4b, 0x1e, 0xe7, 0x17, 0x9f, 0x11, 0x2c, 0x96, 0x0e, 0x9f, 0xd6, 0xea, 0x93, 0x01, 0x2c,
  0xda, 0x7b, 0xd8, 0x06, 0x2a, 0xe1, 0x70, 0x9e, 0xaf, 0x3e, 0x64, 0x4c, 0x65, 0x76, 0x3e, 0xd9,
  0x3a, 0x27, 0x38, 0xb2, 0x24, 0xfa, 0x71, 0x6d, 0x44, 0x52, 0x67, 0x80, 0xf5, 0x39, 0x2b, 0xf4,
  0x33, 0x58, 0x25, 0xb0, 0xc3, 0x97, 0x1c, 0x25, 0x54, 0x09, 0xee, 0x94, 0x84, 0xcf, 0xa0, 0xb3,
  0xf3, 0x53, 0x88, 0xfe, 0x2f, 0xd1, 0x00, 0xce, 0xd7, 0x70, 0x1f, 0x33, 0x0e, 0xe8, 0xf2, 0x28,
  0x6e, 0x66, 0x96, 0x52, 0x83, 0x98, 0x0f, 0xdb, 0xe8, 0xb8, 0x02, 0x3d, 0xa4, 0x4e, 0xe4, 0xc8,
  0x54, 0x24, 0x0f, 0xe1, 0xcd, 0xee, 0x59, 0x14, 0x21, 0xaf, 0x2b, 0xc8, 0x47, 0x70, 0x2b, 0xc5,
  0xe7, 0x73, 0xe8, 0x3d, 0x94, 0xe7, 0x06, 0x9d, 0x9e, 0x89, 0x5b, 0x3b, 0xea, 0x21, 0x6c, 0xf3,
  0xfa, 0x03, 0xbd, 0xd7, 0x2b, 0x31, 0xf2, 0x7b, 0xbd, 0xff, 0x4c, 0xed, 0xe2, 0x67, 0x0b, 0xe2,
  0x02, 0x2e, 0xb5, 0xc6, 0x84, 0xc3, 0x51, 0x90, 0x66, 0x0d, 0xc7, 0x5f, 0x3c, 0xeb, 0x38, 0x2d,
  0x04, 0x8d, 0x8d, 0xcb, 0xd7, 0xbd, 0x38, 0x1c, 0x1c, 0x06, 0xf7, 0x01, 0x9d, 0x0d, 0x8e, 0x53,
  0xb8, 0xd6, 0x9a, 0xee, 0x18, 0x57, 0x96, 0xcd, 0x1e, 0x1c, 0xb1, 0x5f, 0xdb, 0xff, 0x5f, 0xff,
  0x3f, 0xb8, 0xfe, 0xc5, 0x92, 0xa0, 0xc1, 0xd5, 0x3c, 0xa0, 0x70, 0xa9, 0xdf, 0x3b, 0x97, 0x33,
  0xb8, 0x79, 0xe0, 0xe7, 0x0a, 0x93, 0x2e, 0x40, 0xad, 0x69, 0x5f, 0x6b, 0xbe, 0xed, 0x43, 0xeb,
  0x79, 0xe2, 0xb0, 0x1b, 0x2c, 0x59, 0xcd, 0x0c, 0x63, 0x2c, 0xe6, 0xac, 0xab, 0xb1, 0x78, 0xaf,
  0xae, 0x9b, 0x7d, 0x6a, 0xb6, 0x9b, 0xf7, 0x54, 0x65, 0x37, 0xfd, 0x36, 0x5f, 0xe1, 0x9a, 0x29,
  0xe0, 0x51, 0xca, 0x64, 0x9d, 0x70, 0x95, 0x35, 0xd9, 0xd1, 0xff, 0x30, 0x56, 0x93, 0x12, 0x29,
  0x6b, 0x73, 0x9e, 0xef, 0x7a, 0x0c, 0xb0, 0xe4, 0xf9, 0xc3, 0x4a, 0xc5, 0x7c, 0xa7, 0x53, 0x64,
  0xfe, 0xad, 0xd5, 0xa4, 0x62, 0xd0, 0x31, 0x4d, 0xcf, 0xbd, 0x6e, 0xd9, 0x23, 0x87, 0x79, 0x68,
  0xda, 0xf9, 0x78, 0xf2, 0x09, 0x81, 0x2e, 0x67, 0x57, 0x44, 0x64, 0x01, 0xba, 0xc5, 0x9d, 0xba,
  0xd0, 0x5e, 0x4e, 0x13, 0xa2, 0x40, 0x55, 0xbe, 0xc8, 0x9e, 0xcf, 0x1d, 0x35, 0xa1, 0x25, 0x1c,
  0x51, 0x9d, 0xc2, 0xa5, 0xee, 0xf8, 0x75, 0x0b, 0x1c, 0x08, 0x8a, 0x36, 0x91, 0x45, 0xfe, 0x06,
  0xb9, 0x7b, 0xef, 0xec, 0x69, 0xfb, 0x0a, 0x68, 0x8b, 0x8c, 0x5d, 0x96, 0x03, 0x48, 0x91, 0x9b,
  0x08, 0x1f, 0xd3, 0x8a, 0xe3, 0xf9, 0x82, 0x23, 0x4f, 0x99, 0x6b, 0x5c, 0x26, 0x51, 0x9c, 0xaf,
  0x68, 0xf5, 0xad, 0xe2, 0xab, 0xa3, 0xea, 0x5f, 0xd3, 0x33, 0x47, 0x54, 0x8c, 0x35, 0x01, 0x9f,
  0xfa, 0x80, 0x36, 0x15, 0x95, 0x8f, 0x26, 0x9f, 0xa8, 0xd9, 0x9c, 0xef, 0x93, 0x66, 0xc8, 0x02,
  0x60, 0x36, 0xf1, 0xf5, 0x8c, 0xe3, 0x15, 0x47, 0xb8, 0x1e, 0xc0, 0xb9, 0x8e, 0x65, 0xa1, 0x43,
  0x57, 0x7e, 0xa5, 0x40, 0x29, 0x65, 0xd0, 0x02, 0xd1, 0x77, 0xa8, 0x5c, 0x2c, 0x4b, 0x64, 0xa4,
  0x80, 0x5c, 0x3a, 0x4b, 0x1c, 0xb0, 0xb4, 0x51, 0x31, 0x7f, 0x35, 0xe3, 0x88, 0x4a, 0x2e, 0xa1,
  0x3c, 0xc8, 0xf4, 0x12, 0x4e, 0xa0, 0xdb, 0x65, 0xe0, 0xed, 0x04, 0xde, 0x78, 0x8e, 0x33, 0xee,
  0xd0, 0x2b, 0x9d, 0xc9, 0xa3, 0x9d, 0x9f, 0x16, 0xdd, 0x9f, 0xe0, 0xa7, 0xf5, 0xbd, 0x73, 0x9f,
  0xe1, 0x5e, 0x9e, 0x5a, 0x05, 0x2a, 0xa1, 0x9b, 0xcb, 0xad, 0x3c, 0x73, 0x7f, 0x2c, 0x4b, 0xa8,
  0x6c, 0x58, 0x66, 0xab, 0xdd, 0x7c, 0xe6, 0x54, 0x56, 0xac, 0xcd, 0xe5, 0x8c, 0x87, 0xe4, 0xc5,
  0x86, 0xb9, 0xfc, 0x59, 0xd5, 0x84, 0x84, 0x28, 0xcb, 0x21, 0xff, 0x16, 0xa2, 0x41, 0xbf, 0xd7,
  0x0b, 0xc6, 0xf0, 0xd9, 0x50, 0x74, 0x47, 0x5c, 0xff, 0x1c, 0x31, 0x31, 0xe8, 0xce, 0xbb, 0x49,
  0xcf, 0xb5, 0x2d, 0xec, 0xe9, 0x8b, 0x88, 0x92, 0x31, 0xae, 0x4f, 0x95, 0x13, 0x76, 0x6d, 0x12,
  0x86, 0x01, 0x49, 0x95, 0x05, 0x13, 0x2c, 0x20, 0xd3, 0xf3, 0xbb, 0xd0, 0xbd, 0x3a, 0xe5, 0x7c,
  0x27, 0x86, 0xd7, 0x50, 0x7f, 0x36, 0x4c, 0x7a, 0x93, 0xdb, 0x60, 0x09, 0xfc, 0x3d, 0xed, 0xc5,
  0xe0, 0xe8, 0xe6, 0x92, 0xf4, 0x65, 0x9e, 0x33, 0xb9, 0xe1, 0x17, 0xd6, 0x03, 0x15, 0x0f, 0x43,
  0x2d, 0x74, 0xc4, 0xc6, 0xe9, 0x07, 0x03, 0x1f, 0x4e, 0x18, 0xb1, 0x5c, 0xee, 0x54, 0xef, 0xae,
  0xab, 0x2e, 0x73, 0x76, 0x4b, 0x3a, 0x3c, 0xf0, 0xe9, 0xbe, 0xff, 0x7d, 0x9d, 0xab, 0x2c, 0xee,
  0xf7, 0x6b, 0x01, 0x26, 0x5a, 0xb6, 0x62, 0xf7, 0xed, 0x32, 0xeb, 0x8f, 0x02, 0x75, 0x42, 0xdc,
  0xd7, 0x13, 0x8a, 0x00, 0x6b, 0x58, 0xc7, 0x6c, 0x13, 0xe9, 0xea, 0x44, 0xfb, 0xf5, 0x5c, 0xeb,
  0x95, 0x80, 0x4b, 0x19, 0xe5, 0x5f, 0x98, 0x4c, 0xf0, 0x59, 0x37, 0xe3, 0xc0, 0xb2, 0xf3, 0x9d,
  0x02, 0x91, 0x0e, 0x8b, 0x49, 0x82, 0x94, 0xe8, 0x5f, 0x30, 0x4c, 0xe3, 0x5d, 0x8e, 0x62, 0xf2,
  0xeb, 0xdc, 0x8c, 0xbb, 0xa1, 0x1e, 0xdd, 0x33, 0x4a, 0x44, 0x23, 0x78, 0xf6, 0xe1, 0x55, 0x77,
  0xaf, 0x92, 0x89, 0x0c, 0x8b, 0xc0, 0xa6, 0x97, 0x81, 0x88, 0x48, 0x63, 0xa2, 0x87, 0xde, 0x94,
  0xe0, 0xe7, 0x28, 0x1e, 0x3a, 0x28, 0x25, 0x4c, 0x89, 0x5c, 0x06, 0xb7, 0x30, 0xe9, 0x1a, 0x64,
  0x24, 0xb8, 0x04, 0x5e, 0x4d, 0x9c, 0x5e, 0xd1, 0xd5, 0xe4, 0x85, 0x91, 0x16, 0xe3, 0xc1, 0xee,
  0xde, 0x15, 0x8e, 0x63, 0x75, 0xca, 0x15, 0xd6, 0x93, 0x27, 0xca, 0xcb, 0xa0, 0x47, 0xda, 0x3d,
  0x3a, 0xc3, 0x6b, 0x75, 0xab, 0x4b, 0x16, 0x35, 0x95, 0x4e, 0x5e, 0x6a, 0xee, 0xf7, 0x0f, 0x6e,
  0xc9, 0xad, 0x9d, 0xe2, 0x80, 0xe1, 0xc2, 0x02, 0xfc, 0xab, 0x19, 0x01, 0x6e, 0xad, 0x50, 0xb2,
  0xea, 0x3a, 0x9d, 0x41, 0xd1, 0x77, 0x43, 0xb4, 0xe3, 0xd1, 0x23, 0xf3, 0x8b, 0x22, 0xa0, 0x7a,
  0x5e, 0x36, 0xe0, 0x63, 0x41, 0x88, 0x8c, 0xb5, 0x10, 0x9a, 0x31, 0x09, 0xed, 0x59, 0x18, 0x41,
  0x33, 0x62, 0x7e, 0x9a, 0x08, 0x08, 0x13, 0x85, 0x19, 0xd9, 0x54, 0x15, 0xe9, 0x4f, 0x7c, 0x3c,
  0x56, 0x90, 0xd6, 0x8d, 0x92, 0xc0, 0xa0, 0x45, 0x36, 0x00, 0x2e, 0x57, 0x4b, 0x9a, 0xd2, 0x51,
  0x75, 0x2f, 0xf4, 0xe3, 0x64, 0xb6, 0x0a, 0x9c, 0xc4, 0xa6, 0x12, 0x34, 0x4c, 0xf3, 0xc4, 0xb2,
  0xb4, 0xae, 0x44, 0x0e, 0x4f, 0x15, 0xc4, 0xc5, 0xb5, 0x67, 0xca, 0xd8, 0xae, 0x84, 0x25, 0x59,
  0x5f, 0x57, 0xdb, 0x02, 0x0d, 0x99, 0xe8, 0x7c, 0x0a, 0x4e, 0x68, 0x02, 0x59, 0xc8, 0x44, 0xbd,
  0xb0, 0x30, 0x9a, 0x51, 0x79, 0x56, 0xc1, 0x5b, 0x00, 0x9f, 0xc5, 0x2e, 0xf9, 0x6c, 0x02, 0x62,
  0xb2, 0x68, 0x05, 0x64, 0xf3, 0x26, 0x13, 0x56, 0xb3, 0xc7, 0xae, 0x35, 0x56, 0x79, 0x76, 0x51,
  0x6b, 0xd4, 0xf2, 0x2c, 0xac, 0x25, 0x28, 0x84, 0x73, 0xc5, 0x32, 0x24, 0x82, 0x4e, 0x15, 0x1a,
  0x31, 0xbe, 0xc2, 0x06, 0x64, 0x61, 0x33, 0xd0, 0x30, 0x87, 0xb8, 0x8d, 0xe0, 0x60, 0x57, 0x68,
  0xa2, 0x5a, 0x58, 0xf3, 0xb0, 0x14, 0x4f, 0x91, 0xed, 0xc3, 0x7c, 0x37, 0xe5, 0x36, 0x1c, 0x49,
  0x46, 0xb9, 0xe4, 0x46, 0x36, 0x4a, 0x24, 0xb0, 0xda, 0x19, 0x52, 0xde, 0xca, 0x36, 0x6f, 0x49,
  0x24, 0x81, 0x55, 0xc4, 0x15, 0x0b, 0x72, 0x4c, 0xaf, 0x4b, 0xff, 0xee, 0x54, 0x5c, 0x01, 0xbd,
  0x88, 0x39, 0xe2, 0x4a, 0x12, 0xfa, 0x0d, 0x11, 0x47, 0xb2, 0xbd, 0x29, 0x72, 0xa5, 0x5f, 0x64,
  0xd6, 0x89, 0xa5, 0x23, 0xdb, 0x6a, 0x71, 0xcd, 0x52, 0x99, 0x93, 0xed, 0xd5, 0x27, 0xe1, 0xd3,
  0xdf, 0x40, 0x98, 0xb4, 0x51, 0x85, 0xea, 0x94, 0xe2, 0x4a, 0xde, 0xa4, 0x24, 0x19, 0x84, 0xbd,
  0xc1, 0x88, 0x2f, 0xed, 0x4b, 0xf1, 0x26, 0x4b, 0x18, 0x42, 0x4e, 0x97, 0x42, 0x65, 0x68, 0xe6,
  0x78, 0x99, 0x78, 0x53, 0x81, 0x15, 0xd5, 0x31, 0x89, 0xad, 0xf2, 0xb4, 0xf9, 0xdc, 0x3c, 0x05,
  0xa1, 0x5a, 0x5c, 0x7b, 0x22, 0x72, 0xc1, 0xbf, 0x85, 0x44, 0x44, 0xc7, 0x5f, 0x6c, 0xc6, 0xbd,
  0x49, 0x38, 0x9e, 0xee, 0xd0, 0x4f, 0x52, 0x3e, 0xf9, 0x07, 0x45, 0x8c, 0xdf, 0x79, 0xf0, 0xe0,
  0xff, 0x00, 0xed, 0xd8, 0x04, 0x71, 0x5b, 0xef, 0x00, 0x00,

};
static constexpr size_t APP_HTML_GZ_LEN = sizeof(APP_HTML_GZ);


const uint8_t OTA_HTML_GZ[] PROGMEM =
{
  0x1f, 0x8b, 0x08, 0x00, 0x00, 0x00, 0x00, 0x00, 0x02, 0xff, 0x95, 0x57, 0x6d, 0x73, 0xe3, 0xb6,
  0x11, 0xfe, 0xee, 0x5f, 0x81, 0x48, 0x73, 0x23, 0xa9, 0x21, 0x29, 0x52, 0x96, 0x75, 0x3a, 0x52,
  0xf2, 0x34, 0x69, 0x2f, 0x6d, 0x66, 0xd2, 0xa6, 0x13, 0x5f, 0xfb, 0xa5, 0xd3, 0x99, 0x03, 0x89,
  0xa5, 0x84, 0x9a, 0x04, 0x38, 0x20, 0x68, 0x59, 0x51, 0xfc, 0xdf, 0xb3, 0x0b, 0x88, 0x7a, 0x39,
  0x5f, 0xd2, 0xde, 0x07, 0x53, 0xc4, 0x62, 0x01, 0x3c, 0xfb, 0x3c, 0xbb, 0x4b, 0xf8, 0xe6, 0x66,
  0xf5, 0x95, 0xd0, 0x85, 0xdd, 0x37, 0xc0, 0xb6, 0xb6, 0xae, 0xee, 0x6f, 0x6e, 0x56, 0xf4, 0xcb,
  0x2a, 0xae, 0x36, 0xeb, 0x01, 0xa8, 0x81, 0xb3, 0x00, 0x17, 0xf4, 0x5b, 0x83, 0xe5, 0xac, 0xd8,
  0x72, 0xd3, 0x82, 0x5d, 0x0f, 0x3a, 0x5b, 0x86, 0xcb, 0xc1, 0xc9, 0xae, 0x78, 0x0d, 0xeb, 0xc1,
  0x93, 0x84, 0x5d, 0xa3, 0x8d, 0x1d, 0xb0, 0x42, 0x2b, 0x0b, 0x0a, 0xfd, 0x76, 0x52, 0xd8, 0xed,
  0x5a, 0xc0, 0x93, 0x2c, 0x20, 0x74, 0x83, 0x40, 0x2a, 0x69, 0x25, 0xaf, 0xc2, 0xb6, 0xe0, 0x15,
  0xac, 0x13, 0xb7, 0x89, 0x95, 0xb6, 0x82, 0xfb, 0x1f, 0xfe, 0xca, 0xbe, 0x57, 0xa2, 0x6b, 0xad,
  0xc1, 0x79, 0xf6, 0xaf, 0x05, 0xfb, 0xf1, 0xc3, 0x37, 0xab, 0xa9, 0x9f, 0x43, 0xa7, 0xd6, 0xee,
  0xdd, 0x4b, 0x6a, 0xb4, 0xb6, 0x87, 0x30, 0xcc, 0x37, 0xe9, 0x30, 0x7e, 0x97, 0xdc, 0x26, 0x3c,
  0x0b, 0xc3, 0x86, 0x2b, 0xa8, 0xd2, 0x61, 0x12, 0xcf, 0x16, 0xb7, 0x31, 0x8e, 0xa5, 0x7a, 0x4c,
  0x87, 0x00, 0xe5, 0xbc, 0x5c, 0xe0, 0xa8, 0xee, 0x2c, 0x88, 0x74, 0xf8, 0x2e, 0xe1, 0x3c, 0x9f,
  0xe3, 0xb8, 0x92, 0x0a, 0xd2, 0xe1, 0x4c, 0xdc, 0x2d, 0x17, 0x4b, 0x1c, 0xf2, 0xa2, 0x40, 0xb4,
  0xe9, 0xb0, 0x2c, 0xdf, 0xdd, 0xce, 0x69, 0xb5, 0xc6, 0xc5, 0xcb, 0x02, 0xe2, 0x65, 0x89, 0x03,
  0x81, 0x74, 0x80, 0xa1, 0xd9, 0xb7, 0xf9, 0xdb, 0xfc, 0xe5, 0xe6, 0xe6, 0x0f, 0x87, 0x5c, 0x3f,
  0x87, 0xad, 0xfc, 0x59, 0xaa, 0x4d, 0x9a, 0x6b, 0x23, 0xc0, 0x84, 0x68, 0xc1, 0x19, 0xa2, 0xef,
  0x10, 0xee, 0x20, 0x7f, 0x94, 0x36, 0xb4, 0xf0, 0x6c, 0xc9, 0x0b, 0x42, 0x2e, 0xfe, 0x8b, 0x51,
  0xa5, 0x49, 0x1c, 0xbf, 0x41, 0xa7, 0x5c, 0x8b, 0xfd, 0xa1, 0xe6, 0x66, 0x23, 0x55, 0x1a, 0x67,
  0x25, 0x52, 0x15, 0x96, 0xbc, 0x96, 0xd5, 0x3e, 0x1d, 0x7c, 0x30, 0x90, 0x77, 0xc5, 0x16, 0x2c,
  0xfb, 0xdb, 0xc3, 0x20, 0x18, 0xfc, 0x45, 0x56, 0x15, 0x7b, 0xe0, 0xaa, 0x1d, 0x04, 0x2d, 0x3e,
  0xc3, 0x16, 0x8c, 0x2c, 0xb3, 0x9c, 0x17, 0x8f, 0x1b, 0xa3, 0x3b, 0x25, 0x52, 0xc3, 0x05, 0x51,
  0xb9, 0xa1, 0x5f, 0x8c, 0x60, 0x5c, 0x48, 0x53, 0x54, 0xc0, 0xb8, 0x65, 0x56, 0x37, 0xac, 0x82,
  0xd2, 0x06, 0xc3, 0xd9, 0x7c, 0x5e, 0xdc, 0xbd, 0x63, 0x71, 0x30, 0x8c, 0x97, 0x44, 0x16, 0x9b,
  0xcf, 0xde, 0x4c, 0x02, 0x62, 0x80, 0x9b, 0xf3, 0xca, 0x64, 0x7e, 0x27, 0x60, 0xd3, 0xfb, 0x04,
  0xc3, 0xe4, 0xee, 0x36, 0xbe, 0x2d, 0xd8, 0xdd, 0xf2, 0x0d, 0xee, 0x90, 0xcc, 0x93, 0x79, 0x31,
  0xc9, 0x0a, 0x5d, 0x69, 0x93, 0x3e, 0x71, 0x33, 0x76, 0xfc, 0x4e, 0x32, 0xfd, 0x04, 0xa6, 0xac,
  0xf4, 0x2e, 0x7c, 0x4e, 0xb7, 0x52, 0x08, 0x50, 0x14, 0x5d, 0x67, 0xad, 0x56, 0xa8, 0x72, 0xd3,
  0xd9, 0xa0, 0x85, 0x0a, 0x0a, 0x1b, 0x10, 0x13, 0xdc, 0x00, 0x3f, 0x50, 0xb0, 0xa9, 0x54, 0x5b,
  0x8c, 0xc3, 0xa2, 0x2f, 0x8f, 0x72, 0xab, 0x0e, 0x42, 0xb6, 0x4d, 0xc5, 0xf7, 0x68, 0x27, 0x50,
  0x61, 0x59, 0xc1, 0x73, 0xc6, 0x2b, 0xb9, 0x51, 0xa1, 0xb4, 0x50, 0xb7, 0x29, 0x69, 0x03, 0x26,
  0x23, 0x0a, 0x65, 0xb9, 0x0f, 0x8f, 0xb9, 0xd5, 0x9b, 0x1d, 0xcb, 0x02, 0x0a, 0x6d, 0xb8, 0x95,
  0x5a, 0xa5, 0x4a, 0x2b, 0xc0, 0xad, 0xa3, 0x9d, 0xe1, 0x0d, 0xb2, 0xfc, 0xec, 0xb3, 0x2e, 0x7d,
  0xbb, 0x88, 0x9b, 0xe7, 0xac, 0x67, 0x9d, 0xf1, 0xce, 0xea, 0xac, 0xe1, 0x42, 0x90, 0x84, 0xb3,
  0x59, 0xe3, 0xc4, 0x4b, 0x4e, 0xaa, 0xb0, 0x98, 0x2d, 0xd1, 0xdd, 0x69, 0x43, 0x0a, 0xa6, 0x45,
  0xc5, 0xeb, 0x66, 0x3c, 0x43, 0x63, 0x30, 0x7f, 0xda, 0x05, 0x73, 0xdc, 0x6c, 0xe2, 0x8f, 0xb6,
  0x06, 0x95, 0x29, 0xb5, 0xa9, 0xd3, 0xae, 0x69, 0xc0, 0x14, 0xbc, 0x85, 0xac, 0x02, 0x8b, 0xd0,
  0xc2, 0xb6, 0xe1, 0x05, 0xed, 0x1f, 0xc5, 0x4b, 0xa8, 0x09, 0x53, 0xdb, 0xe5, 0x87, 0x4b, 0x12,
  0x5d, 0x5a, 0x4e, 0x8e, 0xa8, 0x30, 0x85, 0x90, 0xb9, 0x3a, 0x4d, 0xe8, 0xe4, 0x13, 0xb3, 0x14,
  0x46, 0xca, 0xd5, 0x7e, 0x87, 0x9c, 0x41, 0xb6, 0xc3, 0x64, 0x0b, 0x73, 0x64, 0xf2, 0x31, 0x75,
  0xcf, 0x90, 0x0c, 0xb4, 0xb3, 0x4b, 0xff, 0xc3, 0x45, 0x66, 0xbc, 0xd2, 0x77, 0x19, 0x93, 0xbe,
  0x66, 0x93, 0xf3, 0xf1, 0xec, 0xee, 0x2e, 0xe8, 0xff, 0xa2, 0x78, 0x3e, 0xf9, 0x9c, 0x35, 0x99,
  0x4c, 0x32, 0x9f, 0xda, 0x69, 0xd2, 0x3c, 0xb3, 0x56, 0x57, 0x52, 0xb0, 0xcf, 0xf8, 0x2d, 0x7b,
  0xb7, 0x90, 0x4e, 0xea, 0x5a, 0x0f, 0xbf, 0x67, 0x36, 0x59, 0xe0, 0x5a, 0xff, 0x58, 0x9e, 0xe8,
  0x3f, 0x05, 0xba, 0x70, 0xb4, 0x47, 0xa5, 0x84, 0x4a, 0x9c, 0xb2, 0x60, 0x63, 0xa4, 0xc8, 0x36,
  0x18, 0xf4, 0xf2, 0x62, 0x96, 0xb9, 0x74, 0x3a, 0x78, 0x29, 0xa9, 0x8c, 0xce, 0x27, 0xa0, 0x76,
  0x9f, 0x22, 0x70, 0xa6, 0x33, 0x15, 0x94, 0xd3, 0x8b, 0x44, 0xbc, 0x4e, 0xdf, 0x57, 0xf1, 0xf9,
  0x39, 0xa2, 0x0e, 0x45, 0x41, 0xa0, 0x5b, 0x90, 0x9b, 0xad, 0x4d, 0xe7, 0x73, 0x0f, 0x85, 0x17,
  0x94, 0x61, 0xed, 0x09, 0xaa, 0xcb, 0x54, 0x7a, 0x78, 0x95, 0xe8, 0xe1, 0x90, 0x27, 0xe7, 0x54,
  0x0b, 0xb1, 0x0e, 0xd3, 0xe4, 0xb8, 0x9e, 0x92, 0xfd, 0x84, 0x3b, 0x39, 0x32, 0xd3, 0xa3, 0xa0,
  0xbc, 0xfd, 0x1f, 0x81, 0xbc, 0xd2, 0xf4, 0xd6, 0xd5, 0xac, 0x47, 0xed, 0x7b, 0xd8, 0x24, 0xc0,
  0x36, 0x95, 0xcf, 0x16, 0x8b, 0xbe, 0x5a, 0x87, 0xb3, 0x38, 0xb9, 0x8b, 0x73, 0x9f, 0xca, 0x3b,
  0x1f, 0xcf, 0xdb, 0x38, 0xce, 0x8a, 0xce, 0xb4, 0x38, 0xdd, 0x68, 0xf9, 0x9b, 0x55, 0xf4, 0x29,
  0x05, 0x99, 0xd5, 0xd8, 0x9b, 0x42, 0xcf, 0x42, 0x5a, 0x73, 0x25, 0x9b, 0xae, 0x72, 0xee, 0xc7,
  0xe0, 0xa2, 0xcd, 0x56, 0xb7, 0xf6, 0x70, 0x45, 0x7d, 0x9e, 0xf0, 0x59, 0xf2, 0x65, 0xd4, 0xbb,
  0x4a, 0xb1, 0xdc, 0x76, 0xed, 0xe1, 0x5c, 0x80, 0xc4, 0xe1, 0x95, 0xe8, 0xcc, 0x59, 0xfe, 0x3f,
  0xe5, 0x7f, 0x57, 0xe8, 0x2f, 0x2d, 0x35, 0xfd, 0x78, 0x55, 0xc3, 0xfa, 0xd1, 0x01, 0xf6, 0x1f,
  0x89, 0xab, 0x19, 0x6f, 0x72, 0xb3, 0xae, 0xd0, 0x3f, 0x53, 0xfa, 0x38, 0xf7, 0xc7, 0x1a, 0xb0,
  0x87, 0xb3, 0xf1, 0x45, 0xab, 0x9a, 0x51, 0x77, 0x39, 0xf8, 0x0e, 0x76, 0x0a, 0x99, 0x72, 0xe8,
  0x58, 0xe6, 0x97, 0xb6, 0x4f, 0x19, 0x20, 0x37, 0x6c, 0x64, 0x67, 0xe2, 0x66, 0xe4, 0xf4, 0xaa,
  0x21, 0xcd, 0xa1, 0xce, 0x5c, 0xb7, 0x3d, 0xea, 0x9b, 0x44, 0xc9, 0xdd, 0x8b, 0xeb, 0x4f, 0x9f,
  0x50, 0x7e, 0xed, 0x34, 0x47, 0xa7, 0xbe, 0x0a, 0x5c, 0xe2, 0x0b, 0x69, 0xc0, 0xe7, 0x03, 0x06,
  0xd7, 0xd5, 0xea, 0x34, 0xcd, 0x28, 0x21, 0x82, 0xd3, 0xc8, 0x77, 0xfa, 0x8b, 0xfa, 0xbd, 0xcc,
  0x2d, 0xea, 0x03, 0x57, 0x75, 0x7e, 0x81, 0x81, 0xe6, 0x90, 0xa5, 0xd5, 0xb4, 0xff, 0xfa, 0xaf,
  0xa6, 0xfd, 0x8d, 0x84, 0xbe, 0xa3, 0xf4, 0x2b, 0xe4, 0x13, 0xc3, 0xfe, 0xdc, 0xb6, 0x78, 0xdd,
  0x40, 0xca, 0xe8, 0x42, 0xc1, 0xd8, 0x6a, 0x9b, 0xdc, 0xe3, 0xf5, 0x81, 0xfd, 0xb3, 0xa9, 0x34,
  0x17, 0xb8, 0x28, 0xf1, 0xe6, 0x0b, 0x67, 0x8c, 0x76, 0x70, 0xff, 0xd0, 0xe5, 0xc0, 0x3a, 0xc5,
  0x4a, 0x69, 0xea, 0x1d, 0x7e, 0xa3, 0xd8, 0xc7, 0x28, 0x97, 0xea, 0x23, 0xd3, 0xfe, 0x25, 0xda,
  0xfc, 0xfc, 0x91, 0x09, 0x68, 0x05, 0x30, 0xa8, 0xf0, 0x9a, 0xf3, 0x04, 0x1b, 0x2e, 0xb4, 0x89,
  0xd8, 0x7b, 0xcc, 0x50, 0x66, 0x3a, 0x7c, 0x00, 0xbd, 0x35, 0x46, 0x5b, 0xd8, 0x48, 0x81, 0x6f,
  0xda, 0xd0, 0xd7, 0x05, 0x6b, 0x51, 0x16, 0xc8, 0xb6, 0x56, 0x8c, 0x0b, 0x0c, 0x36, 0x5a, 0x4d,
  0xf1, 0xe8, 0x57, 0x18, 0x9c, 0xa0, 0x1e, 0xf1, 0xf5, 0x84, 0xa3, 0xa3, 0x9f, 0xc0, 0xa9, 0x8a,
  0xe7, 0x08, 0x00, 0xbf, 0x33, 0x34, 0xe5, 0xa1, 0x0e, 0xee, 0xbf, 0xeb, 0x41, 0x97, 0xb2, 0x82,
  0xd5, 0xd4, 0xf9, 0x9c, 0x97, 0x38, 0x2e, 0x99, 0x14, 0x17, 0x2b, 0x18, 0x5d, 0xf6, 0x68, 0x5c,
  0xe1, 0x3b, 0x75, 0x8c, 0x06, 0xef, 0x68, 0x14, 0x67, 0x80, 0x81, 0x06, 0xc7, 0x80, 0x03, 0xde,
  0x34, 0x15, 0x82, 0x27, 0xe5, 0xa6, 0x78, 0x3f, 0x04, 0xd4, 0xc2, 0x62, 0x09, 0xd4, 0x27, 0x9c,
  0xa7, 0x50, 0xae, 0x31, 0x1f, 0xc5, 0xbe, 0x40, 0xed, 0x2f, 0x03, 0xfd, 0x3c, 0xa6, 0xc0, 0xc0,
  0xe1, 0xe9, 0x9c, 0x28, 0x83, 0x7b, 0x2f, 0x0e, 0xeb, 0xc3, 0x58, 0x4d, 0xbd, 0xff, 0x79, 0x3d,
  0xbf, 0x58, 0xca, 0x5c, 0x77, 0x19, 0xb0, 0xad, 0x81, 0x72, 0x3d, 0x98, 0x22, 0xc8, 0xc1, 0xfd,
  0xb7, 0x58, 0xeb, 0x78, 0xd5, 0x61, 0xdf, 0x34, 0xcd, 0x6a, 0xca, 0x5f, 0xc1, 0xfb, 0x42, 0xce,
  0x7d, 0xd3, 0x61, 0xae, 0x34, 0x3d, 0x50, 0x6f, 0xc1, 0x2c, 0x71, 0xf7, 0x18, 0xc6, 0xcf, 0x69,
  0x42, 0x14, 0x46, 0xaf, 0x4f, 0x3a, 0xfd, 0xb6, 0x85, 0x91, 0x8d, 0xc5, 0xb7, 0xb2, 0x53, 0x8e,
  0x16, 0xcc, 0x9f, 0xb1, 0x14, 0x93, 0x83, 0x01, 0xdb, 0x19, 0xc5, 0xf0, 0xe2, 0xdd, 0xd5, 0x98,
  0x24, 0xd1, 0x06, 0xec, 0xfb, 0x0a, 0xe8, 0xf5, 0xdb, 0xfd, 0xf7, 0x82, 0x5c, 0x5e, 0x2e, 0x16,
  0xe1, 0x65, 0xfb, 0xc1, 0x61, 0x18, 0x53, 0x87, 0x0e, 0x1e, 0xa5, 0x12, 0xeb, 0x91, 0x03, 0x38,
  0x9a, 0x60, 0x3f, 0x51, 0xad, 0x65, 0x4a, 0x0b, 0x58, 0xe3, 0xe6, 0x23, 0x0f, 0x76, 0x34, 0xc9,
  0xc8, 0x12, 0x91, 0xff, 0x9f, 0x8e, 0xd7, 0x70, 0x7a, 0xf7, 0x56, 0x17, 0xe9, 0xdf, 0xe9, 0xb6,
  0x7e, 0x74, 0x67, 0xa3, 0xaf, 0x69, 0x53, 0xba, 0x8c, 0xb5, 0x7b, 0x55, 0xb0, 0xd3, 0xc9, 0x5e,
  0xa3, 0x5e, 0x9a, 0x71, 0x7f, 0x1a, 0xc5, 0xed, 0x4e, 0xeb, 0x99, 0x18, 0x4d, 0x22, 0xb2, 0xb5,
  0xff, 0x8e, 0xff, 0x93, 0xc9, 0x72, 0xfc, 0x15, 0x0d, 0x26, 0x87, 0x33, 0xee, 0xd1, 0x89, 0x3b,
  0x4a, 0x2f, 0xb7, 0x9e, 0x58, 0x6c, 0x6d, 0x34, 0x0a, 0x46, 0xbe, 0x45, 0x22, 0x64, 0xcf, 0xca,
  0x8b, 0x3f, 0x43, 0x70, 0xcb, 0xd7, 0x0a, 0x76, 0xec, 0x3b, 0xbc, 0x56, 0xfd, 0x19, 0x07, 0xe3,
  0x49, 0x46, 0xb6, 0x08, 0x35, 0x07, 0x25, 0x2e, 0xce, 0x0e, 0xdc, 0x69, 0xd9, 0xc5, 0x69, 0x3e,
  0xa5, 0xb0, 0xc9, 0x9d, 0xa4, 0x8a, 0xa2, 0x08, 0xd9, 0x46, 0x9a, 0x2c, 0xea, 0xac, 0x5b, 0x60,
  0x76, 0x2b, 0x5b, 0xd6, 0xf0, 0x0d, 0x10, 0x82, 0x23, 0x97, 0x99, 0x35, 0xfb, 0x63, 0x84, 0x06,
  0xda, 0x35, 0xdf, 0x71, 0x89, 0xb1, 0x82, 0x2d, 0xb6, 0xe3, 0x11, 0xa6, 0x9a, 0x9c, 0x3e, 0x25,
  0x53, 0x6d, 0xf9, 0x28, 0x38, 0xe0, 0xff, 0x3b, 0x5b, 0x2d, 0xd2, 0xd1, 0x3f, 0x7e, 0x7c, 0xf8,
  0x30, 0x0a, 0xa8, 0x07, 0xa5, 0x84, 0x2d, 0xc0, 0x62, 0xdf, 0x42, 0x3a, 0x52, 0x1a, 0x8b, 0x45,
  0x23, 0xb4, 0x17, 0xfa, 0x02, 0xd3, 0x7e, 0x44, 0xfe, 0x71, 0x43, 0xdc, 0xda, 0xe9, 0x82, 0xf1,
  0x10, 0x55, 0x34, 0xc4, 0xcf, 0x87, 0xdd, 0x1a, 0xbd, 0x63, 0x14, 0xef, 0x7b, 0x63, 0xb4, 0x71,
  0x4a, 0xff, 0xf2, 0x0b, 0x4d, 0x7a, 0x89, 0x3e, 0xe0, 0xf8, 0x32, 0x46, 0x3f, 0x3f, 0xa2, 0xee,
  0xe6, 0x45, 0x02, 0x11, 0xb1, 0x9f, 0x20, 0xc7, 0xff, 0x8a, 0x58, 0x8b, 0x20, 0x44, 0x57, 0xa1,
  0x05, 0x63, 0xd3, 0x8f, 0xa3, 0xc9, 0x0b, 0xd6, 0x31, 0x06, 0x01, 0xb4, 0xf3, 0x95, 0x2c, 0xb4,
  0xdc, 0x59, 0x53, 0x4c, 0x01, 0xf7, 0x12, 0xd5, 0xd0, 0xb6, 0x48, 0xcb, 0x59, 0x16, 0xea, 0xbc,
  0xa4, 0xb5, 0x3f, 0x06, 0x95, 0xd6, 0xaa, 0xc0, 0xce, 0xf0, 0xb8, 0xbe, 0x4e, 0x8e, 0xcc, 0xf5,
  0xe7, 0x3e, 0xe1, 0xb1, 0x8a, 0x8f, 0x8d, 0x79, 0x7a, 0xfc, 0xaf, 0xf2, 0x57, 0x1d, 0x3f, 0x8c,
  0xb3, 0x69, 0x0e, 0x00, 0x00,

};
static constexpr size_t OTA_HTML_GZ_LEN = sizeof(OTA_HTML_GZ);


const uint8_t SETUP_HTML_GZ[] PROGMEM =
{
  0x1f, 0x8b, 0x08, 0x00, 0x00, 0x00, 0x00, 0x00, 0x02, 0xff, 0xad, 0x5a, 0xff, 0x77, 0x9b, 0x38,
  0x12, 0xff, 0xbd, 0x7f, 0x85, 0xea, 0xec, 0x2e, 0xe6, 0x0e, 0xb0, 0x71, 0x9d, 0xd4, 0x85, 0xe0,
  0x5e, 0x76, 0xdb, 0xdd, 0xf6, 0x6e, 0xdb, 0xe6, 0x9d, 0x73, 0x77, 0x3f, 0xec, 0xdb, 0xf7, 0x22,
  0x83, 0xb0, 0xb5, 0xc1, 0xc0, 0x82, 0x88, 0xe3, 0x73, 0xfc, 0xbf, 0xdf, 0x8c, 0x04, 0x18, 0xdb,
  0x38, 0x5f, 0xae, 0x7d, 0x7d, 0xb5, 0x41, 0x1a, 0xcd, 0x8c, 0x66, 0x46, 0x1f, 0x7d, 0x24, 0xe7,
  0xc5, 0x8b, 0xf3, 0x97, 0x41, 0xe2, 0x8b, 0x55, 0xca, 0xc8, 0x5c, 0x2c, 0xa2, 0xf1, 0x8b, 0x17,
  0xe7, 0xf8, 0x4d, 0x22, 0x1a, 0xcf, 0xbc, 0x0e, 0x8b, 0x3b, 0xb2, 0x85, 0xd1, 0x00, 0xbf, 0x17,
  0x4c, 0x50, 0xe2, 0xcf, 0x69, 0x96, 0x33, 0xe1, 0x75, 0x0a, 0x11, 0x9a, 0xa3, 0x4e, 0xdd, 0x1e,
  0xd3, 0x05, 0xf3, 0x3a, 0xb7, 0x9c, 0x2d, 0xd3, 0x24, 0x13, 0x1d, 0xe2, 0x27, 0xb1, 0x60, 0x31,
  0xc8, 0x2d, 0x79, 0x20, 0xe6, 0x5e, 0xc0, 0x6e, 0xb9, 0xcf, 0x4c, 0xf9, 0x62, 0xf0, 0x98, 0x0b,
  0x4e, 0x23, 0x33, 0xf7, 0x69, 0xc4, 0x3c, 0x5b, 0x2a, 0x11, 0x5c, 0x44, 0x6c, 0xfc, 0xeb, 0x07,
  0xf2, 0x31, 0x0e, 0x8a, 0x5c, 0x64, 0xd0, 0x4f, 0xfe, 0x7d, 0x46, 0x26, 0x4c, 0x14, 0xe9, 0x79,
  0x4f, 0xf5, 0x82, 0x58, 0x2e, 0x56, 0xf2, 0xc1, 0xc9, 0x92, 0x44, 0xac, 0x4d, 0x73, 0x3a, 0x73,
  0x4e, 0xfa, 0x6f, 0xec, 0x57, 0x36, 0x75, 0x4d, 0x33, 0xa5, 0x31, 0x8b, 0x9c, 0x13, 0xbb, 0x3f,
  0x38, 0x7b, 0xd5, 0x87, 0x77, 0x1e, 0xdf, 0x38, 0x27, 0x8c, 0x85, 0xc3, 0xf0, 0x0c, 0xde, 0x16,
  0x85, 0x60, 0x81, 0x73, 0xf2, 0xc6, 0xa6, 0x74, 0x3a, 0x84, 0xf7, 0x88, 0xc7, 0xcc, 0x39, 0x19,
  0x04, 0xa7, 0xa3, 0xb3, 0x11, 0xbc, 0x52, 0xdf, 0x07, 0x7f, 0x9d, 0x93, 0x30, 0x7c, 0xf3, 0x6a,
  0x88, 0xa3, 0x13, 0x18, 0x3c, 0xf2, 0x59, 0x7f, 0x14, 0xc2, 0x4b, 0x00, 0x01, 0x61, 0x19, 0xf6,
  0xbe, 0x9e, 0xbe, 0x9e, 0x6e, 0x5e, 0xbc, 0xf8, 0xcb, 0x7a, 0x9a, 0xdc, 0x99, 0x39, 0xff, 0x2f,
  0x8f, 0x67, 0xce, 0x34, 0xc9, 0x02, 0x96, 0x99, 0xd0, 0x02, 0x3d, 0x18, 0xc0, 0xb5, 0xb9, 0x64,
  0xd3, 0x1b, 0x2e, 0x4c, 0xc1, 0xee, 0x04, 0x4a, 0x31, 0x93, 0x06, 0x7f, 0xc0, 0xbc, 0x1c, 0xbb,
  0xdf, 0xff, 0x1e, 0x84, 0xa6, 0x49, 0xb0, 0x5a, 0x2f, 0x68, 0x36, 0xe3, 0xb1, 0xd3, 0x77, 0x43,
  0x08, 0x96, 0x19, 0xd2, 0x05, 0x8f, 0x56, 0x4e, 0xe7, 0x2a, 0x63, 0xd3, 0xc2, 0x9f, 0x33, 0x41,
  0x3e, 0x4d, 0x3a, 0x46, 0xe7, 0x17, 0x1e, 0x45, 0x64, 0x42, 0xe3, 0xbc, 0x63, 0xe4, 0xf0, 0x69,
  0xe6, 0x2c, 0xe3, 0xa1, 0x3b, 0xa5, 0xfe, 0xcd, 0x2c, 0x4b, 0x8a, 0x38, 0x70, 0x32, 0x1a, 0x60,
  0x30, 0x67, 0xf8, 0x0d, 0x33, 0xe8, 0xfa, 0x3c, 0xf3, 0x23, 0x46, 0xa8, 0x20, 0x22, 0x49, 0x49,
  0xc4, 0x42, 0x61, 0x9c, 0x0c, 0x86, 0x43, 0xff, 0xf4, 0x0d, 0xe9, 0x1b, 0x27, 0xfd, 0x11, 0x06,
  0x8b, 0x0c, 0x07, 0xdf, 0xeb, 0x06, 0x46, 0x80, 0x66, 0xdb, 0x91, 0xf6, 0xf0, 0x34, 0x60, 0xb3,
  0x4a, 0xc6, 0x38, 0xb1, 0x4f, 0x5f, 0xf5, 0x5f, 0xf9, 0xe4, 0x74, 0xf4, 0x3d, 0x68, 0xb0, 0x87,
  0xf6, 0xd0, 0xd7, 0x5d, 0x3f, 0x89, 0x92, 0xcc, 0xb9, 0xa5, 0x59, 0x57, 0xc6, 0x57, 0x77, 0x93,
  0x5b, 0x96, 0x85, 0x51, 0xb2, 0x34, 0xef, 0x9c, 0x39, 0x0f, 0x02, 0x16, 0xe3, 0xec, 0x0a, 0x21,
  0x92, 0x18, 0xf2, 0x9c, 0x16, 0xc2, 0xc8, 0x59, 0xc4, 0x7c, 0x61, 0x60, 0x24, 0x68, 0xc6, 0xe8,
  0x1a, 0x27, 0xeb, 0xf0, 0x78, 0x0e, 0xf3, 0x10, 0x20, 0x4b, 0xad, 0xa9, 0x88, 0xd7, 0x01, 0xcf,
  0xd3, 0x88, 0xae, 0xa0, 0x1d, 0x9d, 0x32, 0xc3, 0x88, 0xdd, 0xb9, 0x34, 0xe2, 0xb3, 0xd8, 0xe4,
  0x82, 0x2d, 0x72, 0x07, 0x73, 0xc3, 0x32, 0x17, 0x43, 0xc8, 0xc3, 0x95, 0x59, 0x56, 0x57, 0xd5,
  0x2c, 0xa3, 0x1c, 0x30, 0x3f, 0xc9, 0xa8, 0xe0, 0x49, 0xec, 0xc4, 0x49, 0xcc, 0x40, 0xb5, 0xb5,
  0xcc, 0x68, 0x0a, 0x51, 0xbe, 0x53, 0x75, 0xe7, 0x8c, 0x46, 0xfd, 0xf4, 0xce, 0xad, 0xa2, 0x4e,
  0x68, 0x21, 0x12, 0x37, 0xa5, 0x41, 0x80, 0x29, 0x1c, 0x0c, 0x52, 0x99, 0x3c, 0xbb, 0xce, 0x0a,
  0xe9, 0x93, 0x11, 0x88, 0xcb, 0xdc, 0x60, 0x06, 0x1d, 0x3f, 0xa2, 0x8b, 0xb4, 0x3b, 0x80, 0x46,
  0x63, 0x78, 0xbb, 0x34, 0x86, 0xa0, 0x4c, 0x57, 0xa6, 0x45, 0x06, 0x99, 0x09, 0x93, 0x6c, 0xe1,
  0x14, 0x69, 0xca, 0x32, 0x9f, 0xe6, 0xcc, 0x8d, 0x98, 0x00, 0xd7, 0xcc, 0x3c, 0xa5, 0x3e, 0xea,
  0xb7, 0xfa, 0x23, 0xb6, 0x40, 0x9f, 0xf2, 0x62, 0xba, 0x6e, 0x06, 0x51, 0x96, 0xa5, 0x5e, 0x7a,
  0x05, 0x25, 0x04, 0x91, 0x5b, 0x38, 0x36, 0x5a, 0xae, 0x23, 0x8b, 0xd3, 0x70, 0x68, 0xbc, 0x5a,
  0x42, 0xcc, 0x98, 0xbb, 0x84, 0x62, 0x33, 0xa7, 0x10, 0xc9, 0x1b, 0x47, 0x7e, 0x9a, 0xd8, 0x80,
  0x9a, 0x65, 0xf9, 0xaf, 0x1b, 0x95, 0x71, 0x90, 0xdf, 0x51, 0x1f, 0xf3, 0x9b, 0xcd, 0xa6, 0xb4,
  0x3b, 0x38, 0x3d, 0x35, 0xaa, 0xff, 0x56, 0x7f, 0xa8, 0xb7, 0xb5, 0xda, 0xba, 0xee, 0xaa, 0xd2,
  0x76, 0xec, 0xf4, 0x8e, 0xe4, 0x49, 0xc4, 0x03, 0xd2, 0x22, 0x37, 0xaa, 0xc4, 0x4c, 0xb4, 0x54,
  0xe4, 0xca, 0xfd, 0x2a, 0xb2, 0xf6, 0x19, 0x8c, 0x55, 0x1f, 0xa3, 0x3a, 0xfc, 0xf5, 0x44, 0xcf,
  0x64, 0xd8, 0xad, 0x59, 0xc6, 0x83, 0xba, 0x08, 0xf0, 0xc5, 0x9d, 0xc1, 0x9c, 0x6d, 0x48, 0x8a,
  0x8b, 0x6f, 0xb0, 0x8e, 0x16, 0xd0, 0x25, 0x18, 0x64, 0x3e, 0x2a, 0x16, 0x71, 0xee, 0x64, 0x2c,
  0x65, 0x54, 0x74, 0x31, 0x87, 0x66, 0xc8, 0x85, 0xb1, 0xe0, 0x31, 0x24, 0xba, 0x3b, 0x18, 0x40,
  0x56, 0x0c, 0x3b, 0xcc, 0x74, 0x1d, 0xd5, 0x86, 0x9c, 0x45, 0x2d, 0x7a, 0x4b, 0xa3, 0xb2, 0x17,
  0xb0, 0x6e, 0x0a, 0x61, 0xdb, 0xa6, 0x59, 0x1a, 0x6d, 0xc9, 0xd0, 0xb3, 0x33, 0xad, 0xd4, 0xab,
  0x45, 0x50, 0xbe, 0xa8, 0xb5, 0xb0, 0x56, 0xe5, 0x88, 0x50, 0xb0, 0x8d, 0x52, 0x1f, 0x03, 0x84,
  0xa6, 0xf7, 0x42, 0x29, 0x9b, 0xb6, 0x39, 0xc5, 0xc5, 0x79, 0x66, 0x07, 0x87, 0xeb, 0xf0, 0x20,
  0x51, 0xaa, 0x0f, 0x6b, 0x00, 0xaa, 0x0b, 0x22, 0x3e, 0x67, 0x7c, 0x36, 0x17, 0xce, 0x70, 0xd8,
  0x98, 0xbc, 0x05, 0x38, 0xe3, 0xdf, 0x00, 0x6e, 0xd5, 0x31, 0x3a, 0xb6, 0xf2, 0x64, 0x3a, 0xfa,
  0xcd, 0xb4, 0xee, 0x39, 0x7c, 0xc4, 0xf2, 0x93, 0x66, 0x73, 0xe8, 0x4f, 0x99, 0x95, 0x1a, 0x21,
  0xf7, 0xa7, 0x8b, 0x23, 0xa8, 0x8f, 0x8b, 0x3d, 0xdf, 0x75, 0x1d, 0x3f, 0xd4, 0x82, 0xc1, 0x8f,
  0xad, 0xdb, 0x65, 0xd9, 0x01, 0x24, 0x3a, 0x76, 0x19, 0x01, 0xc4, 0x9d, 0x7a, 0x36, 0x76, 0x59,
  0xa4, 0xd5, 0x6c, 0x10, 0x42, 0x1e, 0x71, 0xfe, 0x60, 0x79, 0xbd, 0x92, 0xf0, 0xa9, 0x9c, 0x54,
  0xdb, 0x89, 0x6e, 0xc0, 0x8e, 0x31, 0x1d, 0x9c, 0x9d, 0x55, 0xc0, 0x79, 0x32, 0xe8, 0xdb, 0xa7,
  0xfd, 0xa9, 0x42, 0x95, 0xa5, 0xca, 0xc8, 0xeb, 0x3e, 0xcc, 0xaf, 0xc8, 0x72, 0xe8, 0x4e, 0x13,
  0x7e, 0x14, 0xd0, 0xf6, 0x93, 0xe8, 0x8a, 0x04, 0xb6, 0x09, 0x53, 0x45, 0xc1, 0x59, 0xd0, 0x98,
  0xa7, 0x45, 0x24, 0xc5, 0xcb, 0xc9, 0x59, 0xb3, 0x79, 0x92, 0x8b, 0xf5, 0x4e, 0xb8, 0xa7, 0x36,
  0x1d, 0xd8, 0xcf, 0x2b, 0x1e, 0x09, 0x5a, 0x82, 0x8a, 0x22, 0x6f, 0x2e, 0x92, 0x61, 0xb3, 0x14,
  0x06, 0x18, 0xbc, 0xe1, 0x93, 0x6b, 0xf7, 0xc1, 0x82, 0x79, 0x2e, 0xea, 0x25, 0x37, 0x3b, 0x70,
  0x9a, 0xa8, 0xda, 0x50, 0xfb, 0xf5, 0x4e, 0x8f, 0x6a, 0x92, 0xbd, 0x72, 0x45, 0xb7, 0xa0, 0x30,
  0xf4, 0xfd, 0x6d, 0xc1, 0x60, 0x3b, 0x25, 0xdd, 0xed, 0xae, 0xf1, 0x1a, 0x21, 0x45, 0x5f, 0xab,
  0xcd, 0xa4, 0x9e, 0x32, 0xd6, 0x50, 0x89, 0xb8, 0xcd, 0xb6, 0xfd, 0x08, 0x48, 0x31, 0x09, 0x6e,
  0xed, 0x30, 0x06, 0x48, 0xb5, 0x81, 0x3d, 0x67, 0x1b, 0xd8, 0x01, 0x2a, 0x39, 0x40, 0x94, 0x21,
  0x5b, 0xb8, 0x72, 0x63, 0x2c, 0xf3, 0x6f, 0x5b, 0xf6, 0xe9, 0x46, 0x6e, 0x25, 0x7b, 0x29, 0xd9,
  0x15, 0x1a, 0x82, 0x50, 0xb5, 0x4a, 0xe4, 0xc2, 0x08, 0x78, 0xc6, 0x54, 0xbd, 0x28, 0x07, 0xea,
  0x6e, 0x82, 0x05, 0x63, 0xd4, 0x6f, 0x6a, 0x53, 0x6e, 0xc0, 0x54, 0xb3, 0xf6, 0x10, 0x3d, 0x1f,
  0x00, 0xb7, 0x86, 0x47, 0x28, 0x09, 0x31, 0x3d, 0xef, 0x55, 0xb4, 0xed, 0xbc, 0x57, 0x91, 0x49,
  0x24, 0x40, 0xf8, 0x1d, 0xf0, 0x5b, 0x02, 0x1b, 0x6b, 0x9e, 0x03, 0x53, 0x84, 0x00, 0x23, 0x17,
  0x24, 0xe4, 0x7c, 0x6e, 0x8f, 0x25, 0xf3, 0x23, 0x97, 0x40, 0x26, 0x69, 0x04, 0xc3, 0x6c, 0xd5,
  0xd1, 0x10, 0x87, 0xd9, 0x77, 0xc6, 0x9f, 0xa1, 0xe0, 0x6f, 0x19, 0x49, 0xb3, 0xe4, 0x96, 0xe7,
  0xe0, 0x3a, 0x84, 0x8b, 0x00, 0x3c, 0x03, 0x75, 0xb4, 0xc8, 0x4f, 0x49, 0x1c, 0xf2, 0x59, 0x91,
  0x31, 0x32, 0xb9, 0xba, 0x20, 0xff, 0xe1, 0x3f, 0x73, 0x83, 0x84, 0x34, 0x8a, 0xb0, 0x22, 0xc9,
  0xc5, 0x25, 0xa1, 0x71, 0x40, 0xbe, 0x40, 0xcf, 0x92, 0x8b, 0x79, 0x52, 0x08, 0x72, 0x01, 0x7b,
  0x09, 0x8c, 0x89, 0x61, 0x12, 0xd6, 0x79, 0x0f, 0x2c, 0x81, 0xc9, 0x7d, 0xa3, 0x32, 0xe3, 0xca,
  0xc9, 0xdd, 0x0e, 0x4c, 0x6f, 0xd5, 0xbe, 0xdb, 0x23, 0x83, 0xd3, 0x19, 0x9f, 0x4b, 0x44, 0x43,
  0xe7, 0xbc, 0x0e, 0xae, 0xcb, 0xcf, 0x40, 0x98, 0x3b, 0xe3, 0x0f, 0xf0, 0x44, 0xf0, 0xf1, 0xbc,
  0x27, 0xfb, 0xc7, 0xe7, 0x32, 0xa4, 0x84, 0x07, 0x4d, 0xa9, 0xca, 0x9b, 0x27, 0x29, 0xa7, 0x01,
  0x24, 0xeb, 0x5f, 0x40, 0x13, 0x3b, 0xe3, 0x0b, 0x7c, 0x24, 0xf8, 0xdc, 0xa2, 0xbe, 0x21, 0xf7,
  0x7c, 0xfd, 0x97, 0xd0, 0x5b, 0xe9, 0xc7, 0x67, 0x5c, 0x8d, 0xc7, 0x6c, 0x48, 0x59, 0x82, 0x87,
  0x0c, 0x8c, 0x9f, 0x92, 0x7d, 0xa6, 0xcd, 0x25, 0x0f, 0xf9, 0x24, 0xc7, 0x08, 0x63, 0x1a, 0xc9,
  0x64, 0xf2, 0xf1, 0x5d, 0x8b, 0xb5, 0xad, 0xd4, 0xb3, 0x95, 0xab, 0xf9, 0x48, 0xe5, 0x0f, 0x4c,
  0xa7, 0x96, 0xfc, 0xfa, 0xd9, 0x40, 0xe0, 0xdf, 0xcd, 0x7d, 0xa8, 0x77, 0xac, 0xcd, 0x8f, 0x97,
  0xe4, 0x53, 0x12, 0x6c, 0x6b, 0x40, 0xad, 0xa4, 0xda, 0x64, 0x2d, 0x7b, 0x9e, 0xa4, 0xb8, 0x3e,
  0x01, 0x2f, 0xa3, 0x02, 0xcc, 0xc3, 0xc9, 0xe9, 0xdd, 0x87, 0x9f, 0x2e, 0xcf, 0x7b, 0xaa, 0x79,
  0xbf, 0xbb, 0x0f, 0xca, 0x01, 0xb7, 0xb9, 0x0f, 0xfa, 0xb7, 0x32, 0x3d, 0xa5, 0xfc, 0x51, 0x8f,
  0x49, 0x40, 0x05, 0x35, 0x73, 0xa9, 0xc0, 0x94, 0x4d, 0x87, 0x19, 0x91, 0x9d, 0x1f, 0xd3, 0x86,
  0x9d, 0xdb, 0xe1, 0xb1, 0xbc, 0x54, 0xb2, 0x04, 0x00, 0xd0, 0x67, 0xf3, 0x24, 0x02, 0x98, 0x84,
  0x29, 0xbc, 0x19, 0x58, 0xf6, 0xd9, 0xc8, 0x1a, 0xf4, 0x2d, 0x7b, 0xd0, 0xef, 0x7c, 0x13, 0xaf,
  0x8a, 0x69, 0xcc, 0xc4, 0x27, 0x9a, 0xdf, 0x80, 0x5f, 0xf2, 0x99, 0xe0, 0xcb, 0x31, 0xbf, 0xb6,
  0xd2, 0xbb, 0x9e, 0x01, 0xb5, 0xb5, 0xaa, 0xff, 0xdf, 0xc6, 0xb1, 0x5f, 0x00, 0xf8, 0x97, 0x74,
  0xd5, 0x19, 0x97, 0x0f, 0x47, 0x3c, 0xaa, 0xc4, 0x8e, 0x07, 0xea, 0x9b, 0x78, 0xf3, 0x2e, 0xce,
  0x41, 0xd1, 0x65, 0xc6, 0x81, 0x19, 0xad, 0xc8, 0xbb, 0xcf, 0x93, 0x23, 0xee, 0x48, 0xb9, 0x5d,
  0x5f, 0x46, 0x96, 0xfc, 0xf7, 0xad, 0xdc, 0x18, 0x40, 0x9e, 0x80, 0xea, 0xc4, 0xc1, 0xa3, 0x8e,
  0x0c, 0x5a, 0x1c, 0x19, 0x5a, 0xc3, 0xe7, 0x02, 0x58, 0x7a, 0x59, 0xaf, 0xdb, 0x9f, 0x1b, 0xfb,
  0xc1, 0x43, 0x38, 0xb6, 0x1d, 0xf2, 0x75, 0x4b, 0x3f, 0x11, 0x74, 0x6b, 0x1c, 0x37, 0x9f, 0x07,
  0x8c, 0x36, 0x65, 0xbf, 0x1e, 0x70, 0xca, 0x9d, 0xed, 0x8a, 0x2f, 0x18, 0x6c, 0x76, 0x10, 0x70,
  0x05, 0x3d, 0x65, 0x33, 0x29, 0xdb, 0x49, 0x37, 0x67, 0xbe, 0x7e, 0x24, 0x03, 0x87, 0x2a, 0x4a,
  0xb7, 0xe2, 0x62, 0x31, 0x85, 0x7d, 0x84, 0x00, 0xd8, 0x7b, 0x9d, 0x53, 0xf8, 0xa6, 0x77, 0x50,
  0xb1, 0xa3, 0x7e, 0x87, 0xe4, 0x82, 0xa5, 0x12, 0xa8, 0x1e, 0xf1, 0x97, 0x54, 0xc4, 0xbf, 0xd3,
  0x34, 0x7a, 0xc3, 0x58, 0x7a, 0x91, 0xbe, 0x8f, 0xe9, 0x34, 0x62, 0x75, 0x0c, 0x1a, 0x92, 0x8d,
  0x29, 0xee, 0x8a, 0x8e, 0xff, 0x01, 0xaf, 0x98, 0x53, 0xa6, 0x1a, 0x08, 0x0d, 0x81, 0x50, 0x49,
  0x1e, 0xe0, 0xab, 0x49, 0xe4, 0xf5, 0x1c, 0xff, 0x1f, 0xc7, 0x94, 0xda, 0x2f, 0x82, 0x3e, 0xec,
  0xd4, 0x56, 0x6c, 0xac, 0x3c, 0x43, 0xbe, 0xd1, 0x66, 0x78, 0xe7, 0xb9, 0xe1, 0x42, 0xc9, 0xc7,
  0x1a, 0xc4, 0x42, 0x5d, 0xad, 0x54, 0xfd, 0xc0, 0xd2, 0x3a, 0xd2, 0xa1, 0x9c, 0xde, 0x02, 0x4f,
  0x98, 0xc0, 0x67, 0x95, 0x51, 0x7e, 0xcb, 0x05, 0x40, 0x8c, 0x92, 0x7f, 0x60, 0x3c, 0x91, 0xa7,
  0x84, 0x52, 0x8b, 0x4f, 0xe3, 0x6a, 0x46, 0x4a, 0x10, 0x74, 0x42, 0x9b, 0x24, 0x4f, 0x87, 0xba,
  0x68, 0x8b, 0x9a, 0x79, 0xc6, 0x42, 0xaf, 0xd3, 0xa3, 0x29, 0xec, 0x0a, 0x5f, 0x52, 0x16, 0x37,
  0xef, 0xf3, 0x2e, 0x52, 0xb8, 0xca, 0xa3, 0x07, 0x53, 0x7e, 0x36, 0xd7, 0x52, 0xa7, 0x91, 0xd2,
  0x65, 0xf5, 0x3c, 0xfe, 0x35, 0xa1, 0x48, 0xc2, 0x2d, 0xcb, 0xfa, 0x1a, 0xc5, 0x92, 0x52, 0xc2,
  0xa1, 0x6e, 0xba, 0x92, 0x53, 0x26, 0xb0, 0x35, 0xc0, 0x72, 0xbb, 0xc9, 0x8f, 0xe5, 0x47, 0x59,
  0x27, 0xf2, 0xf4, 0xb0, 0x0d, 0xa1, 0x99, 0xb1, 0xbc, 0x88, 0x04, 0x78, 0xf5, 0x39, 0x21, 0xd8,
  0x40, 0x56, 0x4c, 0xb4, 0xf8, 0x55, 0x7f, 0xe7, 0x7e, 0xc6, 0x53, 0x01, 0x4f, 0x61, 0x11, 0xcb,
  0x8c, 0x13, 0x16, 0x75, 0x79, 0xa0, 0xaf, 0x33, 0x20, 0xc1, 0x59, 0x4c, 0xe0, 0x8e, 0xb6, 0x58,
  0xc0, 0x71, 0xd2, 0x9a, 0x31, 0xf1, 0x3e, 0x62, 0xf8, 0xf8, 0xe3, 0xea, 0x63, 0x80, 0x22, 0x78,
  0x83, 0x96, 0xaf, 0x62, 0x9f, 0xd4, 0x43, 0xe1, 0x52, 0x35, 0xba, 0x48, 0x79, 0xb7, 0xc8, 0x22,
  0x43, 0x6d, 0xfa, 0xb9, 0xb7, 0xde, 0xe8, 0x70, 0xdc, 0x89, 0x81, 0x6b, 0x42, 0x0b, 0xbc, 0xfa,
  0x14, 0x0a, 0xd6, 0xd1, 0xe2, 0x04, 0xc0, 0x39, 0xc9, 0x98, 0x66, 0x40, 0xdc, 0x4a, 0xd9, 0x8d,
  0xcb, 0xc3, 0x2e, 0x4a, 0x59, 0x48, 0xd1, 0x7f, 0xf8, 0xe1, 0xa5, 0x7c, 0x46, 0xda, 0xce, 0xb2,
  0x5c, 0x5f, 0x37, 0xdf, 0xbc, 0xb5, 0xf6, 0x93, 0xba, 0x88, 0x33, 0xaf, 0xa0, 0x66, 0x34, 0x47,
  0x83, 0xb4, 0x47, 0xdc, 0x97, 0x87, 0xd0, 0xde, 0x1f, 0x79, 0x12, 0x6b, 0x9b, 0x8d, 0x32, 0x0b,
  0x11, 0xf1, 0xe8, 0x92, 0x72, 0x41, 0x42, 0x26, 0xfc, 0x79, 0xe5, 0x5c, 0xae, 0xa3, 0xb5, 0x97,
  0xd0, 0x0b, 0xe7, 0x38, 0x7d, 0x2d, 0xe6, 0x59, 0xb2, 0x84, 0xa0, 0x2f, 0xc9, 0xfb, 0x2c, 0x4b,
  0xb2, 0xae, 0x1a, 0x81, 0xbd, 0x78, 0x20, 0xee, 0xea, 0xf7, 0xf7, 0xf8, 0xac, 0x82, 0x7e, 0x05,
  0x2d, 0xfa, 0xa6, 0x0c, 0x10, 0x34, 0x6f, 0x1a, 0xd1, 0x83, 0x0b, 0xea, 0x89, 0x14, 0xea, 0xe2,
  0x38, 0xe3, 0x86, 0xc7, 0x81, 0xa7, 0xc9, 0x24, 0x69, 0x55, 0x1c, 0x62, 0xe0, 0x5b, 0x1e, 0x44,
  0x59, 0x53, 0xda, 0x34, 0xdd, 0xc5, 0x16, 0x69, 0xa7, 0x9c, 0x93, 0x87, 0xcf, 0xaa, 0x55, 0x66,
  0x1b, 0xa9, 0xb8, 0x57, 0x8a, 0x13, 0xed, 0xaf, 0xa8, 0x74, 0xdf, 0x26, 0xa4, 0xfa, 0x29, 0x16,
  0x1b, 0x25, 0x52, 0xd9, 0xe5, 0xb0, 0x66, 0xb3, 0x0f, 0x57, 0x9f, 0x7e, 0x7d, 0xa6, 0xd5, 0x22,
  0x85, 0x2d, 0x96, 0x7d, 0x4c, 0x91, 0x3e, 0x76, 0x2b, 0x4b, 0x01, 0x90, 0x45, 0x69, 0xa9, 0x41,
  0x1e, 0x35, 0xdd, 0x92, 0xb4, 0xf0, 0xa5, 0xe7, 0x69, 0x7d, 0xcd, 0xad, 0x2b, 0xea, 0xcf, 0x82,
  0x65, 0xab, 0x89, 0xa4, 0x84, 0x49, 0x76, 0x11, 0xc1, 0xa0, 0xdf, 0x0e, 0x36, 0xed, 0xdf, 0x61,
  0x30, 0xe0, 0xd9, 0x7b, 0x28, 0x9a, 0xae, 0x9c, 0xc5, 0x58, 0xfa, 0xa7, 0xae, 0x7b, 0x3d, 0xb4,
  0xa6, 0x37, 0x7d, 0x0a, 0xe1, 0xc6, 0xba, 0x8b, 0x4a, 0xf4, 0x35, 0x3a, 0x51, 0x1d, 0x63, 0x2a,
  0x0f, 0x3c, 0xec, 0xb2, 0xaa, 0xd6, 0xfb, 0x7b, 0x4d, 0x73, 0x51, 0xac, 0x3e, 0x8e, 0xec, 0xca,
  0xd5, 0xcd, 0xbb, 0x82, 0xb8, 0x31, 0xb6, 0x08, 0x62, 0x73, 0x2d, 0x58, 0x1d, 0x07, 0x76, 0xe5,
  0xaa, 0xd6, 0x1d, 0xb1, 0x43, 0x75, 0x55, 0xeb, 0x8e, 0xd8, 0x5e, 0x2c, 0xb7, 0x92, 0x65, 0x87,
  0xe7, 0x79, 0x70, 0xc0, 0xcc, 0xd9, 0x5b, 0x08, 0xb1, 0xa3, 0xd9, 0x0d, 0x37, 0x4a, 0xf6, 0xdb,
  0xe2, 0x4a, 0xd9, 0x03, 0x76, 0x76, 0xb9, 0x70, 0x63, 0x70, 0x4d, 0x51, 0x5b, 0x86, 0xd7, 0x7d,
  0xa0, 0x60, 0x87, 0xb2, 0x6e, 0xc7, 0x97, 0x84, 0xf2, 0x70, 0x70, 0xd9, 0xb1, 0x67, 0x7a, 0x3b,
  0x10, 0xa9, 0xdf, 0xe1, 0x28, 0x6c, 0x85, 0x21, 0x25, 0x09, 0xdc, 0x91, 0x1e, 0xb4, 0x4a, 0x0f,
  0x4a, 0x69, 0x60, 0x6a, 0x65, 0x06, 0x6b, 0x36, 0xb5, 0x97, 0xc2, 0xba, 0xbd, 0x8e, 0x7a, 0x83,
  0x03, 0xed, 0xca, 0x36, 0x3a, 0x76, 0x52, 0x74, 0xc0, 0x51, 0x0e, 0x5d, 0x3a, 0x10, 0xb9, 0xbf,
  0x3f, 0x3b, 0x95, 0x0a, 0x76, 0x48, 0x04, 0x0c, 0x94, 0xbb, 0x3a, 0x0b, 0xbc, 0x1f, 0x93, 0x24,
  0x62, 0xb0, 0xb6, 0xa5, 0x8a, 0x1d, 0x21, 0x5d, 0x8e, 0xab, 0xf7, 0xf9, 0x63, 0x63, 0x6a, 0x01,
  0xdd, 0xdd, 0x5d, 0xb1, 0xae, 0x5a, 0xb1, 0x0b, 0x5c, 0x55, 0x47, 0xab, 0xe9, 0xba, 0x3c, 0x5e,
  0x7d, 0xb7, 0x7e, 0x42, 0xd9, 0x6c, 0xae, 0x1d, 0x0d, 0x4f, 0x85, 0x5a, 0xa9, 0x1a, 0x17, 0x32,
  0xf3, 0x7e, 0xdb, 0x9f, 0x3d, 0x0b, 0x40, 0xed, 0x96, 0x0e, 0x01, 0x45, 0x12, 0x49, 0x65, 0xa0,
  0x6e, 0x2b, 0xd7, 0x09, 0x6e, 0x85, 0x52, 0x2f, 0x0e, 0x48, 0xc2, 0x10, 0x2f, 0x99, 0x34, 0xa3,
  0x4c, 0x19, 0xce, 0xe3, 0x02, 0xe9, 0x06, 0xf8, 0x89, 0x97, 0x2a, 0xf2, 0xd1, 0xa9, 0x54, 0xd1,
  0xb4, 0xd4, 0x91, 0xe3, 0x75, 0x8e, 0x54, 0x02, 0x42, 0x3c, 0x56, 0x62, 0xa5, 0x12, 0x9e, 0x5e,
  0x04, 0x01, 0x00, 0x62, 0xfe, 0xf6, 0x1a, 0x4e, 0xc2, 0xe5, 0xc8, 0xba, 0x11, 0xc7, 0x40, 0x73,
  0x11, 0xd3, 0x5b, 0xca, 0x23, 0x8c, 0xa3, 0x66, 0x5c, 0xa3, 0x55, 0x90, 0xc4, 0xb8, 0x6d, 0xae,
  0x7f, 0x77, 0xb7, 0x80, 0x2f, 0xa7, 0x6b, 0xfd, 0x01, 0xf7, 0xa8, 0x5d, 0x8d, 0xdc, 0x13, 0x4d,
  0x37, 0x5a, 0x66, 0xae, 0x25, 0x37, 0xb0, 0x3e, 0x4b, 0x78, 0x3e, 0xdc, 0x41, 0x23, 0xe0, 0x12,
  0x5b, 0x30, 0x85, 0xe1, 0xe5, 0xd6, 0x55, 0xee, 0x47, 0xd5, 0x06, 0xab, 0x01, 0xcb, 0xe1, 0xbd,
  0x5b, 0xbb, 0x57, 0xb2, 0x04, 0x4d, 0xd7, 0x2d, 0xdc, 0xf4, 0x20, 0xab, 0x5b, 0x08, 0x3c, 0xd4,
  0x8e, 0x54, 0x0d, 0xb4, 0x8b, 0x6c, 0x55, 0x5a, 0x48, 0xe9, 0x0a, 0x2d, 0x7a, 0xeb, 0x0a, 0x13,
  0x9d, 0x36, 0xd8, 0x34, 0x6a, 0x24, 0x74, 0x5a, 0xe1, 0xd2, 0xa8, 0x01, 0xd0, 0x69, 0x45, 0x49,
  0xa3, 0x02, 0x3e, 0xa7, 0x0d, 0x1b, 0x8d, 0x0a, 0xef, 0x9c, 0x36, 0x48, 0x34, 0x1a, 0x55, 0xe9,
  0x3c, 0xb8, 0xb1, 0x18, 0xcd, 0xe2, 0x74, 0x8e, 0xc1, 0x9f, 0x05, 0x7c, 0x70, 0xd1, 0xd5, 0x8d,
  0x5d, 0x04, 0x73, 0x8e, 0x03, 0x5e, 0x73, 0x40, 0x89, 0x5a, 0xce, 0x11, 0x78, 0x6b, 0x8a, 0x22,
  0x54, 0x39, 0x6d, 0x68, 0xb6, 0x27, 0x34, 0x70, 0xda, 0x40, 0xac, 0x12, 0xda, 0xc2, 0x92, 0xd3,
  0x8e, 0x5e, 0x46, 0x03, 0x8c, 0x9c, 0x23, 0xa8, 0x65, 0xb4, 0x22, 0x8f, 0xf3, 0x59, 0x9e, 0x9c,
  0xba, 0x8f, 0xa2, 0x17, 0x42, 0x94, 0x6e, 0xec, 0x40, 0x8f, 0xf3, 0x00, 0x62, 0x19, 0x35, 0xe0,
  0x38, 0x47, 0xf0, 0x69, 0xe3, 0x3e, 0x52, 0xcc, 0xc6, 0x1a, 0x7e, 0xd7, 0x9f, 0x27, 0x81, 0xa3,
  0x5d, 0x7e, 0x99, 0x5c, 0x69, 0x06, 0xb2, 0x41, 0xe7, 0xef, 0x93, 0x2f, 0x9f, 0x2d, 0x64, 0xf3,
  0xf1, 0x0c, 0x7e, 0x86, 0xed, 0x96, 0x95, 0xab, 0x1b, 0x25, 0x21, 0x74, 0x9e, 0x42, 0x08, 0xf5,
  0xc6, 0x6a, 0xd5, 0x9a, 0x87, 0x15, 0xb9, 0x32, 0x02, 0xab, 0xba, 0x9a, 0x45, 0xb0, 0x81, 0x1f,
  0x8c, 0x81, 0xdb, 0xa1, 0x0d, 0x00, 0xa8, 0xea, 0x9e, 0x16, 0xa8, 0x88, 0x0f, 0xaf, 0xf0, 0x33,
  0x39, 0xfc, 0x0d, 0x80, 0xa5, 0x19, 0x04, 0x97, 0xb3, 0xd4, 0x5a, 0xc6, 0xad, 0x8b, 0x03, 0x0c,
  0x00, 0xc3, 0xbe, 0xbe, 0x01, 0xdb, 0xc0, 0x5a, 0x18, 0xd2, 0x49, 0x7d, 0xdd, 0x30, 0x2c, 0x8f,
  0x4a, 0xb2, 0xd9, 0x01, 0x5a, 0x25, 0x1f, 0xac, 0x05, 0xa0, 0x0d, 0x9d, 0x31, 0x43, 0x53, 0x3f,
  0x15, 0x00, 0x34, 0xb4, 0xac, 0x5e, 0x20, 0x6f, 0xff, 0x81, 0x4c, 0x95, 0x2b, 0xb8, 0x62, 0x7d,
  0x1a, 0x7e, 0xca, 0xdb, 0xe7, 0x58, 0x1d, 0x1f, 0xaa, 0x93, 0x03, 0x10, 0x6b, 0xcd, 0xa8, 0xa0,
  0xc6, 0x7d, 0x32, 0xa4, 0x60, 0x31, 0xe0, 0xdf, 0x47, 0xc4, 0x0d, 0x50, 0x29, 0x99, 0x74, 0xb2,
  0xcc, 0x3d, 0xb5, 0xab, 0x54, 0x36, 0xee, 0xef, 0x7f, 0xfb, 0x5d, 0xb7, 0x16, 0x34, 0xed, 0x42,
  0x8b, 0x37, 0xbe, 0xc6, 0x13, 0xca, 0xf8, 0xf8, 0x49, 0x6f, 0xe7, 0x7c, 0x57, 0x5e, 0xd1, 0xe4,
  0x78, 0x76, 0xf9, 0x6e, 0x3d, 0x91, 0xa9, 0x45, 0x35, 0x56, 0x5e, 0x72, 0x24, 0xdd, 0x82, 0x9f,
  0x5a, 0xf1, 0xd2, 0xa5, 0xdb, 0xeb, 0xf4, 0x66, 0x86, 0xf6, 0xc3, 0x9f, 0x45, 0x22, 0x5c, 0x88,
  0x4d, 0x67, 0x0c, 0x08, 0x50, 0x1f, 0x0a, 0xe1, 0x64, 0x39, 0xfe, 0x6e, 0xdd, 0x18, 0xd8, 0x55,
  0xf4, 0x50, 0xd7, 0x36, 0x20, 0x33, 0x26, 0xff, 0x84, 0x3b, 0x5b, 0xa2, 0x04, 0x32, 0x90, 0x78,
  0xfb, 0x56, 0x33, 0x4d, 0x6d, 0x43, 0x82, 0x1f, 0x17, 0xea, 0x14, 0x74, 0xad, 0xca, 0x02, 0x63,
  0x89, 0x33, 0xb4, 0x22, 0x16, 0xcf, 0xc4, 0xfc, 0xad, 0x7c, 0x56, 0x68, 0xae, 0xe9, 0x8e, 0x06,
  0xe7, 0xa9, 0x6a, 0xd2, 0x50, 0x06, 0xf0, 0x9b, 0x52, 0x33, 0xb8, 0x8f, 0x73, 0x5a, 0xf0, 0xac,
  0xc9, 0x65, 0x21, 0x26, 0xde, 0x18, 0x7f, 0x28, 0x4b, 0x62, 0x1f, 0xaa, 0xf4, 0xc6, 0xeb, 0xea,
  0xde, 0x78, 0xdd, 0x4a, 0x1d, 0x51, 0x0a, 0x75, 0xe4, 0xe5, 0x04, 0x9b, 0x35, 0x8c, 0xb7, 0xd1,
  0xb0, 0x8f, 0xa6, 0x1c, 0x8a, 0x32, 0xcc, 0x92, 0x85, 0x3a, 0xf2, 0x95, 0x04, 0x1f, 0x1d, 0xc4,
  0xf2, 0xdc, 0xb4, 0x94, 0x62, 0x5d, 0x38, 0x4f, 0x2a, 0xc4, 0x43, 0xdc, 0x05, 0xb7, 0xe7, 0x28,
  0xe0, 0x35, 0x39, 0x85, 0x24, 0x24, 0xb8, 0x92, 0x94, 0x80, 0x9c, 0x17, 0xbe, 0xba, 0xd5, 0xd1,
  0xa3, 0xd9, 0x5e, 0x16, 0xb3, 0xab, 0x76, 0x3c, 0x57, 0xfe, 0x54, 0x53, 0x9d, 0x45, 0x21, 0x6d,
  0xe5, 0x6f, 0x34, 0xbd, 0xf2, 0x6f, 0x83, 0xfe, 0x07, 0x5d, 0xe2, 0x6a, 0x69, 0x2f, 0x24, 0x00,
  0x00,

};
static constexpr size_t SETUP_HTML_GZ_LEN = sizeof(SETUP_HTML_GZ);

const char MODBUS_MAP_HTML[] PROGMEM = R"rawliteral(<!doctype html>
<html lang="en">
<head>
<meta charset="utf-8">
<meta name="viewport" content="width=device-width,initial-scale=1">
<title>Modbus Map Editor</title>
<style>
:root{--bg:#09131c;--panel:#102433;--panel2:#0b1b26;--line:#2f6077;--ink:#edf5f8;--muted:#98b5c7;--ok:#8be08d;--err:#ff9b9b;--accent:#ff9f4d;--shadow:0 14px 32px rgba(0,0,0,.28)}
*{box-sizing:border-box}
body{margin:0;font-family:"Trebuchet MS","Gill Sans",sans-serif;background:radial-gradient(circle at top left,#1f4456 0,#09131c 48%),linear-gradient(150deg,#09131c,#153244 66%,#1d4255);color:var(--ink)}
.wrap{max-width:1100px;margin:0 auto;padding:20px}
h1{margin:0 0 6px;font-size:30px;letter-spacing:.04em}
.muted{color:var(--muted);margin:0 0 10px}
.panel{background:linear-gradient(180deg,rgba(255,255,255,.05),rgba(255,255,255,.02));border:1px solid rgba(255,255,255,.12);border-radius:16px;padding:14px;margin-bottom:14px;box-shadow:var(--shadow)}
.hidden{display:none}
.section-head{display:flex;justify-content:space-between;align-items:center;gap:10px;flex-wrap:wrap;margin-bottom:10px}
.section-head h3{margin:0;font-size:15px;letter-spacing:.08em;text-transform:uppercase;color:#dfeaf0}
.section-note{font-size:11px;color:var(--muted)}
.map-grid{display:grid;grid-template-columns:repeat(auto-fit,minmax(240px,1fr));gap:10px}
.map-card{background:var(--panel2);border:1px solid rgba(255,255,255,.09);border-radius:12px;padding:10px;display:grid;gap:8px}
.map-title{display:flex;align-items:center;justify-content:space-between;font-size:12px;color:#dce8ee;text-transform:uppercase;letter-spacing:.08em}
.chip{padding:4px 8px;border-radius:999px;background:#173243;border:1px solid rgba(255,255,255,.12);font-size:11px;color:#d5e8f1}
label{display:block;font-size:11px;color:var(--muted);letter-spacing:.06em;text-transform:uppercase}
input[type="number"]{width:100%;padding:10px 11px;border-radius:10px;border:1px solid var(--line);background:#0a151d;color:var(--ink);min-height:40px}
.word-toggle{display:flex;align-items:center;justify-content:space-between;gap:10px;padding:8px 10px;border:1px solid var(--line);border-radius:10px;background:#0a151d}
.word-toggle span{font-size:12px;color:#d7e7ef}
.word-toggle small{display:block;color:var(--muted);font-size:10px}
.switch{position:relative;width:42px;height:24px;display:inline-block;flex:0 0 auto}
.switch input{opacity:0;width:0;height:0;position:absolute}
.slider{position:absolute;inset:0;background:#2c4553;border-radius:999px;border:1px solid rgba(255,255,255,.18);transition:all .2s ease}
.slider:before{content:"";position:absolute;width:18px;height:18px;left:2px;top:2px;border-radius:50%;background:#dbe7ed;transition:all .2s ease}
.switch input:checked+.slider{background:linear-gradient(135deg,#0f9f88,#14c7aa)}
.switch input:checked+.slider:before{transform:translateX(18px);background:#ffffff}
.actions{display:flex;flex-wrap:wrap;gap:10px;margin-top:12px}
button,a{padding:10px 14px;border-radius:10px;border:1px solid var(--line);background:#0a151d;color:var(--ink);text-decoration:none;cursor:pointer;min-height:42px}
button.primary{background:linear-gradient(135deg,var(--accent),#ffc178);color:#26160a;border:none;font-weight:700}
#status{margin-top:10px;padding:10px;border-radius:10px;background:#0a151d;border:1px solid var(--line);white-space:pre-wrap}
.ok{color:var(--ok)}
.err{color:var(--err)}
@media (max-width:760px){.wrap{padding:12px}.actions{flex-direction:column}.actions button,.actions a{width:100%}}
</style>
</head>
<body>
<div class="wrap">
  <h1>Modbus Map Editor</h1>
  <p class="muted">Editor responsive para direccion y formato por canal (1 o 2 registros).</p>
  <p class="muted" id="mode-note">Modo actual: --</p>

  <div class="panel" id="panel-publish">
    <div class="section-head">
      <h3>Temperatura (publicacion)</h3>
      <div class="section-note">Direcciones usadas para publicar en local/cloud.</div>
    </div>
    <div class="map-grid" id="temp-grid"></div>
    <div class="section-head" style="margin-top:12px">
      <h3>Humedad (publicacion)</h3>
      <div class="section-note">Configura H1-H2 segun tus registros remotos.</div>
    </div>
    <div class="map-grid" id="hum-grid"></div>
  </div>

  <div class="panel" id="panel-hybrid-source">
    <div class="section-head">
      <h3>Temperatura (mirror/hybrid source)</h3>
      <div class="section-note">Origen remoto usado por modo Hybrid.</div>
    </div>
    <div class="map-grid" id="temp-mirror-grid"></div>
    <div class="section-head" style="margin-top:12px">
      <h3>Humedad (mirror/hybrid source)</h3>
      <div class="section-note">Mirror source para H1-H2.</div>
    </div>
    <div class="map-grid" id="hum-mirror-grid"></div>
  </div>

  <div class="actions">
    <button class="primary" id="save">Guardar mapeo</button>
    <button id="reload">Recargar</button>
    <a href="/app">Volver a /app</a>
  </div>

  <div id="status">Cargando...</div>
</div>

<script>
const SPECS=[
  {key:'modbusTempRegisters',wordsKey:'modbusTempRegisterWords',count:4,prefix:'T',host:'temp-grid'},
  {key:'modbusHumRegisters',wordsKey:'modbusHumRegisterWords',count:2,prefix:'H',host:'hum-grid'},
  {key:'modbusMirrorTempRegisters',wordsKey:'modbusMirrorTempRegisterWords',count:4,prefix:'T',host:'temp-mirror-grid'},
  {key:'modbusMirrorHumRegisters',wordsKey:'modbusMirrorHumRegisterWords',count:2,prefix:'H',host:'hum-mirror-grid'}
];

let cfg={};
function el(id){return document.getElementById(id)}
function setStatus(text,kind){const n=el('status');n.textContent=text;n.className=kind||''}
function toInt(v,fallback=0){const n=Number(v);return Number.isFinite(n)?Math.trunc(n):fallback}
function clamp(v,min,max){return Math.max(min,Math.min(max,v))}

function modbusModeLabel(mode){
  if(mode===3)return 'TCP to RTU';
  if(mode===4)return 'Slave to Me';
  if(mode===5)return 'Slave to Me Hybrid TCP';
  if(mode===1)return 'RTU Server';
  if(mode===2)return 'TCP Server';
  return 'Off';
}

function applyModeVisibility(){
  const mode=toInt(cfg.modbusMode,0);
  const publishPanel=el('panel-publish');
  const hybridPanel=el('panel-hybrid-source');
  const modeNote=el('mode-note');
  if(modeNote){
    modeNote.textContent=`Modo actual: ${modbusModeLabel(mode)} (mode=${mode})`;
  }

  const isTcpRtu=mode===3;
  const isSlaveToMe=mode===4;
  const isHybrid=mode===5;

  if(publishPanel){
    publishPanel.classList.toggle('hidden',!(isTcpRtu||isSlaveToMe||isHybrid));
  }
  if(hybridPanel){
    hybridPanel.classList.toggle('hidden',!isHybrid);
  }

  if(modeNote){
    if(isHybrid){
      modeNote.textContent+=' | En Hybrid, el origen remoto usa bloques mirror/hybrid source.';
    }else if(isTcpRtu||isSlaveToMe){
      modeNote.textContent+=' | En este modo, el origen remoto usa bloques de publicacion.';
    }else{
      modeNote.textContent+=' | Este editor aplica principalmente a TCP-RTU (3), Slave to Me (4) y Hybrid (5).';
    }
  }
}

function renderCard(spec,index,addrValue,twoRegs){
  const card=document.createElement('div');
  card.className='map-card';

  const title=document.createElement('div');
  title.className='map-title';
  title.innerHTML=`<span>Canal ${spec.prefix}${index+1}</span><span class="chip">${spec.prefix}${index+1}</span>`;

  const addrWrap=document.createElement('div');
  const addrLabel=document.createElement('label');
  addrLabel.textContent='Direccion Modbus';
  const addr=document.createElement('input');
  addr.id=`${spec.key}-${index}-addr`;
  addr.type='number';
  addr.step='1';
  addr.min='0';
  addr.max='65535';
  addr.value=clamp(toInt(addrValue,0),0,65535);
  addrWrap.append(addrLabel,addr);

  const toggle=document.createElement('label');
  toggle.className='word-toggle';
  const text=document.createElement('span');
  text.innerHTML='2 registros (32-bit)<small>Activa para int32/float en 2 words</small>';
  const switchWrap=document.createElement('span');
  switchWrap.className='switch';
  const chk=document.createElement('input');
  chk.id=`${spec.key}-${index}-w2`;
  chk.type='checkbox';
  chk.checked=Boolean(twoRegs);
  const slider=document.createElement('span');
  slider.className='slider';
  switchWrap.append(chk,slider);
  toggle.append(text,switchWrap);

  card.append(title,addrWrap,toggle);
  return card;
}

function render(){
  SPECS.forEach(spec=>{
    const host=el(spec.host);
    host.innerHTML='';
    const regs=Array.isArray(cfg[spec.key])?cfg[spec.key]:[];
    const words=Array.isArray(cfg[spec.wordsKey])?cfg[spec.wordsKey]:[];
    for(let i=0;i<spec.count;i++){
      const addr=regs[i]??0;
      const twoRegs=toInt(words[i]??1,1)>1;
      host.appendChild(renderCard(spec,i,addr,twoRegs));
    }
  });
  applyModeVisibility();
}

function collectPayload(){
  const payload={};
  SPECS.forEach(spec=>{
    const regs=[];
    const words=[];
    for(let i=0;i<spec.count;i++){
      const addrNode=el(`${spec.key}-${i}-addr`);
      const twoRegsNode=el(`${spec.key}-${i}-w2`);
      regs.push(clamp(toInt(addrNode?addrNode.value:0,0),0,65535));
      words.push(twoRegsNode&&twoRegsNode.checked?2:1);
    }
    payload[spec.key]=regs;
    payload[spec.wordsKey]=words;
  });
  return payload;
}

async function loadConfig(){
  const res=await fetch('/api/v1/config',{cache:'no-store'});
  if(!res.ok)throw new Error(await res.text()||res.statusText);
  cfg=await res.json();
  render();
  setStatus('Configuracion cargada.','ok');
}

async function save(){
  try{
    const payload=collectPayload();
    const res=await fetch('/api/v1/config',{method:'POST',headers:{'Content-Type':'application/json'},body:JSON.stringify(payload)});
    if(!res.ok)throw new Error(await res.text()||res.statusText);
    await loadConfig();
    setStatus('Mapeo guardado correctamente.','ok');
  }catch(error){
    setStatus('Error guardando: '+error.message,'err');
  }
}

el('save').onclick=()=>{void save()};
el('reload').onclick=()=>{void loadConfig()};
void loadConfig().catch(error=>setStatus('Error cargando: '+error.message,'err'));
</script>
</body>
</html>
)rawliteral";

const char CUSTOM_PROGRAM_HTML[] PROGMEM = R"rawliteral(<!doctype html>
<html lang="es">
<head>
<meta charset="utf-8">
<meta name="viewport" content="width=device-width,initial-scale=1">
<title>Custom WorkMode Program</title>
<style>
:root{--bg:#0d1822;--panel:#152738;--line:#32556f;--ink:#eef4f7;--muted:#9db4c2;--ok:#8be08d;--err:#ff9b9b;--warn:#ffd67a;--accent:#5ec7ff}
*{box-sizing:border-box}
body{margin:0;font-family:"Trebuchet MS","Gill Sans",sans-serif;background:linear-gradient(150deg,#08121a,#102331 58%,#193648);color:var(--ink)}
.wrap{max-width:1100px;margin:0 auto;padding:20px}
h1{margin:0 0 6px;font-size:28px}
.muted{color:var(--muted);margin:0 0 16px}
.panel{background:rgba(255,255,255,.03);border:1px solid rgba(255,255,255,.12);border-radius:14px;padding:14px;margin-bottom:14px}
.grid{display:grid;grid-template-columns:repeat(auto-fit,minmax(220px,1fr));gap:10px}
label{display:block;font-size:12px;color:var(--muted);margin-bottom:6px}
select,textarea{width:100%;padding:10px;border-radius:10px;border:1px solid var(--line);background:#0a151d;color:var(--ink)}
textarea{min-height:340px;font-family:Consolas,"Courier New",monospace;resize:vertical;line-height:1.35}
.actions{display:flex;flex-wrap:wrap;gap:10px;margin-top:12px}
button,a{padding:10px 14px;border-radius:10px;border:1px solid var(--line);background:#0a151d;color:var(--ink);text-decoration:none;cursor:pointer}
button.primary{background:linear-gradient(135deg,var(--accent),#a9ecff);color:#072432;border:none;font-weight:700}
#status{margin-top:10px;padding:10px;border-radius:10px;background:#0a151d;border:1px solid var(--line);white-space:pre-wrap}
.ok{color:var(--ok)}
.err{color:var(--err)}
.warn{color:var(--warn)}
.hint{font-size:12px;color:var(--muted);line-height:1.5}
.docs{display:grid;grid-template-columns:repeat(auto-fit,minmax(260px,1fr));gap:10px}
.doc{background:#0a151d;border:1px solid var(--line);border-radius:10px;padding:10px}
.doc h3{margin:0 0 8px;font-size:14px}
.doc ul{margin:0;padding-left:18px}
.doc li{margin:4px 0;color:var(--muted);font-size:12px;line-height:1.45}
.mono{font-family:Consolas,"Courier New",monospace;color:var(--ink)}
.code{display:block;margin-top:8px;padding:8px;border-radius:8px;background:#081019;border:1px solid #27455d;white-space:pre-wrap;font-family:Consolas,"Courier New",monospace;font-size:12px;color:#d8ecf7}
@media (max-width:700px){.wrap{padding:12px}.actions{flex-direction:column}.actions button,.actions a{width:100%}}
</style>
</head>
<body>
<div class="wrap">
  <h1>Programa Custom (WORK_CUSTOM)</h1>
  <p class="muted">Editor de reglas y secuencias. La documentacion completa ahora vive en una pagina separada para mantener este editor limpio.</p>

  <div class="panel">
    <div class="grid">
      <div>
        <label for="workMode">Modo de trabajo</label>
        <select id="workMode">
          <option value="0">Desactivado</option>
          <option value="1">Termostato</option>
          <option value="2">Pushbutton</option>
          <option value="3">Manual</option>
          <option value="4">Custom</option>
        </select>
      </div>
      <div>
        <label>Estado compilacion</label>
        <div id="compile-status" class="hint">--</div>
      </div>
    </div>
    <div class="actions">
      <button class="primary" id="save">Guardar programa</button>
      <button id="reload">Recargar</button>
      <select id="example-picker">
        <option value="">Galeria de ejemplos</option>
        <option value="garage">Puerta de garaje</option>
        <option value="windows-heat">Cerrar ventanas si hace calor</option>
        <option value="hood-double">Campana doble exacta</option>
        <option value="irrigation">Riego automatico</option>
        <option value="lights-button">Luces con pulsador</option>
        <option value="onboot-stagger">ONBOOT escalonado (nuevo)</option>
        <option value="full-reference">Ejemplo completo de referencia</option>
        <option value="marmita-cool">Enfriamiento de marmita por fases</option>
        <option value="blink">Plantilla Blink</option>
        <option value="pasteurizer">Plantilla Pasteurizador</option>
        <option value="wash">Plantilla Lavado</option>
      </select>
      <button id="load-example">Cargar ejemplo</button>
      <button id="insert-example">Insertar ejemplo</button>
      <button id="pulse-vin1">Pulsar VIN1</button>
      <button id="pulse-vin2">Pulsar VIN2</button>
      <button id="pulse-vin3">Pulsar VIN3</button>
      <button id="pulse-vin4">Pulsar VIN4</button>
      <a href="/custom-program-guide">Guia completa</a>
      <a href="/app">Volver a /app</a>
    </div>
  </div>

  <div class="panel">
    <label for="program">Programa custom</label>
    <textarea id="program" spellcheck="false"></textarea>
    <p class="hint">
Legacy (compatible): SET, BLINK, TIMER, ONBOOT, ONCHANGE, PULSE, THERMOSTAT, IF, IFALL, IFANY.<br>
Secuencia PROGRAM (visual): START IN=IN1 o START VIN=VIN1, STEP REL=REL1 STATE=ON TIME=5000, WAIT TIME=2000, WAITUNTIL ..., LOOP ... ENDLOOP, SAFETY ... y END.<br>
Comparadores: == != &gt; &gt;= &lt; &lt;=.
    </p>
  </div>

  <div class="panel">
    <div class="docs">
      <div class="doc">
        <h3>Ejemplo visual rapido</h3>
        <span class="code">PROGRAM NAME=ARRANQUE_RAPIDO
START VIN=VIN1
STEP REL=REL1 STATE=ON TIME=5000
WAIT TIME=1000
STEP REL=REL1 STATE=OFF
SAFETY IN=IN4 ACTION=ALL_OFF
END</span>
      </div>
      <div class="doc">
        <h3>API y cloud para VIN</h3>
        <ul>
          <li><span class="mono">POST /api/v1/control</span> con <span class="mono">{"pulseVirtualInput":"VIN1"}</span>.</li>
          <li>En cloud: usar <span class="mono">desiredState.pulseVirtualInput</span> para pulsos.</li>
          <li><span class="mono">GET /api/v1/state</span> expone <span class="mono">virtualInputs</span> y estado de secuencia.</li>
        </ul>
      </div>
      <div class="doc">
        <h3>Documentacion completa</h3>
        <ul>
          <li>Comandos legacy y secuencia PROGRAM, linea por linea.</li>
          <li>Ejemplos ONBOOT, MARMITA_COOL y payloads cloud.</li>
          <li>Prioridades de seguridad y reserva de reles.</li>
        </ul>
        <div class="actions" style="margin-top:10px">
          <a href="/custom-program-guide">Abrir /custom-program-guide</a>
        </div>
      </div>
    </div>
  </div>

  <div id="status">Cargando...</div>
</div>

<script>
let cfg={};
let state={};

function el(id){return document.getElementById(id)}
function setStatus(text,kind){const n=el('status');n.textContent=text;n.className=kind||''}
function toInt(v,fallback=0){const n=Number(v);return Number.isFinite(n)?Math.trunc(n):fallback}

const templates={
  garage:[
    '# Puerta de garaje',
    '# Pulsador en IN1 y motor en REL1',
    'SET REL1 OFF',
    'PULSE IN1 REL1 1200 1 300'
  ].join('\n'),
  'windows-heat':[
    '# Cerrar ventanas si hace calor',
    '# REL1 acciona cierre de ventana',
    'IF TEMP1 >= 30 THEN REL1 ON',
    'IF TEMP1 <= 27 THEN REL1 OFF'
  ].join('\n'),
  'hood-double':[
    '# Campana doble exacta',
    '# REL1 y REL2 activos solo con doble condicion',
    'IFALL TEMP1 >= 65 HUM1 >= 70 THEN REL1 ON',
    'IFALL TEMP1 >= 65 HUM1 >= 70 THEN REL2 ON',
    'IFANY TEMP1 < 63 HUM1 < 68 THEN REL1 OFF',
    'IFANY TEMP1 < 63 HUM1 < 68 THEN REL2 OFF'
  ].join('\n'),
  irrigation:[
    '# Riego automatico',
    '# IN1 habilita riego, REL1 bomba, REL2 valvula',
    'IF IN1 == ON THEN REL2 ON',
    'IF IN1 == OFF THEN REL2 OFF',
    'TIMER REL1 15000 120000',
    'IF IN1 == OFF THEN REL1 OFF'
  ].join('\n'),
  'lights-button':[
    '# Luces con pulsador',
    'ONCHANGE IN1 TOGGLE REL1',
    'ONCHANGE IN2 TOGGLE REL2'
  ].join('\n'),
  'onboot-stagger':[
    '# ONBOOT escalonado',
    '# Cada rele dispara una sola vez tras arranque',
    'ONBOOT REL1 10000 2000',
    'ONBOOT REL2 12000 2000',
    'ONBOOT REL3 14000 2000'
  ].join('\n'),
  'full-reference':[
    '# Ejemplo completo de referencia',
    'SET REL1 OFF',
    'BLINK REL2 500 500',
    'TIMER REL3 1200 1800',
    'ONBOOT REL1 10000 2000',
    'ONBOOT REL2 12000 2000',
    'ONBOOT REL3 14000 2000',
    'ONCHANGE IN1 TOGGLE REL1',
    'PULSE IN2 REL2 1000 2 300',
    'THERMOSTAT REL1 TEMP1 4.0 0.8 COOL',
    'IF TEMP1 >= 8 THEN REL4 ON',
    'IF HUM1 >= 80 THEN REL4 OFF',
    'IF IN3 == ON THEN REL3 OFF',
    'IFALL TEMP1 > 30 HUM1 > 70 THEN REL2 ON',
    'IFANY IN1 == ON IN2 == ON THEN REL2 OFF'
  ].join('\n'),
  'marmita-cool':[
    'PROGRAM NAME=MARMITA_COOL',
    'START IN=IN1',
    '',
    'SET REL=REL1 STATE=OFF',
    'SET REL=REL2 STATE=OFF',
    'SET REL=REL3 STATE=OFF',
    'SET REL=REL4 STATE=OFF',
    '',
    'LOOP MAX=8 UNTIL=TEMP1<=40.0 STABLE=30000',
    'STEP REL=REL1 STATE=ON TIME=30000',
    'STEP REL=REL2 STATE=ON TIME=45000',
    'WAIT TIME=300000',
    'ENDLOOP',
    '',
    'STEP REL=REL3 STATE=ON',
    'STEP REL=REL4 STATE=ON',
    'WAITUNTIL TEMP=TEMP1 OP=<= VALUE=10.0 STABLE=60000 MAX=3600000',
    'STEP REL=REL3 STATE=OFF',
    'STEP REL=REL4 STATE=OFF',
    '',
    'SAFETY IN=IN4 ACTION=ALL_OFF',
    'END'
  ].join('\n'),
  blink:[
    '# Blink simple',
    'BLINK REL1 500 500',
    'SET REL2 OFF',
    'SET REL3 OFF',
    'SET REL4 OFF'
  ].join('\n'),
  pasteurizer:[
    '# Pasteurizador basico',
    '# REL1: resistencia',
    '# REL2: bomba recirculacion',
    '# REL3: alarma alta',
    'THERMOSTAT REL1 TEMP1 72 1 HEAT',
    'SET REL2 ON',
    'IF TEMP1 >= 78 THEN REL3 ON',
    'IF TEMP1 <= 76 THEN REL3 OFF'
  ].join('\n'),
  wash:[
    '# Lavado CIP simple',
    '# REL1 bomba ciclica',
    '# REL2 valvula enjuague',
    'BLINK REL1 12000 8000',
    'IF TEMP1 >= 45 THEN REL2 ON',
    'IF TEMP1 <= 42 THEN REL2 OFF',
    'SET REL3 OFF',
    'SET REL4 OFF'
  ].join('\n')
};

function render(){
  el('workMode').value=String(toInt(cfg.workMode,1));
  el('program').value=typeof cfg.customProgram==='string'?cfg.customProgram:'';
  const valid=Boolean(state.customProgramValid);
  const count=toInt(state.customProgramRuleCount,0);
  const mode=String(state.customProgramMode||'rules');
  const error=state.customProgramError||'';
  const seqState=String(state.sequenceState||'IDLE');
  const seqStep=toInt(state.sequenceCurrentStep,0);
  const seqLoop=toInt(state.sequenceCurrentLoop,0);
  const seqErr=state.sequenceError||'';
  const seqErrLine=toInt(state.sequenceErrorLine,0);
  const node=el('compile-status');
  if(valid){
    let text='Valido ('+count+' reglas/pasos) | modo: '+mode;
    if(mode!=='rules'){
      text+=' | secuencia: '+seqState+' (step '+seqStep+', loop '+seqLoop+')';
    }
    if(seqErr){
      text+=' | sequenceError: '+seqErr+(seqErrLine?(' @L'+seqErrLine):'');
    }
    node.textContent=text;
    node.className='hint ok';
  }else if(error){
    node.textContent='Invalido: '+error+(seqErr?(' | sequenceError: '+seqErr):'');
    node.className='hint err';
  }else{
    node.textContent='Sin compilar';
    node.className='hint warn';
  }
}

function selectedExample(){
  const key=String(el('example-picker').value||'');
  if(!key || !templates[key]) return '';
  return templates[key];
}

function loadSelectedExample(){
  const text=selectedExample();
  if(!text){
    setStatus('Selecciona un ejemplo de la galeria.', 'warn');
    return;
  }
  el('program').value=text;
  setStatus('Ejemplo cargado en el editor.', 'ok');
}

function insertSelectedExample(){
  const text=selectedExample();
  if(!text){
    setStatus('Selecciona un ejemplo de la galeria.', 'warn');
    return;
  }
  const current=el('program').value;
  el('program').value=current?current+'\n\n'+text:text;
  setStatus('Ejemplo insertado en el editor.', 'ok');
}

async function pulseVirtualInput(label){
  try{
    const payload={pulseVirtualInput:label};
    const res=await fetch('/api/v1/control',{
      method:'POST',
      headers:{'Content-Type':'application/json'},
      body:JSON.stringify(payload)
    });
    if(!res.ok)throw new Error(await res.text()||res.statusText);
    await loadAll();
    setStatus('Pulso virtual enviado: '+label, 'ok');
  }catch(error){
    setStatus('Error pulsando '+label+': '+error.message, 'err');
  }
}

async function loadAll(){
  const [cfgRes,stateRes]=await Promise.all([
    fetch('/api/v1/config',{cache:'no-store'}),
    fetch('/api/v1/state',{cache:'no-store'})
  ]);
  if(!cfgRes.ok)throw new Error(await cfgRes.text()||cfgRes.statusText);
  if(!stateRes.ok)throw new Error(await stateRes.text()||stateRes.statusText);
  cfg=await cfgRes.json();
  state=await stateRes.json();
  render();
  setStatus('Configuracion custom cargada.', 'ok');
}

async function saveProgram(){
  try{
    const payload={
      workMode:toInt(el('workMode').value,1),
      customProgram:el('program').value
    };
    const res=await fetch('/api/v1/config',{
      method:'POST',
      headers:{'Content-Type':'application/json'},
      body:JSON.stringify(payload)
    });
    if(!res.ok)throw new Error(await res.text()||res.statusText);
    await loadAll();
    if(state.customProgramValid){
      setStatus('Programa guardado y validado. Modo actual: '+toInt(cfg.workMode,1), 'ok');
    }else{
      setStatus('Programa guardado pero invalido: '+(state.customProgramError||'sin detalle'), 'warn');
    }
  }catch(error){
    setStatus('Error guardando: '+error.message, 'err');
  }
}

el('save').onclick=()=>{void saveProgram()};
el('reload').onclick=()=>{void loadAll()};
el('load-example').onclick=loadSelectedExample;
el('insert-example').onclick=insertSelectedExample;
el('pulse-vin1').onclick=()=>{void pulseVirtualInput('VIN1')};
el('pulse-vin2').onclick=()=>{void pulseVirtualInput('VIN2')};
el('pulse-vin3').onclick=()=>{void pulseVirtualInput('VIN3')};
el('pulse-vin4').onclick=()=>{void pulseVirtualInput('VIN4')};
void loadAll().catch(error=>setStatus('Error cargando: '+error.message, 'err'));
</script>
</body>
</html>
)rawliteral";

const char CUSTOM_PROGRAM_GUIDE_HTML[] PROGMEM = R"rawliteral(<!doctype html>
<html lang="es">
<head>
<meta charset="utf-8">
<meta name="viewport" content="width=device-width,initial-scale=1">
<title>Guia Custom Program</title>
<style>
:root{--bg:#08131a;--panel:#102633;--ink:#eef4f7;--muted:#9bb5c7;--line:#2a5069;--accent:#4ec6ff;--ok:#87df8a;--warn:#ffd37a}
*{box-sizing:border-box}
body{margin:0;font-family:"Trebuchet MS","Gill Sans",sans-serif;background:radial-gradient(circle at 8% 0,#1b3e51 0,#08131a 45%),linear-gradient(145deg,#08131a,#122736 58%,#1a3443);color:var(--ink)}
.wrap{max-width:1180px;margin:0 auto;padding:20px}
.panel{background:rgba(255,255,255,.03);border:1px solid rgba(255,255,255,.12);border-radius:14px;padding:14px;margin-bottom:14px}
h1{margin:0 0 6px;font-size:30px}
h2{margin:0 0 10px;font-size:18px;letter-spacing:.03em}
h3{margin:0 0 8px;font-size:15px}
.muted{color:var(--muted);line-height:1.5}
.grid{display:grid;grid-template-columns:repeat(auto-fit,minmax(260px,1fr));gap:10px}
.actions{display:flex;flex-wrap:wrap;gap:10px;margin-top:10px}
a,button{padding:10px 14px;border-radius:10px;border:1px solid var(--line);background:#0a1a23;color:var(--ink);text-decoration:none}
a.primary{background:linear-gradient(135deg,var(--accent),#afe7ff);color:#072737;border:none;font-weight:700}
ul{margin:0;padding-left:18px}
li{margin:6px 0;color:var(--muted);line-height:1.45}
.code{margin:0;padding:10px;border-radius:10px;background:#07121a;border:1px solid #244a62;color:#d4ecf8;white-space:pre-wrap;font-family:Consolas,"Courier New",monospace;font-size:12px;line-height:1.35}
.kpi{display:flex;flex-wrap:wrap;gap:8px}
.badge{padding:6px 10px;border-radius:999px;border:1px solid var(--line);font-size:12px;background:#08161f;color:var(--muted)}
.table{display:grid;grid-template-columns:repeat(auto-fit,minmax(290px,1fr));gap:10px}
.block{background:#08161f;border:1px solid var(--line);border-radius:10px;padding:10px}
.block p{margin:0;color:var(--muted);line-height:1.45}
.toc a{display:block;margin:4px 0}
@media (max-width:760px){.wrap{padding:12px}.actions{flex-direction:column}a,button{width:100%}}
</style>
</head>
<body>
<div class="wrap">
  <h1>Guia completa de Custom Program</h1>
  <p class="muted">Pagina independiente de <span class="code" style="display:inline;padding:2px 6px">/custom-program</span> para documentar toda la sintaxis legacy y la nueva secuencia PROGRAM sin romper compatibilidad.</p>

  <div class="panel">
    <div class="actions">
      <a class="primary" href="/custom-program">Abrir editor /custom-program</a>
      <a href="/app">Volver a /app</a>
    </div>
    <div class="kpi" style="margin-top:10px">
      <span class="badge">Compatible: SET, BLINK, TIMER, ONBOOT, ONCHANGE, PULSE, THERMOSTAT, IF, IFALL, IFANY</span>
      <span class="badge">Nuevo: PROGRAM / STEP / WAIT / WAITUNTIL / LOOP / SAFETY</span>
      <span class="badge">VIN soportado: VIN1..VIN4</span>
    </div>
  </div>

  <div class="panel toc">
    <h2>Indice rapido</h2>
    <a href="#campos">1. Campos y operadores</a>
    <a href="#legacy">2. Comandos legacy (compatibles)</a>
    <a href="#sequence">3. Secuencia PROGRAM por pasos</a>
    <a href="#vin">4. Entradas virtuales VIN y disparo remoto</a>
    <a href="#api">5. API local y cloud</a>
    <a href="#state">6. Estado parser/secuencia (/api/v1/state)</a>
    <a href="#examples">7. Ejemplos listos para copiar</a>
  </div>

  <div class="panel" id="campos">
    <h2>1) Campos y operadores</h2>
    <div class="grid">
      <div class="block">
        <h3>Fuentes disponibles</h3>
        <ul>
          <li><span class="code" style="display:inline;padding:2px 6px">REL1..REL4</span>: salidas/reles.</li>
          <li><span class="code" style="display:inline;padding:2px 6px">IN1..IN4</span>: entradas digitales fisicas.</li>
          <li><span class="code" style="display:inline;padding:2px 6px">VIN1..VIN4</span>: entradas virtuales.</li>
          <li><span class="code" style="display:inline;padding:2px 6px">TEMP1..TEMP4</span>: temperatura.</li>
          <li><span class="code" style="display:inline;padding:2px 6px">HUM1..HUM2</span>: humedad.</li>
        </ul>
      </div>
      <div class="block">
        <h3>Comparadores y comentarios</h3>
        <ul>
          <li>Operadores: <span class="code" style="display:inline;padding:2px 6px">== != &gt; &gt;= &lt; &lt;=</span>.</li>
          <li>Comentarios por linea: <span class="code" style="display:inline;padding:2px 6px">// texto</span>.</li>
          <li>Comentarios inline: <span class="code" style="display:inline;padding:2px 6px"># texto</span>.</li>
          <li>No soporta expresiones libres <span class="code" style="display:inline;padding:2px 6px">+ - * / () ELSE</span>.</li>
        </ul>
      </div>
    </div>
  </div>

  <div class="panel" id="legacy">
    <h2>2) Comandos legacy (compatibles)</h2>
    <div class="table">
      <div class="block"><h3>SET</h3><p>Fija un rele.</p><pre class="code">SET REL1 ON
SET REL2 OFF</pre></div>
      <div class="block"><h3>BLINK</h3><p>Parpadeo continuo.</p><pre class="code">BLINK REL1 500 500</pre></div>
      <div class="block"><h3>TIMER</h3><p>Ciclo ON/OFF por tiempos.</p><pre class="code">TIMER REL2 15000 120000</pre></div>
      <div class="block"><h3>ONBOOT</h3><p>Pulso unico tras arranque.</p><pre class="code">ONBOOT REL1 10000 2000
ONBOOT REL2 12000 2000
ONBOOT REL3 14000 2000</pre></div>
      <div class="block"><h3>ONCHANGE</h3><p>Accion por cambio de entrada.</p><pre class="code">ONCHANGE IN1 TOGGLE REL1</pre></div>
      <div class="block"><h3>PULSE</h3><p>Serie de pulsos sobre rele.</p><pre class="code">PULSE IN2 REL2 1000 2 300</pre></div>
      <div class="block"><h3>THERMOSTAT</h3><p>Control con histeresis.</p><pre class="code">THERMOSTAT REL1 TEMP1 4.0 0.8 COOL</pre></div>
      <div class="block"><h3>IF / IFALL / IFANY</h3><p>Condiciones simples o dobles.</p><pre class="code">IF TEMP1 &gt;= 8 THEN REL4 ON
IFALL TEMP1 &gt; 30 HUM1 &gt; 70 THEN REL2 ON
IFANY IN1 == ON IN2 == ON THEN REL2 OFF</pre></div>
    </div>
  </div>

  <div class="panel" id="sequence">
    <h2>3) Secuencia PROGRAM por pasos</h2>
    <p class="muted">Sintaxis visual recomendada en formato clave=valor. El motor es no bloqueante (millis), con reserva de reles y prioridad de seguridad.</p>
    <div class="table">
      <div class="block"><h3>Inicio y fin</h3><pre class="code">PROGRAM NAME=MARMITA_COOL
START IN=IN1
...
END</pre></div>
      <div class="block"><h3>SET y STEP</h3><pre class="code">SET REL=REL1 STATE=OFF
STEP REL=REL1 STATE=ON TIME=5000
STEP REL=REL1 STATE=OFF</pre></div>
      <div class="block"><h3>WAIT y WAITUNTIL</h3><pre class="code">WAIT TIME=300000
WAITUNTIL TEMP=TEMP1 OP=&lt;= VALUE=10.0 STABLE=60000 MAX=3600000</pre></div>
      <div class="block"><h3>LOOP</h3><pre class="code">LOOP MAX=8 UNTIL=TEMP1&lt;=40.0 STABLE=30000
...
ENDLOOP</pre></div>
      <div class="block"><h3>SAFETY</h3><pre class="code">SAFETY IN=IN4 ACTION=ALL_OFF
SAFETY VIN=VIN2 ACTION=ALL_OFF</pre></div>
      <div class="block"><h3>Limites clave</h3><ul><li>Maximo 1 PROGRAM.</li><li>Maximo 1 LOOP, sin anidado.</li><li>Maximo 24 pasos ejecutables.</li><li>Tiempos 50..86400000 ms.</li><li>Reles usados quedan reservados mientras corre la secuencia.</li></ul></div>
    </div>
  </div>

  <div class="panel" id="vin">
    <h2>4) Entradas virtuales VIN</h2>
    <div class="grid">
      <div class="block">
        <h3>Arranque por VIN</h3>
        <pre class="code">PROGRAM NAME=VIN_START
START VIN=VIN1
STEP REL=REL1 STATE=ON TIME=1000
END</pre>
        <p>El arranque usa flanco ascendente OFF -&gt; ON, igual que IN fisica.</p>
      </div>
      <div class="block">
        <h3>Parada virtual opcional</h3>
        <pre class="code">SAFETY VIN=VIN2 ACTION=ALL_OFF</pre>
        <p>Sirve como paro remoto desde UI/cloud. Para emergencia real, usa tambien una entrada fisica cableada con SAFETY IN=INx.</p>
      </div>
    </div>
  </div>

  <div class="panel" id="api">
    <h2>5) API local y cloud</h2>
    <div class="table">
      <div class="block">
        <h3>API local</h3>
        <pre class="code">GET  /api/v1/config
POST /api/v1/config
POST /api/v1/control
GET  /api/v1/state</pre>
        <pre class="code">POST /api/v1/control
{
  "pulseVirtualInput": "VIN1"
}</pre>
      </div>
      <div class="block">
        <h3>Cloud desiredState recomendado</h3>
        <pre class="code">{
  "desiredState": {
    "pulseVirtualInput": "VIN1"
  }
}</pre>
        <pre class="code">{
  "desiredState": {
    "workMode": 4,
    "customProgram": "PROGRAM NAME=TEST\nSTART VIN=VIN1\nSTEP REL=REL1 STATE=ON TIME=1000\nEND"
  }
}</pre>
      </div>
    </div>
  </div>

  <div class="panel" id="state">
    <h2>6) Estado parser/secuencia en /api/v1/state</h2>
    <pre class="code">customProgramValid
customProgramRuleCount
customProgramError
customProgramMode
sequenceValid
sequenceRunning
sequenceName
sequenceState
sequenceCurrentStep
sequenceCurrentLoop
sequenceError
sequenceErrorLine
sequenceLastTemp
virtualInputs
sequenceUsedRelays
sequenceReservedRelays</pre>
    <p class="muted">Tambien se reporta hacia cloud en reportedState cuando el bridge IoT esta activo.</p>
  </div>

  <div class="panel" id="examples">
    <h2>7) Ejemplos listos para copiar</h2>
    <div class="table">
      <div class="block">
        <h3>A) ONBOOT escalonado</h3>
        <pre class="code">ONBOOT REL1 10000 2000
ONBOOT REL2 12000 2000
ONBOOT REL3 14000 2000</pre>
      </div>
      <div class="block">
        <h3>B) Secuencia minima con STEP visual</h3>
        <pre class="code">PROGRAM NAME=TEST
START VIN=VIN1
STEP REL=REL1 STATE=ON TIME=5000
STEP REL=REL1 STATE=OFF
END</pre>
      </div>
      <div class="block">
        <h3>C) Enfriamiento de marmita por fases</h3>
        <pre class="code">PROGRAM NAME=MARMITA_COOL
START IN=IN1

SET REL=REL1 STATE=OFF
SET REL=REL2 STATE=OFF
SET REL=REL3 STATE=OFF
SET REL=REL4 STATE=OFF

LOOP MAX=8 UNTIL=TEMP1&lt;=40.0 STABLE=30000
STEP REL=REL1 STATE=ON TIME=30000
STEP REL=REL2 STATE=ON TIME=45000
WAIT TIME=300000
ENDLOOP

STEP REL=REL3 STATE=ON
STEP REL=REL4 STATE=ON
WAITUNTIL TEMP=TEMP1 OP=&lt;= VALUE=10.0 STABLE=60000 MAX=3600000
STEP REL=REL3 STATE=OFF
STEP REL=REL4 STATE=OFF

SAFETY IN=IN4 ACTION=ALL_OFF
END</pre>
      </div>
    </div>
  </div>
</div>
</body>
</html>
)rawliteral";


void sendJsonStatus(int code, bool ok, const String& message) {
  StaticJsonDocument<256> doc;
  doc["ok"] = ok;
  doc["message"] = message;
  String out;
  serializeJson(doc, out);
  server.sendHeader("Cache-Control", "no-store");
  server.send(code, "application/json", out);
}

bool setupAccessAllowed() {
  return !hasStoredConfig() || runtimeData.apModeActive || !config().wifiSsid[0];
}

String buildNetworkJson() {
  StaticJsonDocument<1024> doc;
  doc["hostName"] = config().hostName;
  doc["adminUser"] = config().adminUser;
  doc["adminPass"] = config().adminPass;
  doc["wifiSsid"] = config().wifiSsid;
  doc["wifiPass"] = config().wifiPass;
  doc["apPassword"] = config().apPassword;
  doc["otaPassword"] = config().otaPassword;
  doc["wifiUseDhcp"] = config().wifiUseDhcp;
  doc["wifiStaticIp"] = config().wifiStaticIp;
  doc["wifiSubnetMask"] = config().wifiSubnetMask;
  doc["wifiGateway"] = config().wifiGateway;
  doc["wifiDns1"] = config().wifiDns1;
  doc["wifiDns2"] = config().wifiDns2;
  doc["wifiConnectTimeoutSec"] = config().wifiConnectTimeoutSec;
  doc["keepApEnabled"] = config().keepApEnabled;
  doc["enableOta"] = config().enableOta;
  doc["wifiConnected"] = runtimeData.wifiConnected;
  doc["apModeActive"] = runtimeData.apModeActive;
  doc["ipAddress"] = runtimeData.ipAddress;
  doc["connectedSsid"] = runtimeData.connectedSsid;
  doc["apSsid"] = runtimeData.apSsid;
  String out;
  serializeJson(doc, out);
  return out;
}

String buildWifiScanJson() {
  StaticJsonDocument<2048> doc;
  JsonArray networks = doc.createNestedArray("networks");
  const int found = WiFi.scanNetworks();
  for (int index = 0; index < found && index < 20; ++index) {
    JsonObject row = networks.createNestedObject();
    row["ssid"] = WiFi.SSID(index);
    row["rssi"] = WiFi.RSSI(index);
  }
  WiFi.scanDelete();
  String out;
  serializeJson(doc, out);
  return out;
}

class StringPrint : public Print {
 public:
  size_t write(uint8_t ch) override {
    buffer += static_cast<char>(ch);
    return 1;
  }

  size_t write(const uint8_t* data, size_t size) override {
    if (!data || !size) return 0;
    for (size_t index = 0; index < size; ++index) {
      buffer += static_cast<char>(data[index]);
    }
    return size;
  }

  String buffer;
};

#if defined(ARDUINO_ARCH_ESP32)
size_t countOtaAppPartitions() {
  size_t count = 0;
  for (esp_partition_iterator_t it = esp_partition_find(ESP_PARTITION_TYPE_APP, ESP_PARTITION_SUBTYPE_ANY, nullptr); it != nullptr; it = esp_partition_next(it)) {
    const esp_partition_t* partition = esp_partition_get(it);
    if (!partition) continue;
    if (partition->subtype >= ESP_PARTITION_SUBTYPE_APP_OTA_0 && partition->subtype < ESP_PARTITION_SUBTYPE_APP_OTA_MAX) ++count;
  }
  return count;
}

String httpOtaPreflightError(size_t firmwareSize) {
  const size_t otaPartitionCount = countOtaAppPartitions();
  if (otaPartitionCount < 2) {
    return "OTA unavailable: no free OTA slot. Flash by USB.";
  }
  const esp_partition_t* running = esp_ota_get_running_partition();
  const esp_partition_t* target = esp_ota_get_next_update_partition(nullptr);
  if (!target || (running && target->address == running->address)) {
    return "OTA unavailable: target slot error. Flash by USB.";
  }
  if (firmwareSize && firmwareSize > target->size) {
    String message = "OTA image too large for slot: ";
    message += static_cast<unsigned long>(firmwareSize);
    message += " > ";
    message += static_cast<unsigned long>(target->size);
    message += " bytes.";
    return message;
  }
  return String();
}
#else
String httpOtaPreflightError(size_t firmwareSize) {
  (void)firmwareSize;
  return String();
}
#endif

void clearHttpOtaState() {
  gHttpOtaStarted = false;
  gHttpOtaErrorMessage = String();
}

String otaUploadResultText() {
  if (gHttpOtaErrorMessage.length()) return gHttpOtaErrorMessage;
  StringPrint errors;
  Update.printError(errors);
  String message = errors.buffer;
  message.trim();
  if (!message.length()) message = "OTA upload failed";
  return message;
}

void sendCompressedHtml(const uint8_t* data, size_t length) {
  server.sendHeader("Content-Encoding", "gzip");
  server.send_P(200, "text/html", reinterpret_cast<PGM_P>(data), length);
}

bool sendHtmlFromFilesystem(const char* htmlPath) {
  if (!htmlPath || !htmlPath[0]) return false;

  File htmlFile = APP_FILESYSTEM.open(htmlPath, "r");
  if (htmlFile) {
    const size_t htmlSize = static_cast<size_t>(htmlFile.size());
    if (htmlSize < 32U) {
      htmlFile.close();
      return false;
    }
    server.streamFile(htmlFile, "text/html");
    htmlFile.close();
    return true;
  }

  const String gzPath = String(htmlPath) + String(".gz");
  File gzFile = APP_FILESYSTEM.open(gzPath, "r");
  if (!gzFile) return false;
  const size_t gzSize = static_cast<size_t>(gzFile.size());
  if (gzSize < 32U) {
    gzFile.close();
    return false;
  }

  server.sendHeader("Content-Encoding", "gzip");
  server.streamFile(gzFile, "text/html");
  gzFile.close();
  return true;
}

}  // namespace

void registerWebRoutes() {
  server.on("/", HTTP_GET, []() {
    server.sendHeader("Cache-Control", "no-store");
    server.sendHeader("Location", setupAccessAllowed() ? "/setup" : "/app");
    server.send(302, "text/plain", "redirect");
  });

  server.on("/setup", HTTP_GET, []() {
    if (!setupAccessAllowed() && !ensureAdminAuthenticated()) return;
    server.sendHeader("Cache-Control", "no-store");
    if (!sendHtmlFromFilesystem(kFsSetupHtmlPath)) {
      sendCompressedHtml(SETUP_HTML_GZ, SETUP_HTML_GZ_LEN);
    }
  });

  server.on("/app", HTTP_GET, []() {
    if (!ensureAdminAuthenticated()) return;
    server.sendHeader("Cache-Control", "no-store");
    if (server.hasArg("page")) {
      const String page = server.arg("page");
      if (page == "modbus-map") {
        server.sendHeader("Location", "/app?page=modbus");
        server.send(302, "text/plain", "redirect");
        return;
      }
      if (page == "custom-program") {
        if (!sendHtmlFromFilesystem(kFsCustomProgramHtmlPath)) {
          server.send_P(200, "text/html", reinterpret_cast<PGM_P>(CUSTOM_PROGRAM_HTML));
        }
        return;
      }
      if (page == "custom-program-guide") {
        if (!sendHtmlFromFilesystem(kFsCustomProgramGuideHtmlPath)) {
          server.send_P(200, "text/html", reinterpret_cast<PGM_P>(CUSTOM_PROGRAM_GUIDE_HTML));
        }
        return;
      }
    }
    if (!sendHtmlFromFilesystem(kFsAppHtmlPath)) {
      sendCompressedHtml(APP_HTML_GZ, APP_HTML_GZ_LEN);
    }
  });

  server.on("/modbus-map", HTTP_GET, []() {
    if (!ensureAdminAuthenticated()) return;
    server.sendHeader("Cache-Control", "no-store");
    server.sendHeader("Location", "/app?page=modbus");
    server.send(302, "text/plain", "redirect");
  });

  server.on("/custom-program", HTTP_GET, []() {
    if (!ensureAdminAuthenticated()) return;
    server.sendHeader("Cache-Control", "no-store");
    if (!sendHtmlFromFilesystem(kFsCustomProgramHtmlPath)) {
      server.send_P(200, "text/html", reinterpret_cast<PGM_P>(CUSTOM_PROGRAM_HTML));
    }
  });

  server.on("/custom-program-guide", HTTP_GET, []() {
    if (!ensureAdminAuthenticated()) return;
    server.sendHeader("Cache-Control", "no-store");
    if (!sendHtmlFromFilesystem(kFsCustomProgramGuideHtmlPath)) {
      server.send_P(200, "text/html", reinterpret_cast<PGM_P>(CUSTOM_PROGRAM_GUIDE_HTML));
    }
  });

  server.on("/ota", HTTP_GET, []() {
    if (!ensureAdminAuthenticated()) return;
    server.sendHeader("Cache-Control", "no-store");
    if (!sendHtmlFromFilesystem(kFsOtaHtmlPath)) {
      sendCompressedHtml(OTA_HTML_GZ, OTA_HTML_GZ_LEN);
    }
  });

  server.on("/api/v1/network", HTTP_GET, []() {
    if (!setupAccessAllowed() && !ensureAdminAuthenticated()) return;
    server.sendHeader("Cache-Control", "no-store");
    server.send(200, "application/json", buildNetworkJson());
  });

  server.on("/api/v1/network", HTTP_POST, []() {
    if (!setupAccessAllowed() && !ensureAdminAuthenticated()) return;
    String error;
    if (updateConfigFromJson(server.arg("plain"), error)) sendJsonStatus(200, true, "network saved");
    else sendJsonStatus(400, false, error);
  });

  server.on("/api/v1/wifi-scan", HTTP_GET, []() {
    if (!setupAccessAllowed() && !ensureAdminAuthenticated()) return;
    server.sendHeader("Cache-Control", "no-store");
    server.send(200, "application/json", buildWifiScanJson());
  });

  server.on("/api/v1/ota", HTTP_POST, []() {
    if (!ensureAdminAuthenticated()) return;
    const bool success = gHttpOtaStarted && !Update.hasError() && !gHttpOtaErrorMessage.length();
    const String message = success ? String("OTA uploaded successfully. Reboot scheduled.") : otaUploadResultText();
    server.sendHeader("Cache-Control", "no-store");
    server.send(success ? 200 : 500, "text/plain", message);
    if (success) {
      addLog("HTTP OTA upload completed successfully");
      scheduleRestart("http ota", 1500U);
    } else {
      addLog("HTTP OTA upload failed: %s", message.c_str());
    }
    clearHttpOtaState();
  }, []() {
    HTTPUpload& upload = server.upload();
    switch (upload.status) {
      case UPLOAD_FILE_START:
        clearHttpOtaState();
        addLog("HTTP OTA upload started: %s", upload.filename.c_str());
        gHttpOtaErrorMessage = httpOtaPreflightError(upload.totalSize);
        if (gHttpOtaErrorMessage.length()) {
          addLog("HTTP OTA upload rejected: %s", gHttpOtaErrorMessage.c_str());
          break;
        }
        if (!Update.begin(upload.totalSize ? upload.totalSize : UPDATE_SIZE_UNKNOWN, U_FLASH)) {
          Update.printError(Serial);
          gHttpOtaErrorMessage = otaUploadResultText();
          addLog("HTTP OTA begin failed: %s", gHttpOtaErrorMessage.c_str());
        } else {
          gHttpOtaStarted = true;
        }
        break;
      case UPLOAD_FILE_WRITE:
        if (!gHttpOtaStarted) break;
        if (Update.write(upload.buf, upload.currentSize) != upload.currentSize) {
          Update.printError(Serial);
          gHttpOtaErrorMessage = otaUploadResultText();
          addLog("HTTP OTA write failed: %s", gHttpOtaErrorMessage.c_str());
        }
        break;
      case UPLOAD_FILE_END:
        if (!gHttpOtaStarted) break;
        if (!Update.end(true)) {
          Update.printError(Serial);
          gHttpOtaErrorMessage = otaUploadResultText();
          addLog("HTTP OTA end failed: %s", gHttpOtaErrorMessage.c_str());
        }
        break;
      case UPLOAD_FILE_ABORTED:
        if (gHttpOtaStarted) Update.abort();
        gHttpOtaErrorMessage = "OTA upload aborted";
        addLog("HTTP OTA upload aborted");
        break;
      default:
        break;
    }
    yield();
  });

  server.on("/api/v1/state", HTTP_GET, []() {
    if (!ensureAdminAuthenticated()) return;
    server.sendHeader("Cache-Control", "no-store");
    server.send(200, "application/json", buildStateJson());
  });

  server.on("/api/v1/logs", HTTP_GET, []() {
    if (!ensureAdminAuthenticated()) return;
    server.sendHeader("Cache-Control", "no-store");
    server.send(200, "text/plain", buildLogsText());
  });

  server.on("/api/v1/config", HTTP_GET, []() {
    if (!ensureAdminAuthenticated()) return;
    server.sendHeader("Cache-Control", "no-store");
    server.send(200, "application/json", buildConfigJson());
  });

  server.on("/api/v1/config", HTTP_POST, []() {
    if (!ensureAdminAuthenticated()) return;
    String error;
    if (updateConfigFromJson(server.arg("plain"), error)) sendJsonStatus(200, true, "configuration saved");
    else sendJsonStatus(400, false, error);
  });

  server.on("/api/v1/control", HTTP_POST, []() {
    if (!ensureAdminAuthenticated()) return;
    String error;
    if (handleControlJson(server.arg("plain"), error)) sendJsonStatus(200, true, "control applied");
    else sendJsonStatus(400, false, error);
  });

  server.on("/api/v1/reboot", HTTP_POST, []() {
    if (!ensureAdminAuthenticated()) return;
    scheduleRestart("api reboot", 1000U);
    sendJsonStatus(200, true, "reboot scheduled");
  });

  server.on("/api/v1/factory-reset", HTTP_POST, []() {
    if (!ensureAdminAuthenticated()) return;
    factoryResetAndRestart();
    sendJsonStatus(200, true, "factory reset scheduled");
  });

  server.onNotFound([]() {
    server.sendHeader("Location", setupAccessAllowed() ? "/setup" : "/app");
    server.send(302, "text/plain", "redirect");
  });
}

}  // namespace industrial_v2







